{"type": "FeatureCollection", "features": [{"type": "Feature", "properties": {"h3_index": "874468000ffffff", "total_count": 4, "source": "inaturalist"}, "geometry": {"type": "Polygon", "coordinates": [[[-94.87079357522283, 30.762063063812253], [-94.86110825320657, 30.77237020657943], [-94.8666476348784, 30.785049215173192], [-94.88187558633898, 30.787421252620884], [-94.89156162016278, 30.77711288497587], [-94.88601899131325, 30.764433704948022], [-94.87079357522283, 30.762063063812253]]]}}, {"type": "Feature", "properties": {"h3_index": "874468013ffffff", "total_count": 7, "source": "inaturalist"}, "geometry": {"type": "Polygon", "coordinates": [[[-94.79606897029143, 30.785844652089875], [-94.78637969610476, 30.79614213709823], [-94.79190932462497, 30.80882061736005], [-94.80713148090706, 30.81120179124938], [-94.81682147771161, 30.800903083031212], [-94.81128859620827, 30.788224424320713], [-94.79606897029143, 30.785844652089875]]]}}, {"type": "Feature", "properties": {"h3_index": "874468014ffffff", "total_count": 2, "source": "inaturalist"}, "geometry": {"type": "Polygon", "coordinates": [[[-94.80438363647174, 30.739884949220656], [-94.79469843235616, 30.75018642477643], [-94.80022707396918, 30.762866093603975], [-94.81544417019049, 30.76524446395819], [-94.82513009518105, 30.75494176320376], [-94.81959820366706, 30.742261917481002], [-94.80438363647174, 30.739884949220656]]]}}, {"type": "Feature", "properties": {"h3_index": "874468019ffffff", "total_count": 3, "source": "inaturalist"}, "geometry": {"type": "Polygon", "coordinates": [[[-94.85835113769386, 30.8310137389731], [-94.84865970385215, 30.841314892305732], [-94.85420057922698, 30.853992096777088], [-94.86943614084284, 30.856368321860263], [-94.87912828909582, 30.84606594662422], [-94.87358416191701, 30.83338856839537], [-94.85835113769386, 30.8310137389731]]]}}, {"type": "Feature", "properties": {"h3_index": "874468020ffffff", "total_count": 67, "source": "inaturalist"}, "geometry": {"type": "Polygon", "coordinates": [[[-94.90398111693773, 30.708136538595156], [-94.89430119085048, 30.718450866658912], [-94.8998428204695, 30.731131229033885], [-94.9150676189274, 30.733497431070862], [-94.9247482514884, 30.723181875593454], [-94.91920337971308, 30.710501345679745], [-94.90398111693773, 30.708136538595156]]]}}, {"type": "Feature", "properties": {"h3_index": "874468021ffffff", "total_count": 2, "source": "inaturalist"}, "geometry": {"type": "Polygon", "coordinates": [[[-94.9247482514884, 30.723181875593454], [-94.9150676189274, 30.733497431070862], [-94.92061299189109, 30.74617737247652], [-94.93584223976114, 30.748541924570088], [-94.9455235760548, 30.738225142122744], [-94.93997496134216, 30.72554503473872], [-94.9247482514884, 30.723181875593454]]]}}, {"type": "Feature", "properties": {"h3_index": "874468025ffffff", "total_count": 8, "source": "inaturalist"}, "geometry": {"type": "Polygon", "coordinates": [[[-94.92888197698467, 30.70018380952536], [-94.91920337971308, 30.710501345679745], [-94.9247482514884, 30.723181875593454], [-94.93997496134216, 30.72554503473872], [-94.94965426148455, 30.71522627062256], [-94.94410614949862, 30.702545575509873], [-94.92888197698467, 30.70018380952536]]]}}, {"type": "Feature", "properties": {"h3_index": "874468036ffffff", "total_count": 1, "source": "inaturalist"}, "geometry": {"type": "Polygon", "coordinates": [[[-94.81269214120252, 30.69391493205899], [-94.80301100419486, 30.704220383947725], [-94.80853865861204, 30.71690122626304], [-94.82375069745078, 30.719276792213154], [-94.83343255359365, 30.708970113134967], [-94.82790165235394, 30.696289095483415], [-94.81269214120252, 30.69391493205899]]]}}, {"type": "Feature", "properties": {"h3_index": "874468040ffffff", "total_count": 4, "source": "inaturalist"}, "geometry": {"type": "Polygon", "coordinates": [[[-95.01634211119921, 30.867367895622287], [-95.00665186421647, 30.877683603274495], [-95.01221749510829, 30.890359538354115], [-95.02747661786822, 30.892719926447363], [-95.03716755739266, 30.882402997009795], [-95.0315986822179, 30.869726901450854], [-95.01634211119921, 30.867367895622287]]]}}, {"type": "Feature", "properties": {"h3_index": "874468041ffffff", "total_count": 8, "source": "inaturalist"}, "geometry": {"type": "Polygon", "coordinates": [[[-95.03716755739266, 30.882402997009795], [-95.02747661786822, 30.892719926447363], [-95.03304600288949, 30.905395404207116], [-95.04830957189283, 30.907754111626804], [-95.05800120119079, 30.89743596084819], [-95.05242857231542, 30.884760324177353], [-95.03716755739266, 30.882402997009795]]]}}, {"type": "Feature", "properties": {"h3_index": "874468042ffffff", "total_count": 5, "source": "inaturalist"}, "geometry": {"type": "Polygon", "coordinates": [[[-94.99139718941294, 30.875321538628835], [-94.98170559601742, 30.885634025189166], [-94.98726798065728, 30.89830979745207], [-95.00252520554616, 30.90067324615792], [-95.01221749510829, 30.890359538354115], [-95.00665186421647, 30.877683603274495], [-94.99139718941294, 30.875321538628835]]]}}, {"type": "Feature", "properties": {"h3_index": "874468043ffffff", "total_count": 6, "source": "inaturalist"}, "geometry": {"type": "Polygon", "coordinates": [[[-95.01221749510829, 30.890359538354115], [-95.00252520554616, 30.90067324615792], [-95.00809134474, 30.913348562669384], [-95.02335301992603, 30.91571033281181], [-95.03304600288949, 30.905395404207116], [-95.02747661786822, 30.892719926447363], [-95.01221749510829, 30.890359538354115]]]}}, {"type": "Feature", "properties": {"h3_index": "874468044ffffff", "total_count": 4, "source": "inaturalist"}, "geometry": {"type": "Polygon", "coordinates": [[[-95.02046519382563, 30.844373641790888], [-95.01077698867388, 30.85469134574004], [-95.01634211119921, 30.867367895622287], [-95.0315986822179, 30.869726901450854], [-95.0412875790525, 30.859407974731347], [-95.03571921378779, 30.846731265140143], [-95.02046519382563, 30.844373641790888]]]}}, {"type": "Feature", "properties": {"h3_index": "874468045ffffff", "total_count": 1, "source": "inaturalist"}, "geometry": {"type": "Polygon", "coordinates": [[[-95.0412875790525, 30.859407974731347], [-95.0315986822179, 30.869726901450854], [-95.03716755739266, 30.882402997009795], [-95.05242857231542, 30.884760324177353], [-95.06211815806576, 30.874440175132868], [-95.05654604058093, 30.86176392143224], [-95.0412875790525, 30.859407974731347]]]}}, {"type": "Feature", "properties": {"h3_index": "874468046ffffff", "total_count": 1, "source": "inaturalist"}, "geometry": {"type": "Polygon", "coordinates": [[[-94.99552486327237, 30.85233066537017], [-94.98583531159551, 30.862645150793345], [-94.99139718941294, 30.875321538628835], [-95.00665186421647, 30.877683603274495], [-95.01634211119921, 30.867367895622287], [-95.01077698867388, 30.85469134574004], [-94.99552486327237, 30.85233066537017]]]}}, {"type": "Feature", "properties": {"h3_index": "87446804cffffff", "total_count": 1, "source": "inaturalist"}, "geometry": {"type": "Polygon", "coordinates": [[[-95.05800120119079, 30.89743596084819], [-95.04830957189283, 30.907754111626804], [-95.05388271209597, 30.92042912750151], [-95.06915072562317, 30.922786150125937], [-95.07884304192253, 30.912466778451194], [-95.07326665829791, 30.89979160523448], [-95.05800120119079, 30.89743596084819]]]}}, {"type": "Feature", "properties": {"h3_index": "87446805affffff", "total_count": 4, "source": "inaturalist"}, "geometry": {"type": "Polygon", "coordinates": [[[-94.95818368669418, 30.92923601808065], [-94.9484866651717, 30.939541268040724], [-94.95404681195099, 30.95221563117907], [-94.96930723216278, 30.954584911232775], [-94.97900495520334, 30.944278442544082], [-94.97344155711504, 30.93160391271687], [-94.95818368669418, 30.92923601808065]]]}}, {"type": "Feature", "properties": {"h3_index": "874468063ffffff", "total_count": 5, "source": "inaturalist"}, "geometry": {"type": "Polygon", "coordinates": [[[-95.04540606868137, 30.83641034469246], [-95.03571921378779, 30.846731265140143], [-95.0412875790525, 30.859407974731347], [-95.05654604058093, 30.86176392143224], [-95.06623358353328, 30.851441777675134], [-95.06066197750155, 30.838764910713024], [-95.04540606868137, 30.83641034469246]]]}}, {"type": "Feature", "properties": {"h3_index": "874468064ffffff", "total_count": 1, "source": "inaturalist"}, "geometry": {"type": "Polygon", "coordinates": [[[-95.05363845509304, 30.79040729064046], [-95.04395568183635, 30.800732187871755], [-95.04952302709111, 30.81341011421871], [-95.06477638388901, 30.815763299346123], [-95.07445984349287, 30.805437176835014], [-95.06888926055443, 30.792759094662802], [-95.05363845509304, 30.79040729064046]]]}}, {"type": "Feature", "properties": {"h3_index": "87446806affffff", "total_count": 1, "source": "inaturalist"}, "geometry": {"type": "Polygon", "coordinates": [[[-95.06211815806576, 30.874440175132868], [-95.05242857231542, 30.884760324177353], [-95.05800120119079, 30.89743596084819], [-95.07326665829791, 30.89979160523448], [-95.08295693019295, 30.88947023431102], [-95.07738105944061, 30.876794441066597], [-95.06211815806576, 30.874440175132868]]]}}, {"type": "Feature", "properties": {"h3_index": "874468080ffffff", "total_count": 16, "source": "inaturalist"}, "geometry": {"type": "Polygon", "coordinates": [[[-94.69644499562173, 30.817465729063784], [-94.68675050412367, 30.827750309178693], [-94.69226710147491, 30.840428052271832], [-94.70748145158267, 30.84282140323515], [-94.71717668009713, 30.8325356021659], [-94.71165682207588, 30.81985767127506], [-94.69644499562173, 30.817465729063784]]]}}, {"type": "Feature", "properties": {"h3_index": "874468089ffffff", "total_count": 6, "source": "inaturalist"}, "geometry": {"type": "Polygon", "coordinates": [[[-94.75449590100936, 30.88563391445533], [-94.74479716838543, 30.8959201423806], [-94.75032550875952, 30.908596016464706], [-94.76555584343748, 30.91098584668578], [-94.77525530578342, 30.90069840008514], [-94.76972370432127, 30.888022342125947], [-94.75449590100936, 30.88563391445533]]]}}, {"type": "Feature", "properties": {"h3_index": "87446808cffffff", "total_count": 2, "source": "inaturalist"}, "geometry": {"type": "Polygon", "coordinates": [[[-94.73791659726753, 30.84760342426624], [-94.7282206344564, 30.857890445861667], [-94.73374473167405, 30.870567355491872], [-94.74896805221545, 30.872957428383987], [-94.75866474659944, 30.86266918669111], [-94.7531373894598, 30.849992092390817], [-94.73791659726753, 30.84760342426624]]]}}, {"type": "Feature", "properties": {"h3_index": "87446808effffff", "total_count": 4, "source": "inaturalist"}, "geometry": {"type": "Polygon", "coordinates": [[[-94.71300179831859, 30.855498731872203], [-94.70330453332112, 30.865782521162522], [-94.70882536869613, 30.878459243786317], [-94.72404673150096, 30.880852364313505], [-94.73374473167405, 30.870567355491872], [-94.7282206344564, 30.857890445861667], [-94.71300179831859, 30.855498731872203]]]}}, {"type": "Feature", "properties": {"h3_index": "874468090ffffff", "total_count": 4, "source": "inaturalist"}, "geometry": {"type": "Polygon", "coordinates": [[[-94.62592397664885, 30.818161036312414], [-94.61622764582782, 30.82843793188685], [-94.62173396709767, 30.841115699156397], [-94.63693988462417, 30.843516765072327], [-94.64663696236401, 30.833238649260554], [-94.64112737624404, 30.820560687957723], [-94.62592397664885, 30.818161036312414]]]}}, {"type": "Feature", "properties": {"h3_index": "874468099ffffff", "total_count": 6, "source": "inaturalist"}, "geometry": {"type": "Polygon", "coordinates": [[[-94.6839066670672, 30.886344849964647], [-94.67420606654007, 30.896623387126407], [-94.6797241251728, 30.909299309866743], [-94.69494605022722, 30.911696885745364], [-94.70464739041326, 30.901417130615602], [-94.69912606647493, 30.888741017762527], [-94.6839066670672, 30.886344849964647]]]}}, {"type": "Feature", "properties": {"h3_index": "87446809cffffff", "total_count": 2, "source": "inaturalist"}, "geometry": {"type": "Polygon", "coordinates": [[[-94.66735818994738, 30.848314227270272], [-94.65766036799859, 30.858593562895187], [-94.66317418839347, 30.871270512054537], [-94.67838909545165, 30.8736683166833], [-94.68808765889557, 30.863387761670033], [-94.6825705743739, 30.850710621603763], [-94.66735818994738, 30.848314227270272]]]}}, {"type": "Feature", "properties": {"h3_index": "87446809effffff", "total_count": 1, "source": "inaturalist"}, "geometry": {"type": "Polygon", "coordinates": [[[-94.64244995490299, 30.85619412556064], [-94.6327508418463, 30.866470225514004], [-94.63826139620575, 30.879146981430534], [-94.65347433024412, 30.881547830823962], [-94.66317418839347, 30.871270512054537], [-94.65766036799859, 30.858593562895187], [-94.64244995490299, 30.85619412556064]]]}}, {"type": "Feature", "properties": {"h3_index": "8744680a3ffffff", "total_count": 1, "source": "inaturalist"}, "geometry": {"type": "Polygon", "coordinates": [[[-94.72552180338606, 30.78660151857163], [-94.71583064561662, 30.796891332581726], [-94.7213500148478, 30.809569861964942], [-94.73656379964878, 30.811958762211443], [-94.74625568995928, 30.801667725683913], [-94.74073306351694, 30.78898901161467], [-94.72552180338606, 30.78660151857163]]]}}, {"type": "Feature", "properties": {"h3_index": "8744680aaffffff", "total_count": 4, "source": "inaturalist"}, "geometry": {"type": "Polygon", "coordinates": [[[-94.74208691642409, 30.824636878563165], [-94.7323929902337, 30.834925909394855], [-94.73791659726753, 30.84760342426624], [-94.7531373894598, 30.849992092390817], [-94.7628320463459, 30.83970184046738], [-94.75730518093444, 30.827024141698384], [-94.74208691642409, 30.824636878563165]]]}}, {"type": "Feature", "properties": {"h3_index": "8744680d2ffffff", "total_count": 3, "source": "inaturalist"}, "geometry": {"type": "Polygon", "coordinates": [[[-94.74615356903325, 30.931555485428806], [-94.73645075770206, 30.941837675219222], [-94.74198008101337, 30.954512314062022], [-94.75721548043057, 30.95690494871259], [-94.76691902324, 30.946621542230726], [-94.76138643574626, 30.93394671797682], [-94.74615356903325, 30.931555485428806]]]}}, {"type": "Feature", "properties": {"h3_index": "8744680d6ffffff", "total_count": 4, "source": "inaturalist"}, "geometry": {"type": "Polygon", "coordinates": [[[-94.75032550875952, 30.908596016464706], [-94.74062473715331, 30.91888022708821], [-94.74615356903325, 30.931555485428806], [-94.76138643574626, 30.93394671797682], [-94.77108793795222, 30.92366128967017], [-94.76555584343748, 30.91098584668578], [-94.75032550875952, 30.908596016464706]]]}}, {"type": "Feature", "properties": {"h3_index": "8744680d8ffffff", "total_count": 1, "source": "inaturalist"}, "geometry": {"type": "Polygon", "coordinates": [[[-94.8084746587109, 30.97674737121025], [-94.79876966115363, 30.987033209794244], [-94.80431025900506, 30.99970652374967], [-94.81955911803445, 31.00209418000978], [-94.82926483885326, 30.99180712601632], [-94.8237209779767, 30.9791336313591], [-94.8084746587109, 30.97674737121025]]]}}, {"type": "Feature", "properties": {"h3_index": "8744680d9ffffff", "total_count": 7, "source": "inaturalist"}, "geometry": {"type": "Polygon", "coordinates": [[[-94.82926483885326, 30.99180712601632], [-94.81955911803445, 31.00209418000978], [-94.82510347624547, 31.014767043221525], [-94.84035681850372, 31.017153031756934], [-94.8500632598372, 31.006864762782534], [-94.84451563899442, 30.994191720440462], [-94.82926483885326, 30.99180712601632]]]}}, {"type": "Feature", "properties": {"h3_index": "8744680dcffffff", "total_count": 2, "source": "inaturalist"}, "geometry": {"type": "Polygon", "coordinates": [[[-94.81263751191615, 30.953785566407873], [-94.8029345567163, 30.964073428796805], [-94.8084746587109, 30.97674737121025], [-94.8237209779767, 30.9791336313591], [-94.83342465556275, 30.968844552572232], [-94.82788129209217, 30.956170430221366], [-94.81263751191615, 30.953785566407873]]]}}, {"type": "Feature", "properties": {"h3_index": "8744680e0ffffff", "total_count": 1, "source": "inaturalist"}, "geometry": {"type": "Polygon", "coordinates": [[[-94.87498076732622, 30.869045091956416], [-94.86528657944133, 30.879345462627143], [-94.87083170515972, 30.89202162082738], [-94.88607427230743, 30.894397581506563], [-94.89576917272854, 30.884095990358517], [-94.89022079406234, 30.871419659195478], [-94.87498076732622, 30.869045091956416]]]}}, {"type": "Feature", "properties": {"h3_index": "8744680e2ffffff", "total_count": 3, "source": "inaturalist"}, "geometry": {"type": "Polygon", "coordinates": [[[-94.85004847975829, 30.876967842101806], [-94.84035296764756, 30.887264984741115], [-94.84589483847307, 30.899940967641825], [-94.8611354768979, 30.90231998338968], [-94.87083170515972, 30.89202162082738], [-94.86528657944133, 30.879345462627143], [-94.85004847975829, 30.876967842101806]]]}}, {"type": "Feature", "properties": {"h3_index": "8744680e9ffffff", "total_count": 1, "source": "inaturalist"}, "geometry": {"type": "Polygon", "coordinates": [[[-94.93323070569359, 30.937170311643346], [-94.9235323454682, 30.94747233136486], [-94.92908923897618, 30.960146525478212], [-94.94434774658095, 30.962518869081666], [-94.95404681195099, 30.95221563117907], [-94.9484866651717, 30.939541268040724], [-94.93323070569359, 30.937170311643346]]]}}, {"type": "Feature", "properties": {"h3_index": "8744680f2ffffff", "total_count": 2, "source": "inaturalist"}, "geometry": {"type": "Polygon", "coordinates": [[[-94.77942112755038, 30.877732880764988], [-94.76972370432127, 30.888022342125947], [-94.77525530578342, 30.90069840008514], [-94.79048759022629, 30.903085178409484], [-94.80018573956876, 30.892794497810385], [-94.79465087894779, 30.88011825831218], [-94.77942112755038, 30.877732880764988]]]}}, {"type": "Feature", "properties": {"h3_index": "8744680f3ffffff", "total_count": 1, "source": "inaturalist"}, "geometry": {"type": "Polygon", "coordinates": [[[-94.80018573956876, 30.892794497810385], [-94.79048759022629, 30.903085178409484], [-94.7960229454461, 30.91576080370201], [-94.81125970937383, 30.918145928554654], [-94.8209585820939, 30.907854029147977], [-94.81541996810253, 30.895178223883256], [-94.80018573956876, 30.892794497810385]]]}}, {"type": "Feature", "properties": {"h3_index": "8744680f6ffffff", "total_count": 3, "source": "inaturalist"}, "geometry": {"type": "Polygon", "coordinates": [[[-94.78358540406929, 30.854764739003908], [-94.77389001921418, 30.86505621158866], [-94.77942112755038, 30.877732880764988], [-94.79465087894779, 30.88011825831218], [-94.80434698904119, 30.869825565497116], [-94.79881262309151, 30.857148715552295], [-94.78358540406929, 30.854764739003908]]]}}, {"type": "Feature", "properties": {"h3_index": "874468102ffffff", "total_count": 1, "source": "inaturalist"}, "geometry": {"type": "Polygon", "coordinates": [[[-94.87489528445828, 30.609045186279], [-94.86522287539718, 30.619362980569257], [-94.87075553097847, 30.632045898445437], [-94.88596383456522, 30.634411190524503], [-94.89563695297781, 30.624092164948618], [-94.89010105904478, 30.611409078766567], [-94.87489528445828, 30.609045186279]]]}}, {"type": "Feature", "properties": {"h3_index": "874468104ffffff", "total_count": 7, "source": "inaturalist"}, "geometry": {"type": "Polygon", "coordinates": [[[-94.90390580718318, 30.578081473663573], [-94.89423675070857, 30.58840443163069], [-94.89977214611817, 30.601088085207742], [-94.91497983347803, 30.60344894618274], [-94.92464959485176, 30.59312475538435], [-94.91911096455985, 30.58044093662945], [-94.90390580718318, 30.578081473663573]]]}}, {"type": "Feature", "properties": {"h3_index": "874468108ffffff", "total_count": 10, "source": "inaturalist"}, "geometry": {"type": "Polygon", "coordinates": [[[-94.9371448289156, 30.65417999920541], [-94.92747029999404, 30.6645014860151], [-94.93301416919041, 30.677183181613877], [-94.94823580504094, 30.679543554226093], [-94.95791103511202, 30.669220837469496], [-94.95236392877892, 30.65653897823463], [-94.9371448289156, 30.65417999920541]]]}}, {"type": "Feature", "properties": {"h3_index": "87446810bffffff", "total_count": 2, "source": "inaturalist"}, "geometry": {"type": "Polygon", "coordinates": [[[-94.93301416919041, 30.677183181613877], [-94.9233376064652, 30.68750269487996], [-94.92888197698467, 30.70018380952536], [-94.94410614949862, 30.702545575509873], [-94.95378341423361, 30.692224833289693], [-94.94823580504094, 30.679543554226093], [-94.93301416919041, 30.677183181613877]]]}}, {"type": "Feature", "properties": {"h3_index": "87446810dffffff", "total_count": 1, "source": "inaturalist"}, "geometry": {"type": "Polygon", "coordinates": [[[-94.96203712492925, 30.64621429051205], [-94.95236392877892, 30.65653897823463], [-94.95791103511202, 30.669220837469496], [-94.97313457338035, 30.671578170464056], [-94.98280846707988, 30.661252252249845], [-94.97725812555865, 30.648570231719678], [-94.96203712492925, 30.64621429051205]]]}}, {"type": "Feature", "properties": {"h3_index": "87446810effffff", "total_count": 14, "source": "inaturalist"}, "geometry": {"type": "Polygon", "coordinates": [[[-94.9163868013324, 30.639137105477626], [-94.90671297629831, 30.64945736189353], [-94.91225310655898, 30.662139469471956], [-94.92747029999404, 30.6645014860151], [-94.9371448289156, 30.65417999920541], [-94.93160146110941, 30.641497726433467], [-94.9163868013324, 30.639137105477626]]]}}, {"type": "Feature", "properties": {"h3_index": "87446811cffffff", "total_count": 2, "source": "inaturalist"}, "geometry": {"type": "Polygon", "coordinates": [[[-94.87075553097847, 30.632045898445437], [-94.8610810907008, 30.64236172217684], [-94.86661424320214, 30.65504406808972], [-94.88182507646073, 30.657410759549364], [-94.89150022695334, 30.647093705528313], [-94.88596383456522, 30.634411190524503], [-94.87075553097847, 30.632045898445437]]]}}, {"type": "Feature", "properties": {"h3_index": "87446811dffffff", "total_count": 1, "source": "inaturalist"}, "geometry": {"type": "Polygon", "coordinates": [[[-94.89150022695334, 30.647093705528313], [-94.88182507646073, 30.657410759549364], [-94.88736196723535, 30.670092699593596], [-94.90257724858253, 30.67245775333812], [-94.91225310655898, 30.662139469471956], [-94.90671297629831, 30.64945736189353], [-94.89150022695334, 30.647093705528313]]]}}, {"type": "Feature", "properties": {"h3_index": "874468120ffffff", "total_count": 1, "source": "inaturalist"}, "geometry": {"type": "Polygon", "coordinates": [[[-94.93290626572426, 30.547102291554374], [-94.92324056504734, 30.557430402427325], [-94.92877869521492, 30.57011478400389], [-94.94398575806443, 30.572471216942155], [-94.95365215919153, 30.562141871695168], [-94.948110797613, 30.54945732807116], [-94.93290626572426, 30.547102291554374]]]}}, {"type": "Feature", "properties": {"h3_index": "874468125ffffff", "total_count": 1, "source": "inaturalist"}, "geometry": {"type": "Polygon", "coordinates": [[[-94.9577751686448, 30.539126027163096], [-94.948110797613, 30.54945732807116], [-94.95365215919153, 30.562141871695168], [-94.96886112186527, 30.564495274303262], [-94.97852618975722, 30.55416273847703], [-94.9729815987102, 30.54147803514803], [-94.9577751686448, 30.539126027163096]]]}}, {"type": "Feature", "properties": {"h3_index": "874468130ffffff", "total_count": 3, "source": "inaturalist"}, "geometry": {"type": "Polygon", "coordinates": [[[-94.86244274919713, 30.547988834452138], [-94.85277511070066, 30.558309325414243], [-94.85830303942375, 30.570993768196875], [-94.87350184291739, 30.57335788848936], [-94.88317019176493, 30.563036163801215], [-94.87763902735891, 30.550351552734003], [-94.86244274919713, 30.547988834452138]]]}}, {"type": "Feature", "properties": {"h3_index": "874468143ffffff", "total_count": 2, "source": "inaturalist"}, "geometry": {"type": "Polygon", "coordinates": [[[-95.04105763340313, 30.72936346257319], [-95.03137962619259, 30.73969109463592], [-95.03694220592493, 30.75237066197859], [-95.05218602850489, 30.75472275328166], [-95.06186472311587, 30.744393893515962], [-95.05629890834773, 30.73171417033681], [-95.04105763340313, 30.72936346257319]]]}}, {"type": "Feature", "properties": {"h3_index": "87446814affffff", "total_count": 3, "source": "inaturalist"}, "geometry": {"type": "Polygon", "coordinates": [[[-95.05775235349789, 30.767401881292884], [-95.04807161993779, 30.77772876157395], [-95.05363845509304, 30.79040729064046], [-95.06888926055443, 30.792759094662802], [-95.0785706796071, 30.782430988115948], [-95.07300060830838, 30.769752303999077], [-95.05775235349789, 30.767401881292884]]]}}, {"type": "Feature", "properties": {"h3_index": "874468152ffffff", "total_count": 5, "source": "inaturalist"}, "geometry": {"type": "Polygon", "coordinates": [[[-94.94965426148455, 30.71522627062256], [-94.93997496134216, 30.72554503473872], [-94.9455235760548, 30.738225142122744], [-94.9607547313061, 30.740586649216237], [-94.97043473157527, 30.730266657583705], [-94.96488287706366, 30.717586386560935], [-94.94965426148455, 30.71522627062256]]]}}, {"type": "Feature", "properties": {"h3_index": "874468153ffffff", "total_count": 3, "source": "inaturalist"}, "geometry": {"type": "Polygon", "coordinates": [[[-94.97043473157527, 30.730266657583705], [-94.9607547313061, 30.740586649216237], [-94.96630709001653, 30.753266329512968], [-94.98154268897807, 30.75562618044168], [-94.99122338662599, 30.74530496173881], [-94.98566778853204, 30.732625119364386], [-94.97043473157527, 30.730266657583705]]]}}, {"type": "Feature", "properties": {"h3_index": "874468156ffffff", "total_count": 2, "source": "inaturalist"}, "geometry": {"type": "Polygon", "coordinates": [[[-94.95378341423361, 30.692224833289693], [-94.94410614949862, 30.702545575509873], [-94.94965426148455, 30.71522627062256], [-94.96488287706366, 30.717586386560935], [-94.97456084106545, 30.707264415833116], [-94.96900949081846, 30.69458355786147], [-94.95378341423361, 30.692224833289693]]]}}, {"type": "Feature", "properties": {"h3_index": "874468158ffffff", "total_count": 1, "source": "inaturalist"}, "geometry": {"type": "Polygon", "coordinates": [[[-95.01202022599678, 30.76034117441604], [-95.00233883372204, 30.770663619742564], [-95.00789868359917, 30.783342432186966], [-95.02314316489289, 30.78569895844462], [-95.03282524903854, 30.77537528694173], [-95.02726216062017, 30.76269631554422], [-95.01202022599678, 30.76034117441604]]]}}, {"type": "Feature", "properties": {"h3_index": "87446815bffffff", "total_count": 2, "source": "inaturalist"}, "geometry": {"type": "Polygon", "coordinates": [[[-95.00789868359917, 30.783342432186966], [-94.99821525259406, 30.79366289287554], [-95.00377560955346, 30.80634110482389], [-95.01902263820021, 30.808699015998876], [-95.02870676193376, 30.79837733012154], [-95.02314316489289, 30.78569895844462], [-95.00789868359917, 30.783342432186966]]]}}, {"type": "Feature", "properties": {"h3_index": "87446815dffffff", "total_count": 3, "source": "inaturalist"}, "geometry": {"type": "Polygon", "coordinates": [[[-95.03694220592493, 30.75237066197859], [-95.02726216062017, 30.76269631554422], [-95.03282524903854, 30.77537528694173], [-95.04807161993779, 30.77772876157395], [-95.05775235349789, 30.767401881292884], [-95.05218602850489, 30.75472275328166], [-95.03694220592493, 30.75237066197859]]]}}, {"type": "Feature", "properties": {"h3_index": "874468163ffffff", "total_count": 1, "source": "inaturalist"}, "geometry": {"type": "Polygon", "coordinates": [[[-95.0741926673427, 30.675354533080622], [-95.06452008509793, 30.685689309881113], [-95.07008487922941, 30.69837021205792], [-95.0853254861994, 30.700716489557955], [-95.09499875052619, 30.69038048254282], [-95.08943072640274, 30.67769942842892], [-95.0741926673427, 30.675354533080622]]]}}, {"type": "Feature", "properties": {"h3_index": "87446816affffff", "total_count": 2, "source": "inaturalist"}, "geometry": {"type": "Polygon", "coordinates": [[[-95.09089402220873, 30.71339695684375], [-95.08121872032162, 30.723730994098638], [-95.08678776815556, 30.736410870774257], [-95.10203534957179, 30.73875686153772], [-95.11171133162888, 30.728421595509623], [-95.10613905270286, 30.715741567677775], [-95.09089402220873, 30.71339695684375]]]}}, {"type": "Feature", "properties": {"h3_index": "874468170ffffff", "total_count": 40, "source": "inaturalist"}, "geometry": {"type": "Polygon", "coordinates": [[[-95.00770645571039, 30.65327742768771], [-94.9980339020985, 30.663606545321517], [-95.0035879827866, 30.676288146200115], [-95.0188178504999, 30.678640787028037], [-95.02849109531198, 30.668310438811012], [-95.02293378180929, 30.655628680536115], [-95.00770645571039, 30.65327742768771]]]}}, {"type": "Feature", "properties": {"h3_index": "874468171ffffff", "total_count": 4, "source": "inaturalist"}, "geometry": {"type": "Polygon", "coordinates": [[[-95.02849109531198, 30.668310438811012], [-95.0188178504999, 30.678640787028037], [-95.02437567140527, 30.691321963696637], [-95.03960997011222, 30.69367294817246], [-95.04928390337288, 30.68334136982375], [-95.04372285007781, 30.670660037317642], [-95.02849109531198, 30.668310438811012]]]}}, {"type": "Feature", "properties": {"h3_index": "874468172ffffff", "total_count": 1, "source": "inaturalist"}, "geometry": {"type": "Polygon", "coordinates": [[[-94.98280846707988, 30.661252252249845], [-94.97313457338035, 30.671578170464056], [-94.97868541929715, 30.684259611605484], [-94.99391339428263, 30.68661529445676], [-95.0035879827866, 30.676288146200115], [-94.9980339020985, 30.663606545321517], [-94.98280846707988, 30.661252252249845]]]}}, {"type": "Feature", "properties": {"h3_index": "874468174ffffff", "total_count": 1, "source": "inaturalist"}, "geometry": {"type": "Polygon", "coordinates": [[[-95.01182340041723, 30.63026416476737], [-95.00215288095342, 30.64059524820327], [-95.00770645571039, 30.65327742768771], [-95.02293378180929, 30.655628680536115], [-95.03260499161863, 30.645296365525883], [-95.0270481855821, 30.632614029428435], [-95.01182340041723, 30.63026416476737]]]}}, {"type": "Feature", "properties": {"h3_index": "874468176ffffff", "total_count": 17, "source": "inaturalist"}, "geometry": {"type": "Polygon", "coordinates": [[[-94.98692998522266, 30.638242345119995], [-94.97725812555865, 30.648570231719678], [-94.98280846707988, 30.661252252249845], [-94.9980339020985, 30.663606545321517], [-95.00770645571039, 30.65327742768771], [-95.00215288095342, 30.64059524820327], [-94.98692998522266, 30.638242345119995]]]}}, {"type": "Feature", "properties": {"h3_index": "874468181ffffff", "total_count": 1, "source": "inaturalist"}, "geometry": {"type": "Polygon", "coordinates": [[[-94.74635758139523, 30.671721009637437], [-94.73667658754876, 30.682020793934473], [-94.74219351170572, 30.69470225928961], [-94.7573946798083, 30.697084121326288], [-94.76707640182093, 30.68678310952505], [-94.7615562281531, 30.674101463378836], [-94.74635758139523, 30.671721009637437]]]}}, {"type": "Feature", "properties": {"h3_index": "874468182ffffff", "total_count": 41, "source": "inaturalist"}, "geometry": {"type": "Polygon", "coordinates": [[[-94.70077447681943, 30.664570345988555], [-94.69109291788165, 30.674865689018038], [-94.69660285111824, 30.687547363221515], [-94.71179759567453, 30.689933879270004], [-94.72147988907504, 30.679637308866237], [-94.71596670404283, 30.666955449975866], [-94.70077447681943, 30.664570345988555]]]}}, {"type": "Feature", "properties": {"h3_index": "874468183ffffff", "total_count": 2, "source": "inaturalist"}, "geometry": {"type": "Polygon", "coordinates": [[[-94.72147988907504, 30.679637308866237], [-94.71179759567453, 30.689933879270004], [-94.71731126840727, 30.702615161494847], [-94.73251048655212, 30.705000056633757], [-94.74219351170572, 30.69470225928961], [-94.73667658754876, 30.682020793934473], [-94.72147988907504, 30.679637308866237]]]}}, {"type": "Feature", "properties": {"h3_index": "874468189ffffff", "total_count": 5, "source": "inaturalist"}, "geometry": {"type": "Polygon", "coordinates": [[[-94.78364538595076, 30.724826088130108], [-94.77396090543564, 30.735126338050875], [-94.7794858031993, 30.747806417052736], [-94.79469843235616, 30.75018642477643], [-94.80438363647174, 30.739884949220656], [-94.79885548842066, 30.727204691763514], [-94.78364538595076, 30.724826088130108]]]}}, {"type": "Feature", "properties": {"h3_index": "874468191ffffff", "total_count": 6, "source": "inaturalist"}, "geometry": {"type": "Polygon", "coordinates": [[[-94.67590264852869, 30.67247755617324], [-94.66621979734246, 30.68276968388706], [-94.67172647687819, 30.695451171064583], [-94.68691926188639, 30.69784071774189], [-94.69660285111824, 30.687547363221515], [-94.69109291788165, 30.674865689018038], [-94.67590264852869, 30.67247755617324]]]}}, {"type": "Feature", "properties": {"h3_index": "874468195ffffff", "total_count": 2, "source": "inaturalist"}, "geometry": {"type": "Polygon", "coordinates": [[[-94.6800772754631, 30.649501379314906], [-94.67039645369366, 30.65979549453683], [-94.67590264852869, 30.67247755617324], [-94.69109291788165, 30.674865689018038], [-94.70077447681943, 30.664570345988555], [-94.69526502982114, 30.651888098109513], [-94.6800772754631, 30.649501379314906]]]}}, {"type": "Feature", "properties": {"h3_index": "874468198ffffff", "total_count": 1, "source": "inaturalist"}, "geometry": {"type": "Polygon", "coordinates": [[[-94.6924296812854, 30.710521814497508], [-94.68274406102236, 30.72081317695554], [-94.68825496650773, 30.73349369249293], [-94.70345474771557, 30.735883032010026], [-94.71314110419462, 30.72559044417713], [-94.70762694383646, 30.712909742389552], [-94.6924296812854, 30.710521814497508]]]}}, {"type": "Feature", "properties": {"h3_index": "87446819cffffff", "total_count": 9, "source": "inaturalist"}, "geometry": {"type": "Polygon", "coordinates": [[[-94.69660285111824, 30.687547363221515], [-94.68691926188639, 30.69784071774189], [-94.6924296812854, 30.710521814497508], [-94.70762694383646, 30.712909742389552], [-94.71731126840727, 30.702615161494847], [-94.71179759567453, 30.689933879270004], [-94.69660285111824, 30.687547363221515]]]}}, {"type": "Feature", "properties": {"h3_index": "8744681a0ffffff", "total_count": 6, "source": "inaturalist"}, "geometry": {"type": "Polygon", "coordinates": [[[-94.75884054572494, 30.602761934361975], [-94.74916564137288, 30.613067658159007], [-94.7546810975934, 30.62575083983552], [-94.76987470365563, 30.62812847634018], [-94.77955033355843, 30.6178215220411], [-94.77403163243599, 30.605138161926966], [-94.75884054572494, 30.602761934361975]]]}}, {"type": "Feature", "properties": {"h3_index": "8744681a8ffffff", "total_count": 3, "source": "inaturalist"}, "geometry": {"type": "Polygon", "coordinates": [[[-94.79611489170517, 30.655869683164084], [-94.78643650813008, 30.666175889256667], [-94.79195992939161, 30.678857713854473], [-94.80716498049102, 30.681233508658874], [-94.81684408505502, 30.670926073941164], [-94.81131741812081, 30.65824407323155], [-94.79611489170517, 30.655869683164084]]]}}, {"type": "Feature", "properties": {"h3_index": "8744681acffffff", "total_count": 3, "source": "inaturalist"}, "geometry": {"type": "Polygon", "coordinates": [[[-94.80026831549608, 30.632879099888296], [-94.79059196275593, 30.64318728425011], [-94.79611489170517, 30.655869683164084], [-94.81131741812081, 30.65824407323155], [-94.82099449098095, 30.64793465924694], [-94.81546831789537, 30.635252085005064], [-94.80026831549608, 30.632879099888296]]]}}, {"type": "Feature", "properties": {"h3_index": "8744681aeffffff", "total_count": 1, "source": "inaturalist"}, "geometry": {"type": "Polygon", "coordinates": [[[-94.77539389569948, 30.64081126890935], [-94.76571623583168, 30.651116245937924], [-94.77123591872405, 30.66379846718382], [-94.78643650813008, 30.666175889256667], [-94.79611489170517, 30.655869683164084], [-94.79059196275593, 30.64318728425011], [-94.77539389569948, 30.64081126890935]]]}}, {"type": "Feature", "properties": {"h3_index": "8744681b0ffffff", "total_count": 2, "source": "inaturalist"}, "geometry": {"type": "Polygon", "coordinates": [[[-94.68842189843355, 30.603541369019325], [-94.67874513329, 30.6138394485851], [-94.68425035849404, 30.626522647818906], [-94.69943559851734, 30.62890795234654], [-94.70911309907709, 30.61860864296977], [-94.70360462478217, 30.605925259064097], [-94.68842189843355, 30.603541369019325]]]}}, {"type": "Feature", "properties": {"h3_index": "8744681b2ffffff", "total_count": 6, "source": "inaturalist"}, "geometry": {"type": "Polygon", "coordinates": [[[-94.66356436540433, 30.61145253534882], [-94.65388631130817, 30.62174740527959], [-94.65938828552122, 30.634430417501587], [-94.67457156540537, 30.636818746992418], [-94.68425035849404, 30.626522647818906], [-94.67874513329, 30.6138394485851], [-94.66356436540433, 30.61145253534882]]]}}, {"type": "Feature", "properties": {"h3_index": "8744681b3ffffff", "total_count": 1, "source": "inaturalist"}, "geometry": {"type": "Polygon", "coordinates": [[[-94.68425035849404, 30.626522647818906], [-94.67457156540537, 30.636818746992418], [-94.6800772754631, 30.649501379314906], [-94.69526502982114, 30.651888098109513], [-94.70494455920168, 30.641590770126953], [-94.69943559851734, 30.62890795234654], [-94.68425035849404, 30.626522647818906]]]}}, {"type": "Feature", "properties": {"h3_index": "8744681b6ffffff", "total_count": 4, "source": "inaturalist"}, "geometry": {"type": "Polygon", "coordinates": [[[-94.66773890161369, 30.588472109885107], [-94.65806287458595, 30.59876895920511], [-94.66356436540433, 30.61145253534882], [-94.67874513329, 30.6138394485851], [-94.68842189843355, 30.603541369019325], [-94.6829171581594, 30.590857606650854], [-94.66773890161369, 30.588472109885107]]]}}, {"type": "Feature", "properties": {"h3_index": "874468226ffffff", "total_count": 135, "source": "inaturalist"}, "geometry": {"type": "Polygon", "coordinates": [[[-95.14587075911392, 31.064540060840166], [-95.13616752378638, 31.074856263511116], [-95.14176153000969, 31.087526320706054], [-95.15706201956857, 31.089880327940858], [-95.16676593138989, 31.079562910512394], [-95.1611686777694, 31.06689270079252], [-95.14587075911392, 31.064540060840166]]]}}, {"type": "Feature", "properties": {"h3_index": "874468235ffffff", "total_count": 1, "source": "inaturalist"}, "geometry": {"type": "Polygon", "coordinates": [[[-95.12087147943059, 31.07250054278127], [-95.11116687265616, 31.082813510347407], [-95.11675762948104, 31.095483412682874], [-95.13205624308874, 31.097840502497604], [-95.14176153000969, 31.087526320706054], [-95.13616752378638, 31.074856263511116], [-95.12087147943059, 31.07250054278127]]]}}, {"type": "Feature", "properties": {"h3_index": "874468275ffffff", "total_count": 1, "source": "inaturalist"}, "geometry": {"type": "Polygon", "coordinates": [[[-95.26727427269942, 31.177634173040307], [-95.25756496378798, 31.18795563086647], [-95.26318211738948, 31.20062193913072], [-95.27851182668951, 31.20296693355182], [-95.28822179608062, 31.19264426461214], [-95.2826013963097, 31.17997781255024], [-95.26727427269942, 31.177634173040307]]]}}, {"type": "Feature", "properties": {"h3_index": "874468286ffffff", "total_count": 1, "source": "inaturalist"}, "geometry": {"type": "Polygon", "coordinates": [[[-94.93759745707261, 31.173962320223634], [-94.92787925314477, 31.18424849964597], [-94.93344822045127, 31.196915927658857], [-94.94873865870056, 31.1992973491356], [-94.95845757005705, 31.189009961234124], [-94.95288533633958, 31.17634236052134], [-94.93759745707261, 31.173962320223634]]]}}, {"type": "Feature", "properties": {"h3_index": "874468292ffffff", "total_count": 1, "source": "inaturalist"}, "geometry": {"type": "Polygon", "coordinates": [[[-94.86258675230847, 31.197652477979847], [-94.8528645362525, 31.2079288828319], [-94.85842369251357, 31.220595778755044], [-94.87370833774521, 31.222986449707243], [-94.88343127217144, 31.21270883803711], [-94.87786884359701, 31.200041762419303], [-94.86258675230847, 31.197652477979847]]]}}, {"type": "Feature", "properties": {"h3_index": "874468296ffffff", "total_count": 1, "source": "inaturalist"}, "geometry": {"type": "Polygon", "coordinates": [[[-94.86674826228739, 31.174706458237903], [-94.85702809733192, 31.184984915454418], [-94.86258675230847, 31.197652477979847], [-94.87786884359701, 31.200041762419303], [-94.88758972604597, 31.189762097404405], [-94.88202780031392, 31.177094355934912], [-94.86674826228739, 31.174706458237903]]]}}, {"type": "Feature", "properties": {"h3_index": "8744682b2ffffff", "total_count": 3, "source": "inaturalist"}, "geometry": {"type": "Polygon", "coordinates": [[[-94.89590198946591, 31.143860476316426], [-94.88618520871717, 31.154144237497764], [-94.89174663153716, 31.166812641081975], [-94.90702810294367, 31.16919745953115], [-94.91674559666755, 31.15891248901572], [-94.91118090661158, 31.146243909571652], [-94.89590198946591, 31.143860476316426]]]}}, {"type": "Feature", "properties": {"h3_index": "874468306ffffff", "total_count": 1, "source": "inaturalist"}, "geometry": {"type": "Polygon", "coordinates": [[[-95.14141773886986, 30.95754626696006], [-95.13172337823902, 30.96786929864723], [-95.13731154964167, 30.980542421306566], [-95.15259732393659, 30.982892663522527], [-95.16229236044047, 30.972568412725316], [-95.15670094738542, 30.95989513900821], [-95.14141773886986, 30.95754626696006]]]}}, {"type": "Feature", "properties": {"h3_index": "87446831affffff", "total_count": 1, "source": "inaturalist"}, "geometry": {"type": "Polygon", "coordinates": [[[-95.10410504157933, 31.034487740893226], [-95.0944031676247, 31.04480151271852], [-95.09998964216852, 31.05747255877466], [-95.11528123956914, 31.059829988869595], [-95.12498379560644, 31.04951500139992], [-95.11939407276911, 31.036843799665707], [-95.10410504157933, 31.034487740893226]]]}}, {"type": "Feature", "properties": {"h3_index": "87446831bffffff", "total_count": 7, "source": "inaturalist"}, "geometry": {"type": "Polygon", "coordinates": [[[-95.12498379560644, 31.04951500139992], [-95.11528123956914, 31.059829988869595], [-95.12087147943059, 31.07250054278127], [-95.13616752378638, 31.074856263511116], [-95.14587075911392, 31.064540060840166], [-95.1402772714052, 31.05186935282659], [-95.12498379560644, 31.04951500139992]]]}}, {"type": "Feature", "properties": {"h3_index": "874468320ffffff", "total_count": 5, "source": "inaturalist"}, "geometry": {"type": "Polygon", "coordinates": [[[-95.19546605712588, 30.91857968619396], [-95.1857764912924, 30.928911157440055], [-95.191370623644, 30.941585211136438], [-95.20665755854556, 30.943927939391795], [-95.21634779211601, 30.933595247001897], [-95.21075042365854, 30.920921047686363], [-95.19546605712588, 30.91857968619396]]]}}, {"type": "Feature", "properties": {"h3_index": "874468329ffffff", "total_count": 5, "source": "inaturalist"}, "geometry": {"type": "Polygon", "coordinates": [[[-95.25404965164537, 30.986627502566815], [-95.24435604128968, 30.996960635913084], [-95.24996197557248, 31.009632581006592], [-95.26526475708299, 31.011971534603667], [-95.27495902761892, 31.001637182447674], [-95.26934985707817, 30.98896509568997], [-95.25404965164537, 30.986627502566815]]]}}, {"type": "Feature", "properties": {"h3_index": "874468340ffffff", "total_count": 1, "source": "inaturalist"}, "geometry": {"type": "Polygon", "coordinates": [[[-95.30864408640878, 31.077661634615556], [-95.29894439719385, 31.08799440659972], [-95.30456268071265, 31.10066352335185], [-95.31988389199275, 31.103000006756954], [-95.32958423463285, 31.092666019265696], [-95.32396271318544, 31.079996764061793], [-95.30864408640878, 31.077661634615556]]]}}, {"type": "Feature", "properties": {"h3_index": "874468368ffffff", "total_count": 1, "source": "inaturalist"}, "geometry": {"type": "Polygon", "coordinates": [[[-95.37962862258814, 31.076652060895988], [-95.3699310933763, 31.086992500284822], [-95.37555961837234, 31.099661367111658], [-95.39088890656744, 31.101989926937893], [-95.40058707904159, 31.091648271470216], [-95.394955320679, 31.078979272440293], [-95.37962862258814, 31.076652060895988]]]}}, {"type": "Feature", "properties": {"h3_index": "874468370ffffff", "total_count": 1, "source": "inaturalist"}, "geometry": {"type": "Polygon", "coordinates": [[[-95.27087445394125, 31.02464297809868], [-95.26117813209768, 31.034975325757053], [-95.26678835521848, 31.047646122227363], [-95.28209813813207, 31.049984712074092], [-95.29179511819105, 31.03965114703204], [-95.28618165773638, 31.02698020971249], [-95.27087445394125, 31.02464297809868]]]}}, {"type": "Feature", "properties": {"h3_index": "874468374ffffff", "total_count": 5, "source": "inaturalist"}, "geometry": {"type": "Polygon", "coordinates": [[[-95.27495902761892, 31.001637182447674], [-95.26526475708299, 31.011971534603667], [-95.27087445394125, 31.02464297809868], [-95.28618165773638, 31.02698020971249], [-95.29587658564283, 31.016644639200276], [-95.29026365299879, 31.00397305561604], [-95.27495902761892, 31.001637182447674]]]}}, {"type": "Feature", "properties": {"h3_index": "874468376ffffff", "total_count": 3, "source": "inaturalist"}, "geometry": {"type": "Polygon", "coordinates": [[[-95.24996197557248, 31.009632581006592], [-95.24026631475513, 31.01996371082887], [-95.24587277380782, 31.032635011898694], [-95.26117813209768, 31.034975325757053], [-95.27087445394125, 31.02464297809868], [-95.26526475708299, 31.011971534603667], [-95.24996197557248, 31.009632581006592]]]}}, {"type": "Feature", "properties": {"h3_index": "874468381ffffff", "total_count": 2, "source": "inaturalist"}, "geometry": {"type": "Polygon", "coordinates": [[[-95.00828444059925, 31.043294521339426], [-94.9985791812491, 31.053597370538007], [-95.00415213340075, 31.06626841839749], [-95.01943360019635, 31.068636781502686], [-95.02913955534673, 31.05833271783587], [-95.02356334850614, 31.045661505718353], [-95.00828444059925, 31.043294521339426]]]}}, {"type": "Feature", "properties": {"h3_index": "8744683aaffffff", "total_count": 1, "source": "inaturalist"}, "geometry": {"type": "Polygon", "coordinates": [[[-95.03326725485168, 31.03535541899312], [-95.02356334850614, 31.045661505718353], [-95.02913955534673, 31.05833271783587], [-95.04442292184704, 31.06069800533774], [-95.05412752035079, 31.050390703602446], [-95.04854806080179, 31.037719329561554], [-95.03326725485168, 31.03535541899312]]]}}, {"type": "Feature", "properties": {"h3_index": "8744683aeffffff", "total_count": 2, "source": "inaturalist"}, "geometry": {"type": "Polygon", "coordinates": [[[-95.03739341725093, 31.01237545727325], [-95.02769155895813, 31.022683563523746], [-95.03326725485168, 31.03535541899312], [-95.04854806080179, 31.037719329561554], [-95.05825061039134, 31.02741000732132], [-95.05267166333958, 31.014737990688634], [-95.03739341725093, 31.01237545727325]]]}}, {"type": "Feature", "properties": {"h3_index": "8744683b5ffffff", "total_count": 1, "source": "inaturalist"}, "geometry": {"type": "Polygon", "coordinates": [[[-94.97487113687664, 30.96725881420088], [-94.96517136912355, 30.977563269847536], [-94.97073578039696, 30.99023654219836], [-94.98600321246336, 30.992605524971747], [-94.99570367983395, 30.982299852018667], [-94.99013601612292, 30.969626413785093], [-94.97487113687664, 30.96725881420088]]]}}, {"type": "Feature", "properties": {"h3_index": "874468400ffffff", "total_count": 1, "source": "inaturalist"}, "geometry": {"type": "Polygon", "coordinates": [[[-94.37749573796017, 30.76687660312882], [-94.36779767048932, 30.77712999387235], [-94.37326515840553, 30.78980905440098], [-94.38843399063047, 30.79223493944528], [-94.39813283905184, 30.781980328881495], [-94.39266207487212, 30.7693010532818], [-94.37749573796017, 30.76687660312882]]]}}, {"type": "Feature", "properties": {"h3_index": "874468403ffffff", "total_count": 12, "source": "inaturalist"}, "geometry": {"type": "Polygon", "coordinates": [[[-94.37326515840553, 30.78980905440098], [-94.36356506265108, 30.800060423678293], [-94.36903301669666, 30.81273889662466], [-94.38420434487817, 30.81516621633005], [-94.39390522248296, 30.804913628239877], [-94.38843399063047, 30.79223493944528], [-94.37326515840553, 30.78980905440098]]]}}, {"type": "Feature", "properties": {"h3_index": "874468404ffffff", "total_count": 2, "source": "inaturalist"}, "geometry": {"type": "Polygon", "coordinates": [[[-94.38172475617924, 30.74394155008794], [-94.37202871626135, 30.754196958772212], [-94.37749573796017, 30.76687660312882], [-94.39266207487212, 30.7693010532818], [-94.40235889484153, 30.759044423769378], [-94.39688859842168, 30.746364565120288], [-94.38172475617924, 30.74394155008794]]]}}, {"type": "Feature", "properties": {"h3_index": "874468405ffffff", "total_count": 1, "source": "inaturalist"}, "geometry": {"type": "Polygon", "coordinates": [[[-94.40235889484153, 30.759044423769378], [-94.39266207487212, 30.7693010532818], [-94.39813283905184, 30.781980328881495], [-94.41330369818083, 30.784403187892565], [-94.42300129553186, 30.774145337965482], [-94.4175272569476, 30.761465849630095], [-94.40235889484153, 30.759044423769378]]]}}, {"type": "Feature", "properties": {"h3_index": "87446840bffffff", "total_count": 2, "source": "inaturalist"}, "geometry": {"type": "Polygon", "coordinates": [[[-94.41032734539839, 30.84294775817842], [-94.40062365780027, 30.853199537668488], [-94.40609957272873, 30.865876659370922], [-94.42128245454997, 30.86830221527484], [-94.43098691954931, 30.858049218800033], [-94.42550772590309, 30.845371883593998], [-94.41032734539839, 30.84294775817842]]]}}, {"type": "Feature", "properties": {"h3_index": "874468413ffffff", "total_count": 1, "source": "inaturalist"}, "geometry": {"type": "Polygon", "coordinates": [[[-94.30291100432609, 30.790335559303966], [-94.29320921677119, 30.80057922223564], [-94.29866686478198, 30.813257623542334], [-94.31382958273636, 30.81569258418071], [-94.32353216194109, 30.805447703225205], [-94.31807123211323, 30.79276907984341], [-94.30291100432609, 30.790335559303966]]]}}, {"type": "Feature", "properties": {"h3_index": "874468415ffffff", "total_count": 12, "source": "inaturalist"}, "geometry": {"type": "Polygon", "coordinates": [[[-94.33200984073555, 30.759594033209925], [-94.32231131668134, 30.7698429636297], [-94.32777178337786, 30.782522172395417], [-94.34293405312752, 30.784952669892593], [-94.35263336436378, 30.774702519838932], [-94.34716961924072, 30.76202309211023], [-94.33200984073555, 30.759594033209925]]]}}, {"type": "Feature", "properties": {"h3_index": "874468421ffffff", "total_count": 2, "source": "inaturalist"}, "geometry": {"type": "Polygon", "coordinates": [[[-94.4314427972449, 30.72826403341589], [-94.42174925639827, 30.73852591266905], [-94.42722282568063, 30.751205983274883], [-94.44239320738568, 30.75362438443629], [-94.45208752114846, 30.743361283169538], [-94.44661068086607, 30.73068100294306], [-94.4314427972449, 30.72826403341589]]]}}, {"type": "Feature", "properties": {"h3_index": "874468422ffffff", "total_count": 2, "source": "inaturalist"}, "geometry": {"type": "Polygon", "coordinates": [[[-94.38595221388086, 30.72100390256286], [-94.37625820078561, 30.731261325659585], [-94.38172475617924, 30.74394155008794], [-94.39688859842168, 30.746364565120288], [-94.40658339067026, 30.736105920187047], [-94.40111356209712, 30.723425482246174], [-94.38595221388086, 30.72100390256286]]]}}, {"type": "Feature", "properties": {"h3_index": "874468423ffffff", "total_count": 1, "source": "inaturalist"}, "geometry": {"type": "Polygon", "coordinates": [[[-94.40658339067026, 30.736105920187047], [-94.39688859842168, 30.746364565120288], [-94.40235889484153, 30.759044423769378], [-94.4175272569476, 30.761465849630095], [-94.42722282568063, 30.751205983274883], [-94.42174925639827, 30.73852591266905], [-94.40658339067026, 30.736105920187047]]]}}, {"type": "Feature", "properties": {"h3_index": "874468428ffffff", "total_count": 5, "source": "inaturalist"}, "geometry": {"type": "Polygon", "coordinates": [[[-94.44787051851166, 30.766304083171693], [-94.43817417596709, 30.776565170533747], [-94.44365195785146, 30.78924428401964], [-94.45882935507494, 30.791662519173887], [-94.46852646875415, 30.781400211220703], [-94.46304541465254, 30.76872088889241], [-94.44787051851166, 30.766304083171693]]]}}, {"type": "Feature", "properties": {"h3_index": "87446842affffff", "total_count": 6, "source": "inaturalist"}, "geometry": {"type": "Polygon", "coordinates": [[[-94.42300129553186, 30.774145337965482], [-94.41330369818083, 30.784403187892565], [-94.41877820598086, 30.797082090200448], [-94.43395358579266, 30.799503353947294], [-94.44365195785146, 30.78924428401964], [-94.43817417596709, 30.776565170533747], [-94.42300129553186, 30.774145337965482]]]}}, {"type": "Feature", "properties": {"h3_index": "874468453ffffff", "total_count": 4, "source": "inaturalist"}, "geometry": {"type": "Polygon", "coordinates": [[[-94.44743294097952, 30.89607924445736], [-94.43772566791412, 30.906331424977626], [-94.44320955403808, 30.919007161631498], [-94.45840399342354, 30.921430929102836], [-94.46811203942185, 30.911177533423448], [-94.46262487368105, 30.898501585619663], [-94.44743294097952, 30.89607924445736]]]}}, {"type": "Feature", "properties": {"h3_index": "874468456ffffff", "total_count": 1, "source": "inaturalist"}, "geometry": {"type": "Polygon", "coordinates": [[[-94.43098691954931, 30.858049218800033], [-94.42128245454997, 30.86830221527484], [-94.42676211861169, 30.880978950217035], [-94.4419495266462, 30.88340290081429], [-94.4516547663659, 30.873148687766186], [-94.44617182390871, 30.860471740882], [-94.43098691954931, 30.858049218800033]]]}}, {"type": "Feature", "properties": {"h3_index": "874468462ffffff", "total_count": 5, "source": "inaturalist"}, "geometry": {"type": "Polygon", "coordinates": [[[-94.53054385972457, 30.826676677681117], [-94.52084444874284, 30.836942644907566], [-94.52633721513556, 30.84962021361054], [-94.54153266397365, 30.8520320178776], [-94.55123283534242, 30.841764831728714], [-94.54573679806774, 30.82908706042294], [-94.53054385972457, 30.826676677681117]]]}}, {"type": "Feature", "properties": {"h3_index": "874468464ffffff", "total_count": 6, "source": "inaturalist"}, "geometry": {"type": "Polygon", "coordinates": [[[-94.55963548267661, 30.795868267186297], [-94.54993937705933, 30.80613948765003], [-94.5554349361927, 30.818817855351572], [-94.57062986897567, 30.8212252022695], [-94.5803267305051, 30.810952761300747], [-94.57482790392181, 30.798274194106796], [-94.55963548267661, 30.795868267186297]]]}}, {"type": "Feature", "properties": {"h3_index": "874468474ffffff", "total_count": 5, "source": "inaturalist"}, "geometry": {"type": "Polygon", "coordinates": [[[-94.48919067598999, 30.79649435876297], [-94.47949279385703, 30.806757886890974], [-94.48497806573893, 30.819436237065062], [-94.50016449189033, 30.821851265023437], [-94.50986313979212, 30.811586517137478], [-94.50437459635316, 30.79890796123899], [-94.48919067598999, 30.79649435876297]]]}}, {"type": "Feature", "properties": {"h3_index": "874468480ffffff", "total_count": 1, "source": "inaturalist"}, "geometry": {"type": "Polygon", "coordinates": [[[-94.20347609387079, 30.8215264209209], [-94.19376939855641, 30.831757086783824], [-94.1992139009039, 30.84443457645367], [-94.21436838830094, 30.84688163185793], [-94.22407588951344, 30.83664975039727], [-94.21862809799866, 30.82397202931845], [-94.20347609387079, 30.8215264209209]]]}}, {"type": "Feature", "properties": {"h3_index": "874468482ffffff", "total_count": 7, "source": "inaturalist"}, "geometry": {"type": "Polygon", "coordinates": [[[-94.17861946428121, 30.829308457523513], [-94.16891155138242, 30.83953586939416], [-94.17435276273486, 30.852213125322443], [-94.18950517854807, 30.85466320331003], [-94.1992139009039, 30.84443457645367], [-94.19376939855641, 30.831757086783824], [-94.17861946428121, 30.829308457523513]]]}}, {"type": "Feature", "properties": {"h3_index": "874468483ffffff", "total_count": 14, "source": "inaturalist"}, "geometry": {"type": "Polygon", "coordinates": [[[-94.1992139009039, 30.84443457645367], [-94.18950517854807, 30.85466320331003], [-94.19495013621078, 30.867340099968583], [-94.21010710751062, 30.869788602142467], [-94.2198166366769, 30.85955876069982], [-94.21436838830094, 30.84688163185793], [-94.1992139009039, 30.84443457645367]]]}}, {"type": "Feature", "properties": {"h3_index": "874468484ffffff", "total_count": 1, "source": "inaturalist"}, "geometry": {"type": "Polygon", "coordinates": [[[-94.20773671593317, 30.798615640623634], [-94.198032046933, 30.808848341984298], [-94.20347609387079, 30.8215264209209], [-94.21862809799866, 30.82397202931845], [-94.22833357198543, 30.81373811134813], [-94.22288623742543, 30.801059801778315], [-94.20773671593317, 30.798615640623634]]]}}, {"type": "Feature", "properties": {"h3_index": "874468486ffffff", "total_count": 16, "source": "inaturalist"}, "geometry": {"type": "Polygon", "coordinates": [[[-94.18288459356373, 30.80640116168839], [-94.1731787067931, 30.816630611553116], [-94.17861946428121, 30.829308457523513], [-94.19376939855641, 30.831757086783824], [-94.20347609387079, 30.8215264209209], [-94.198032046933, 30.808848341984298], [-94.18288459356373, 30.80640116168839]]]}}, {"type": "Feature", "properties": {"h3_index": "874468488ffffff", "total_count": 2, "source": "inaturalist"}, "geometry": {"type": "Polygon", "coordinates": [[[-94.24042767128664, 30.874681001605396], [-94.23071733796046, 30.884912057234356], [-94.2361697917524, 30.897588221768682], [-94.25133586957928, 30.90003355992633], [-94.2610470044107, 30.889801290511585], [-94.25559126048023, 30.877124896913205], [-94.24042767128664, 30.874681001605396]]]}}, {"type": "Feature", "properties": {"h3_index": "87446848effffff", "total_count": 8, "source": "inaturalist"}, "geometry": {"type": "Polygon", "coordinates": [[[-94.2198166366769, 30.85955876069982], [-94.21010710751062, 30.869788602142467], [-94.21555581265395, 30.882465135003503], [-94.23071733796046, 30.884912057234356], [-94.24042767128664, 30.874681001605396], [-94.23497567571555, 30.86200423812019], [-94.2198166366769, 30.85955876069982]]]}}, {"type": "Feature", "properties": {"h3_index": "874468490ffffff", "total_count": 1, "source": "inaturalist"}, "geometry": {"type": "Polygon", "coordinates": [[[-94.13318292588828, 30.82195339181948], [-94.12347461480338, 30.8321763330494], [-94.1289087879255, 30.8448537060899], [-94.14405456579021, 30.84730837572005], [-94.15376369252925, 30.837084219721387], [-94.14832622631434, 30.824406609049806], [-94.13318292588828, 30.82195339181948]]]}}, {"type": "Feature", "properties": {"h3_index": "874468491ffffff", "total_count": 86, "source": "inaturalist"}, "geometry": {"type": "Polygon", "coordinates": [[[-94.15376369252925, 30.837084219721387], [-94.14405456579021, 30.84730837572005], [-94.14949248432369, 30.85998539557456], [-94.16464282298116, 30.8624384956926], [-94.17435276273486, 30.852213125322443], [-94.16891155138242, 30.83953586939416], [-94.15376369252925, 30.837084219721387]]]}}, {"type": "Feature", "properties": {"h3_index": "874468493ffffff", "total_count": 4, "source": "inaturalist"}, "geometry": {"type": "Polygon", "coordinates": [[[-94.1289087879255, 30.8448537060899], [-94.11919845109139, 30.855074604342004], [-94.12463307498594, 30.86775138579089], [-94.1397813309186, 30.870207507581743], [-94.14949248432369, 30.85998539557456], [-94.14405456579021, 30.84730837572005], [-94.1289087879255, 30.8448537060899]]]}}, {"type": "Feature", "properties": {"h3_index": "874468494ffffff", "total_count": 1, "source": "inaturalist"}, "geometry": {"type": "Polygon", "coordinates": [[[-94.13745548969679, 30.799050450226442], [-94.12774920363572, 30.80927543092962], [-94.13318292588828, 30.82195339181948], [-94.14832622631434, 30.824406609049806], [-94.15803332711354, 30.814180412563736], [-94.15259631331332, 30.801502214818736], [-94.13745548969679, 30.799050450226442]]]}}, {"type": "Feature", "properties": {"h3_index": "874468495ffffff", "total_count": 9, "source": "inaturalist"}, "geometry": {"type": "Polygon", "coordinates": [[[-94.15803332711354, 30.814180412563736], [-94.14832622631434, 30.824406609049806], [-94.15376369252925, 30.837084219721387], [-94.16891155138242, 30.83953586939416], [-94.17861946428121, 30.829308457523513], [-94.1731787067931, 30.816630611553116], [-94.15803332711354, 30.814180412563736]]]}}, {"type": "Feature", "properties": {"h3_index": "87446849cffffff", "total_count": 91, "source": "inaturalist"}, "geometry": {"type": "Polygon", "coordinates": [[[-94.17435276273486, 30.852213125322443], [-94.16464282298116, 30.8624384956926], [-94.17008448810245, 30.875115157835648], [-94.18523938608594, 30.877566684312434], [-94.19495013621078, 30.867340099968583], [-94.18950517854807, 30.85466320331003], [-94.17435276273486, 30.852213125322443]]]}}, {"type": "Feature", "properties": {"h3_index": "87446849effffff", "total_count": 7, "source": "inaturalist"}, "geometry": {"type": "Polygon", "coordinates": [[[-94.14949248432369, 30.85998539557456], [-94.1397813309186, 30.870207507581743], [-94.14521970167424, 30.882883932877476], [-94.16037252076678, 30.885338483201732], [-94.17008448810245, 30.875115157835648], [-94.16464282298116, 30.8624384956926], [-94.14949248432369, 30.85998539557456]]]}}, {"type": "Feature", "properties": {"h3_index": "8744684a0ffffff", "total_count": 34, "source": "inaturalist"}, "geometry": {"type": "Polygon", "coordinates": [[[-94.23684422912052, 30.76790697604342], [-94.22714280740236, 30.778144956496575], [-94.2325896849142, 30.790823850809538], [-94.24774126895986, 30.79326499238005], [-94.25744349119731, 30.783025793696158], [-94.25199332943833, 30.77034667186088], [-94.23684422912052, 30.76790697604342]]]}}, {"type": "Feature", "properties": {"h3_index": "8744684a3ffffff", "total_count": 3, "source": "inaturalist"}, "geometry": {"type": "Polygon", "coordinates": [[[-94.2325896849142, 30.790823850809538], [-94.22288623742543, 30.801059801778315], [-94.22833357198543, 30.81373811134813], [-94.24348764039375, 30.816180698437417], [-94.25319188931074, 30.805943530249742], [-94.24774126895986, 30.79326499238005], [-94.2325896849142, 30.790823850809538]]]}}, {"type": "Feature", "properties": {"h3_index": "8744684a6ffffff", "total_count": 3, "source": "inaturalist"}, "geometry": {"type": "Polygon", "coordinates": [[[-94.21625325062878, 30.752786234773044], [-94.20655263207664, 30.763022996591236], [-94.21199576791226, 30.77570224282002], [-94.22714280740236, 30.778144956496575], [-94.23684422912052, 30.76790697604342], [-94.23139780874997, 30.75522750073713], [-94.21625325062878, 30.752786234773044]]]}}, {"type": "Feature", "properties": {"h3_index": "8744684a8ffffff", "total_count": 17, "source": "inaturalist"}, "geometry": {"type": "Polygon", "coordinates": [[[-94.27380238077468, 30.82106127248765], [-94.2640973330812, 30.83129965749051], [-94.26955215738357, 30.843977243701126], [-94.28471531515567, 30.846416670281815], [-94.29442115896993, 30.836177068868075], [-94.28896304946218, 30.823499257472783], [-94.27380238077468, 30.82106127248765]]]}}, {"type": "Feature", "properties": {"h3_index": "8744684aaffffff", "total_count": 1, "source": "inaturalist"}, "geometry": {"type": "Polygon", "coordinates": [[[-94.24893871924412, 30.82885864859227], [-94.2392324429194, 30.839093782770146], [-94.24468398017656, 30.851771141462855], [-94.25984508137357, 30.854213593683884], [-94.26955215738357, 30.843977243701126], [-94.2640973330812, 30.83129965749051], [-94.24893871924412, 30.82885864859227]]]}}, {"type": "Feature", "properties": {"h3_index": "8744684aeffffff", "total_count": 1, "source": "inaturalist"}, "geometry": {"type": "Polygon", "coordinates": [[[-94.25319188931074, 30.805943530249742], [-94.24348764039375, 30.816180698437417], [-94.24893871924412, 30.82885864859227], [-94.2640973330812, 30.83129965749051], [-94.27380238077468, 30.82106127248765], [-94.26834801642435, 30.80838309559005], [-94.25319188931074, 30.805943530249742]]]}}, {"type": "Feature", "properties": {"h3_index": "8744684b0ffffff", "total_count": 2, "source": "inaturalist"}, "geometry": {"type": "Polygon", "coordinates": [[[-94.16656787870612, 30.768364933342124], [-94.15686482760911, 30.778595200279387], [-94.16230138889863, 30.791273981352173], [-94.17744429003517, 30.79372272942094], [-94.18714815140406, 30.783491245071477], [-94.18170830193007, 30.770812230253977], [-94.16656787870612, 30.768364933342124]]]}}, {"type": "Feature", "properties": {"h3_index": "8744684b2ffffff", "total_count": 4, "source": "inaturalist"}, "geometry": {"type": "Polygon", "coordinates": [[[-94.14172648017305, 30.77614488856239], [-94.13202221841065, 30.786371905231423], [-94.13745548969679, 30.799050450226442], [-94.15259631331332, 30.801502214818736], [-94.16230138889863, 30.791273981352173], [-94.15686482760911, 30.778595200279387], [-94.14172648017305, 30.77614488856239]]]}}, {"type": "Feature", "properties": {"h3_index": "8744684b6ffffff", "total_count": 2, "source": "inaturalist"}, "geometry": {"type": "Polygon", "coordinates": [[[-94.14599589813848, 30.75323671408378], [-94.13629365994997, 30.763465763208387], [-94.14172648017305, 30.77614488856239], [-94.15686482760911, 30.778595200279387], [-94.16656787870612, 30.768364933342124], [-94.16113177002299, 30.755685572689107], [-94.14599589813848, 30.75323671408378]]]}}, {"type": "Feature", "properties": {"h3_index": "8744684cbffffff", "total_count": 2, "source": "inaturalist"}, "geometry": {"type": "Polygon", "coordinates": [[[-94.38070009172455, 31.003394549797136], [-94.37098216788172, 31.013632041912118], [-94.37646136305608, 31.02630487773758], [-94.39166177221323, 31.028740440516856], [-94.40138047977055, 31.018501738436587], [-94.39589799503428, 31.005828683730115], [-94.38070009172455, 31.003394549797136]]]}}, {"type": "Feature", "properties": {"h3_index": "8744684dbffffff", "total_count": 12, "source": "inaturalist"}, "geometry": {"type": "Polygon", "coordinates": [[[-94.31021189277483, 31.003874024781297], [-94.30049226749674, 31.014103776961], [-94.30596111911377, 31.02677656793705], [-94.32115289018232, 31.02921983203219], [-94.3308733090313, 31.018988870686318], [-94.32540116381598, 31.006315854599382], [-94.31021189277483, 31.003874024781297]]]}}, {"type": "Feature", "properties": {"h3_index": "8744684deffffff", "total_count": 3, "source": "inaturalist"}, "geometry": {"type": "Polygon", "coordinates": [[[-94.29381094875932, 30.96585277481559], [-94.28409415351517, 30.976083371984448], [-94.28955878514083, 30.988757177405752], [-94.30474350493353, 30.99120061175878], [-94.31446109551231, 30.9809688040197], [-94.3089931715376, 30.968294772685805], [-94.29381094875932, 30.96585277481559]]]}}, {"type": "Feature", "properties": {"h3_index": "8744684ebffffff", "total_count": 1, "source": "inaturalist"}, "geometry": {"type": "Polygon", "coordinates": [[[-94.41407833980816, 30.949752302201656], [-94.40436574061403, 30.959997151497156], [-94.4098472854732, 30.972671447917033], [-94.42504471469381, 30.97510111024847], [-94.434758092207, 30.964855048389527], [-94.42927326275915, 30.952180536950387], [-94.41407833980816, 30.949752302201656]]]}}, {"type": "Feature", "properties": {"h3_index": "8744684f0ffffff", "total_count": 2, "source": "inaturalist"}, "geometry": {"type": "Polygon", "coordinates": [[[-94.3108039049581, 30.87420857288222], [-94.30109523755168, 30.884447353264534], [-94.30655801900411, 30.897123597615177], [-94.3217327545881, 30.899561284609486], [-94.33144221369764, 30.889321289633624], [-94.32597614609325, 30.876644822445094], [-94.3108039049581, 30.87420857288222]]]}}, {"type": "Feature", "properties": {"h3_index": "874468500ffffff", "total_count": 6, "source": "inaturalist"}, "geometry": {"type": "Polygon", "coordinates": [[[-94.40706612322417, 30.606277002967396], [-94.39738223329871, 30.61654444510245], [-94.40284645585663, 30.62922751347848], [-94.41799783439913, 30.631643349499715], [-94.42768249899916, 30.621374680479132], [-94.42221501095537, 30.608691402511198], [-94.40706612322417, 30.606277002967396]]]}}, {"type": "Feature", "properties": {"h3_index": "874468503ffffff", "total_count": 9, "source": "inaturalist"}, "geometry": {"type": "Polygon", "coordinates": [[[-94.40284645585663, 30.62922751347848], [-94.39316054275524, 30.639492958885143], [-94.39862523205426, 30.652175465999516], [-94.4137791020508, 30.654592738274324], [-94.42346579072087, 30.64432606699287], [-94.41799783439913, 30.631643349499715], [-94.40284645585663, 30.62922751347848]]]}}, {"type": "Feature", "properties": {"h3_index": "874468506ffffff", "total_count": 2, "source": "inaturalist"}, "geometry": {"type": "Polygon", "coordinates": [[[-94.38645798706784, 30.591177404315967], [-94.3767748744769, 30.60144361914627], [-94.38223536440529, 30.614127033874396], [-94.39738223329871, 30.61654444510245], [-94.40706612322417, 30.606277002967396], [-94.40160236749387, 30.593593377097456], [-94.38645798706784, 30.591177404315967]]]}}, {"type": "Feature", "properties": {"h3_index": "87446850effffff", "total_count": 1, "source": "inaturalist"}, "geometry": {"type": "Polygon", "coordinates": [[[-94.42346579072087, 30.64432606699287], [-94.4137791020508, 30.654592738274324], [-94.41924752656465, 30.66727489152548], [-94.43440590702659, 30.669690582510412], [-94.44409336860039, 30.659422685772938], [-94.43862167738303, 30.646740323694807], [-94.42346579072087, 30.64432606699287]]]}}, {"type": "Feature", "properties": {"h3_index": "874468510ffffff", "total_count": 20, "source": "inaturalist"}, "geometry": {"type": "Polygon", "coordinates": [[[-94.33680783331936, 30.606865637762432], [-94.32712224166005, 30.617125405804245], [-94.33257619444402, 30.62980839123552], [-94.34771900895196, 30.63223182463065], [-94.35740538504882, 30.621970830474666], [-94.35194816277048, 30.609287629226216], [-94.33680783331936, 30.606865637762432]]]}}, {"type": "Feature", "properties": {"h3_index": "874468514ffffff", "total_count": 168, "source": "inaturalist"}, "geometry": {"type": "Polygon", "coordinates": [[[-94.34103791328745, 30.583920330964713], [-94.331354342842, 30.594182096240292], [-94.33680783331936, 30.606865637762432], [-94.35194816277048, 30.609287629226216], [-94.36163251675559, 30.599024636823064], [-94.35617575832005, 30.58634088027223], [-94.34103791328745, 30.583920330964713]]]}}, {"type": "Feature", "properties": {"h3_index": "874468516ffffff", "total_count": 2, "source": "inaturalist"}, "geometry": {"type": "Polygon", "coordinates": [[[-94.31621852993439, 30.591758539937697], [-94.30653372536263, 30.60201708144996], [-94.31198394604172, 30.614700405605827], [-94.32712224166005, 30.617125405804245], [-94.33680783331936, 30.606865637762432], [-94.331354342842, 30.594182096240292], [-94.31621852993439, 30.591758539937697]]]}}, {"type": "Feature", "properties": {"h3_index": "874468519ffffff", "total_count": 6, "source": "inaturalist"}, "geometry": {"type": "Polygon", "coordinates": [[[-94.39440245100158, 30.67512085322218], [-94.38471248936193, 30.685382294547512], [-94.3901781118826, 30.698063667842924], [-94.40533696671592, 30.700483811949685], [-94.41502770571495, 30.69022114676964], [-94.409558813095, 30.677539561525812], [-94.39440245100158, 30.67512085322218]]]}}, {"type": "Feature", "properties": {"h3_index": "874468525ffffff", "total_count": 2, "source": "inaturalist"}, "geometry": {"type": "Polygon", "coordinates": [[[-94.46514655867215, 30.54463588452633], [-94.45546921461805, 30.55491373953631], [-94.46093902640864, 30.567598332819596], [-94.4760894415281, 30.570005274617106], [-94.48576755136419, 30.559726189522543], [-94.48029448087355, 30.547041392903374], [-94.46514655867215, 30.54463588452633]]]}}, {"type": "Feature", "properties": {"h3_index": "874468526ffffff", "total_count": 25, "source": "inaturalist"}, "geometry": {"type": "Polygon", "coordinates": [[[-94.41971579486422, 30.537410196647727], [-94.41003797009765, 30.54768360768501], [-94.41550079191386, 30.560368337231935], [-94.43064469995014, 30.562779863152972], [-94.44032329671363, 30.552505222195162], [-94.43485721401665, 30.539820285425265], [-94.41971579486422, 30.537410196647727]]]}}, {"type": "Feature", "properties": {"h3_index": "874468531ffffff", "total_count": 7, "source": "inaturalist"}, "geometry": {"type": "Polygon", "coordinates": [[[-94.39067905355574, 30.568225228073178], [-94.38099796251801, 30.57849343507432], [-94.38645798706784, 30.591177404315967], [-94.40160236749387, 30.593593377097456], [-94.41128423497179, 30.583323941779305], [-94.40582094615546, 30.5706397621851], [-94.39067905355574, 30.568225228073178]]]}}, {"type": "Feature", "properties": {"h3_index": "874468532ffffff", "total_count": 62, "source": "inaturalist"}, "geometry": {"type": "Polygon", "coordinates": [[[-94.3452664351635, 30.560972478153644], [-94.33558488520565, 30.57123623711912], [-94.34103791328745, 30.583920330964713], [-94.35617575832005, 30.58634088027223], [-94.36585809092045, 30.576075893165306], [-94.36040179641569, 30.563391585080865], [-94.3452664351635, 30.560972478153644]]]}}, {"type": "Feature", "properties": {"h3_index": "874468533ffffff", "total_count": 585, "source": "inaturalist"}, "geometry": {"type": "Polygon", "coordinates": [[[-94.36585809092045, 30.576075893165306], [-94.35617575832005, 30.58634088027223], [-94.36163251675559, 30.599024636823064], [-94.3767748744769, 30.60144361914627], [-94.38645798706784, 30.591177404315967], [-94.38099796251801, 30.57849343507432], [-94.36585809092045, 30.576075893165306]]]}}, {"type": "Feature", "properties": {"h3_index": "874468535ffffff", "total_count": 13, "source": "inaturalist"}, "geometry": {"type": "Polygon", "coordinates": [[[-94.39489856468327, 30.54527051246471], [-94.38521949447156, 30.555540708088174], [-94.39067905355574, 30.568225228073178], [-94.40582094615546, 30.5706397621851], [-94.41550079191386, 30.560368337231935], [-94.41003797009765, 30.54768360768501], [-94.39489856468327, 30.54527051246471]]]}}, {"type": "Feature", "properties": {"h3_index": "874468536ffffff", "total_count": 2, "source": "inaturalist"}, "geometry": {"type": "Polygon", "coordinates": [[[-94.34949339976217, 30.53802208664514], [-94.33981386956596, 30.54828783575387], [-94.3452664351635, 30.560972478153644], [-94.36040179641569, 30.563391585080865], [-94.37008210835819, 30.553124606816375], [-94.364626277872, 30.540439750969], [-94.34949339976217, 30.53802208664514]]]}}, {"type": "Feature", "properties": {"h3_index": "874468549ffffff", "total_count": 2, "source": "inaturalist"}, "geometry": {"type": "Polygon", "coordinates": [[[-94.60941068954158, 30.780124947505726], [-94.59971714115456, 30.79040263274542], [-94.60521923329625, 30.80308139709547], [-94.6204181380722, 30.805482671212964], [-94.63011243519895, 30.7952037643126], [-94.62460707939427, 30.78252480514304], [-94.60941068954158, 30.780124947505726]]]}}, {"type": "Feature", "properties": {"h3_index": "87446855cffffff", "total_count": 1, "source": "inaturalist"}, "geometry": {"type": "Polygon", "coordinates": [[[-94.52248269308436, 30.742742750860945], [-94.51279013736541, 30.75301353890643], [-94.51827773028467, 30.76569327191141], [-94.53346114609565, 30.768102418892433], [-94.54315446222274, 30.7578304084975], [-94.5376636027108, 30.74515047365888], [-94.52248269308436, 30.742742750860945]]]}}, {"type": "Feature", "properties": {"h3_index": "874468583ffffff", "total_count": 1, "source": "inaturalist"}, "geometry": {"type": "Polygon", "coordinates": [[[-94.22901629140165, 30.68402262187349], [-94.21932174307534, 30.694265447990254], [-94.22476351155413, 30.706946417024827], [-94.23990310883703, 30.70938478686464], [-94.24959845760459, 30.69914073907135], [-94.24415340921492, 30.68645954330332], [-94.22901629140165, 30.68402262187349]]]}}, {"type": "Feature", "properties": {"h3_index": "874468584ffffff", "total_count": 2, "source": "inaturalist"}, "geometry": {"type": "Polygon", "coordinates": [[[-94.23751715395913, 30.638167295426758], [-94.22782664882304, 30.648414146784244], [-94.23326750526398, 30.661096245578513], [-94.24840214424049, 30.663531718367707], [-94.25809344800541, 30.653283643303638], [-94.25264931473161, 30.640601319345564], [-94.23751715395913, 30.638167295426758]]]}}, {"type": "Feature", "properties": {"h3_index": "874468594ffffff", "total_count": 1, "source": "inaturalist"}, "geometry": {"type": "Polygon", "coordinates": [[[-94.16731942901653, 30.63865690378288], [-94.15762729783707, 30.64889606243135], [-94.16305786130219, 30.66157803332019], [-94.17818383726774, 30.664021077133615], [-94.187876776796, 30.653780695589816], [-94.18244293257358, 30.641098493316644], [-94.16731942901653, 30.63865690378288]]]}}, {"type": "Feature", "properties": {"h3_index": "874468596ffffff", "total_count": 3, "source": "inaturalist"}, "geometry": {"type": "Polygon", "coordinates": [[[-94.14250586524514, 30.646451468860235], [-94.13281252599879, 30.656687390365335], [-94.1382398068937, 30.669369127534747], [-94.15336371016792, 30.67181517710724], [-94.16305786130219, 30.66157803332019], [-94.15762729783707, 30.64889606243135], [-94.14250586524514, 30.646451468860235]]]}}, {"type": "Feature", "properties": {"h3_index": "874468598ffffff", "total_count": 17, "source": "inaturalist"}, "geometry": {"type": "Polygon", "coordinates": [[[-94.19992940448049, 30.71474584314584], [-94.1902316149615, 30.72498340986503], [-94.19567055604212, 30.737663578533812], [-94.21081057048518, 30.740106410522724], [-94.22050916490286, 30.729867623750454], [-94.21506694054493, 30.717187225230898], [-94.19992940448049, 30.71474584314584]]]}}, {"type": "Feature", "properties": {"h3_index": "874468599ffffff", "total_count": 8, "source": "inaturalist"}, "geometry": {"type": "Polygon", "coordinates": [[[-94.22050916490286, 30.729867623750454], [-94.21081057048518, 30.740106410522724], [-94.21625325062878, 30.752786234773044], [-94.23139780874997, 30.75522750073713], [-94.24109720542462, 30.74498749431652], [-94.23565124228838, 30.73230744176866], [-94.22050916490286, 30.729867623750454]]]}}, {"type": "Feature", "properties": {"h3_index": "87446859dffffff", "total_count": 98, "source": "inaturalist"}, "geometry": {"type": "Polygon", "coordinates": [[[-94.22476351155413, 30.706946417024827], [-94.21506694054493, 30.717187225230898], [-94.22050916490286, 30.729867623750454], [-94.23565124228838, 30.73230744176866], [-94.24534861464628, 30.7220654129004], [-94.23990310883703, 30.70938478686464], [-94.22476351155413, 30.706946417024827]]]}}, {"type": "Feature", "properties": {"h3_index": "8744685a1ffffff", "total_count": 5, "source": "inaturalist"}, "geometry": {"type": "Polygon", "coordinates": [[[-94.28716086420347, 30.622528938834954], [-94.2774728083597, 30.632782252372138], [-94.28292021663755, 30.645464799157878], [-94.29805895449894, 30.647894253086157], [-94.30774780187838, 30.6376397146342], [-94.30229712042919, 30.624956947357283], [-94.28716086420347, 30.622528938834954]]]}}, {"type": "Feature", "properties": {"h3_index": "8744685a5ffffff", "total_count": 1, "source": "inaturalist"}, "geometry": {"type": "Polygon", "coordinates": [[[-94.29139995013713, 30.599590518560458], [-94.28171391515882, 30.609845834382583], [-94.28716086420347, 30.622528938834954], [-94.30229712042919, 30.624956947357283], [-94.31198394604172, 30.614700405605827], [-94.30653372536263, 30.60201708144996], [-94.29139995013713, 30.599590518560458]]]}}, {"type": "Feature", "properties": {"h3_index": "8744685a6ffffff", "total_count": 1, "source": "inaturalist"}, "geometry": {"type": "Polygon", "coordinates": [[[-94.24601175911731, 30.592301702723958], [-94.23632529427279, 30.60255256519571], [-94.24176523830458, 30.615235778709813], [-94.25689492150566, 30.61766835352941], [-94.26658218316979, 30.607416265319138], [-94.2611389653795, 30.594732828216454], [-94.24601175911731, 30.592301702723958]]]}}, {"type": "Feature", "properties": {"h3_index": "8744685a8ffffff", "total_count": 2, "source": "inaturalist"}, "geometry": {"type": "Polygon", "coordinates": [[[-94.30351009662816, 30.660576459720016], [-94.2938192267554, 30.670828991336602], [-94.29927082947438, 30.683510633565167], [-94.31441657704646, 30.685939964091965], [-94.32410823670823, 30.67568620898638], [-94.31865335957859, 30.663004347031464], [-94.30351009662816, 30.660576459720016]]]}}, {"type": "Feature", "properties": {"h3_index": "8744685b0ffffff", "total_count": 2, "source": "inaturalist"}, "geometry": {"type": "Polygon", "coordinates": [[[-94.19638936088303, 30.607928937375185], [-94.18670046091432, 30.618173340093296], [-94.19213385196038, 30.630856099420836], [-94.20725942094258, 30.633294684480393], [-94.21694912481193, 30.62304905723842], [-94.21151245636287, 30.61036606964948], [-94.19638936088303, 30.607928937375185]]]}}, {"type": "Feature", "properties": {"h3_index": "874468674ffffff", "total_count": 1, "source": "inaturalist"}, "geometry": {"type": "Polygon", "coordinates": [[[-94.75013002934989, 31.168214742352387], [-94.7404073509176, 31.178481001375303], [-94.74594863560264, 31.19114896372381], [-94.76121587671153, 31.193550856333793], [-94.77093928907234, 31.183283390355545], [-94.76539472699187, 31.17061523890941], [-94.75013002934989, 31.168214742352387]]]}}, {"type": "Feature", "properties": {"h3_index": "8744686b0ffffff", "total_count": 2, "source": "inaturalist"}, "geometry": {"type": "Polygon", "coordinates": [[[-94.42583758924262, 31.140344714992796], [-94.41610916029403, 31.150577582559233], [-94.42160152711229, 31.16324661506184], [-94.43682561828035, 31.165682997388032], [-94.44655482648129, 31.155448925056366], [-94.44105916484388, 31.142779675351246], [-94.42583758924262, 31.140344714992796]]]}}, {"type": "Feature", "properties": {"h3_index": "874468706ffffff", "total_count": 1, "source": "inaturalist"}, "geometry": {"type": "Polygon", "coordinates": [[[-94.64642266747731, 30.963069334247333], [-94.63671465712412, 30.97333855031884], [-94.6422309044816, 30.986012424170113], [-94.65745843464519, 30.988417276886533], [-94.6671671909149, 30.97814684640162], [-94.6616476716931, 30.96547277780098], [-94.64642266747731, 30.963069334247333]]]}}, {"type": "Feature", "properties": {"h3_index": "874468708ffffff", "total_count": 1, "source": "inaturalist"}, "geometry": {"type": "Polygon", "coordinates": [[[-94.70449830366866, 31.0312410564166], [-94.69478602117894, 31.041511877011523], [-94.70031403715603, 31.054183809560428], [-94.71555760852547, 31.056585112501292], [-94.72527062963421, 31.046313079744962], [-94.71973934134652, 31.033640956396233], [-94.70449830366866, 31.0312410564166]]]}}, {"type": "Feature", "properties": {"h3_index": "874468710ffffff", "total_count": 3, "source": "inaturalist"}, "geometry": {"type": "Polygon", "coordinates": [[[-94.59656129298841, 30.97878847592442], [-94.58685070562805, 30.98905119341656], [-94.59236040352845, 31.00172467076787], [-94.60758396505794, 31.00413563023118], [-94.61729530554707, 30.993871699478127], [-94.61178233196469, 30.981198022710057], [-94.59656129298841, 30.97878847592442]]]}}, {"type": "Feature", "properties": {"h3_index": "874468712ffffff", "total_count": 2, "source": "inaturalist"}, "geometry": {"type": "Polygon", "coordinates": [[[-94.57163165775974, 30.986638595599736], [-94.56191978752582, 30.996898060890338], [-94.56742620784121, 31.009571336491657], [-94.58264777656134, 31.011985348739792], [-94.59236040352845, 31.00172467076787], [-94.58685070562805, 30.98905119341656], [-94.57163165775974, 30.986638595599736]]]}}, {"type": "Feature", "properties": {"h3_index": "874468725ffffff", "total_count": 2, "source": "inaturalist"}, "geometry": {"type": "Polygon", "coordinates": [[[-94.72539635791163, 30.91648734533006], [-94.71569428078958, 30.926768318002917], [-94.7212198481089, 30.939443389364325], [-94.73645075770206, 30.941837675219222], [-94.74615356903325, 30.931555485428806], [-94.74062473715331, 30.91888022708821], [-94.72539635791163, 30.91648734533006]]]}}, {"type": "Feature", "properties": {"h3_index": "87446872cffffff", "total_count": 3, "source": "inaturalist"}, "geometry": {"type": "Polygon", "coordinates": [[[-94.74198008101337, 30.954512314062022], [-94.73227522921411, 30.96479247949093], [-94.73780504388208, 30.977466495083615], [-94.75304297667276, 30.979860531611504], [-94.76274856082958, 30.969579150482325], [-94.75721548043057, 30.95690494871259], [-94.74198008101337, 30.954512314062022]]]}}, {"type": "Feature", "properties": {"h3_index": "874468731ffffff", "total_count": 5, "source": "inaturalist"}, "geometry": {"type": "Polygon", "coordinates": [[[-94.65061287654751, 30.940123590801377], [-94.6409069053562, 30.950394837833013], [-94.64642266747731, 30.963069334247333], [-94.6616476716931, 30.96547277780098], [-94.67135438791503, 30.95520031536199], [-94.66583535547898, 30.942525624964013], [-94.65061287654751, 30.940123590801377]]]}}, {"type": "Feature", "properties": {"h3_index": "874468735ffffff", "total_count": 1, "source": "inaturalist"}, "geometry": {"type": "Polygon", "coordinates": [[[-94.6548015325113, 30.917175201102825], [-94.64509759974104, 30.92744847557274], [-94.65061287654751, 30.940123590801377], [-94.66583535547898, 30.942525624964013], [-94.67554003239476, 30.93225113409226], [-94.67002148682182, 30.919575825647044], [-94.6548015325113, 30.917175201102825]]]}}, {"type": "Feature", "properties": {"h3_index": "874468736ffffff", "total_count": 4, "source": "inaturalist"}, "geometry": {"type": "Polygon", "coordinates": [[[-94.60915462426689, 30.90996395985566], [-94.59945015128666, 30.920232774811673], [-94.60495840253783, 30.932908113202856], [-94.62017439838958, 30.935314833943362], [-94.62987962183233, 30.925044802739592], [-94.62436809954704, 30.912369267230485], [-94.60915462426689, 30.90996395985566]]]}}, {"type": "Feature", "properties": {"h3_index": "874468740ffffff", "total_count": 2, "source": "inaturalist"}, "geometry": {"type": "Polygon", "coordinates": [[[-94.8126101048498, 31.08363078466676], [-94.8028962036338, 31.09390970425209], [-94.80844255046358, 31.10658000420403], [-94.82370606794663, 31.108971566927245], [-94.83342069318257, 31.098691436305167], [-94.82787107751288, 31.08602095418335], [-94.8126101048498, 31.08363078466676]]]}}, {"type": "Feature", "properties": {"h3_index": "874468748ffffff", "total_count": 3, "source": "inaturalist"}, "geometry": {"type": "Polygon", "coordinates": [[[-94.85007807327592, 31.136700643387556], [-94.84036067805206, 31.14697994025715], [-94.84591506064672, 31.159648645007472], [-94.86119010866604, 31.162038232845738], [-94.87090822327173, 31.151757726772047], [-94.86535057107602, 31.139088842250768], [-94.85007807327592, 31.136700643387556]]]}}, {"type": "Feature", "properties": {"h3_index": "87446874bffffff", "total_count": 2, "source": "inaturalist"}, "geometry": {"type": "Polygon", "coordinates": [[[-94.84591506064672, 31.159648645007472], [-94.8361956159501, 31.16992589400184], [-94.84175049841403, 31.182593938870067], [-94.85702809733192, 31.184984915454418], [-94.86674826228739, 31.174706458237903], [-94.86119010866604, 31.162038232845738], [-94.84591506064672, 31.159648645007472]]]}}, {"type": "Feature", "properties": {"h3_index": "874468758ffffff", "total_count": 1, "source": "inaturalist"}, "geometry": {"type": "Polygon", "coordinates": [[[-94.779291338416, 31.13740533427901], [-94.76957202346479, 31.147676907638214], [-94.77511609027377, 31.160345717488887], [-94.7903827465267, 31.162743140180304], [-94.80010279088958, 31.15247035831601], [-94.7945554501847, 31.139801362452122], [-94.779291338416, 31.13740533427901]]]}}, {"type": "Feature", "properties": {"h3_index": "874468766ffffff", "total_count": 2, "source": "inaturalist"}, "geometry": {"type": "Polygon", "coordinates": [[[-94.82510347624547, 31.014767043221525], [-94.81539571144762, 31.025052068895228], [-94.8209405669214, 31.037724296911662], [-94.83619645197224, 31.040111679333496], [-94.84590493815986, 31.029825439665686], [-94.84035681850372, 31.017153031756934], [-94.82510347624547, 31.014767043221525]]]}}, {"type": "Feature", "properties": {"h3_index": "874468780ffffff", "total_count": 2, "source": "inaturalist"}, "geometry": {"type": "Polygon", "coordinates": [[[-94.49262795289877, 31.03307348494093], [-94.48291021759147, 31.043321132474457], [-94.4884072696198, 31.055993157942417], [-94.50362534236217, 31.058417745574104], [-94.51334384610648, 31.048168888108272], [-94.50784350925466, 31.035496653130572], [-94.49262795289877, 31.03307348494093]]]}}, {"type": "Feature", "properties": {"h3_index": "87446878cffffff", "total_count": 4, "source": "inaturalist"}, "geometry": {"type": "Polygon", "coordinates": [[[-94.53406802898795, 31.063262231475065], [-94.5243487595126, 31.073512298464294], [-94.52985333695327, 31.086183470678954], [-94.54508046859767, 31.08860478245845], [-94.55480050109398, 31.0783535063553], [-94.54929263951034, 31.06568212777395], [-94.53406802898795, 31.063262231475065]]]}}, {"type": "Feature", "properties": {"h3_index": "87446879cffffff", "total_count": 4, "source": "inaturalist"}, "geometry": {"type": "Polygon", "coordinates": [[[-94.463471438983, 31.06381111187291], [-94.45375039642546, 31.074053441423423], [-94.45924463595104, 31.086724619666857], [-94.47446320688212, 31.089153681148662], [-94.48418502237853, 31.078910143251818], [-94.47868749458745, 31.06623875240703], [-94.463471438983, 31.06381111187291]]]}}, {"type": "Feature", "properties": {"h3_index": "8744687a0ffffff", "total_count": 1, "source": "inaturalist"}, "geometry": {"type": "Polygon", "coordinates": [[[-94.5259875427187, 30.979391434777643], [-94.5162751564095, 30.98964643342011], [-94.52177453837831, 31.002319924908267], [-94.536989587068, 31.00473862359343], [-94.54670273642063, 30.99448241243872], [-94.54120007462394, 30.981808715298612], [-94.5259875427187, 30.979391434777643]]]}}, {"type": "Feature", "properties": {"h3_index": "8744687a9ffffff", "total_count": 3, "source": "inaturalist"}, "geometry": {"type": "Polygon", "coordinates": [[[-94.58395395113496, 31.047589051129577], [-94.57423724273232, 31.057845639530036], [-94.57974838655858, 31.070517222146375], [-94.59497951971314, 31.072932418252538], [-94.60469698391809, 31.06267461957334], [-94.59918255975346, 31.05000283525403], [-94.58395395113496, 31.047589051129577]]]}}, {"type": "Feature", "properties": {"h3_index": "874468800ffffff", "total_count": 1, "source": "inaturalist"}, "geometry": {"type": "Polygon", "coordinates": [[[-95.10260606586748, 30.383951544853016], [-95.09295854070714, 30.394308424589774], [-95.0985134826563, 30.40699647674663], [-95.11371916243063, 30.40932779336835], [-95.12336736226212, 30.39896967105775], [-95.11780920824656, 30.38628147488626], [-95.10260606586748, 30.383951544853016]]]}}, {"type": "Feature", "properties": {"h3_index": "874468805ffffff", "total_count": 2, "source": "inaturalist"}, "geometry": {"type": "Polygon", "coordinates": [[[-95.12745538104089, 30.375921430513607], [-95.11780920824656, 30.38628147488626], [-95.12336736226212, 30.39896967105775], [-95.138574899775, 30.40129796471243], [-95.14822174365365, 30.390936677238166], [-95.14266037953442, 30.37824833939778], [-95.12745538104089, 30.375921430513607]]]}}, {"type": "Feature", "properties": {"h3_index": "874468806ffffff", "total_count": 3, "source": "inaturalist"}, "geometry": {"type": "Polygon", "coordinates": [[[-95.0818528880655, 30.368931395095924], [-95.07220604031794, 30.37928703179318], [-95.07775726008956, 30.39197547366575], [-95.09295854070714, 30.394308424589774], [-95.10260606586748, 30.383951544853016], [-95.09705163359479, 30.371262957418825], [-95.0818528880655, 30.368931395095924]]]}}, {"type": "Feature", "properties": {"h3_index": "874468808ffffff", "total_count": 3, "source": "inaturalist"}, "geometry": {"type": "Polygon", "coordinates": [[[-95.14005029419239, 30.437032388541645], [-95.13039939381414, 30.447389826294426], [-95.13596229575164, 30.46007654025362], [-95.15117931137945, 30.46240595836073], [-95.16083088177488, 30.45204727996008], [-95.1552647671261, 30.439360424286992], [-95.14005029419239, 30.437032388541645]]]}}, {"type": "Feature", "properties": {"h3_index": "87446880affffff", "total_count": 9, "source": "inaturalist"}, "geometry": {"type": "Polygon", "coordinates": [[[-95.11518677621355, 30.445058763688074], [-95.10553452008168, 30.45541303104837], [-95.11109420733995, 30.46809960094885], [-95.12630936600921, 30.470432047734608], [-95.13596229575164, 30.46007654025362], [-95.13039939381414, 30.447389826294426], [-95.11518677621355, 30.445058763688074]]]}}, {"type": "Feature", "properties": {"h3_index": "87446880cffffff", "total_count": 2, "source": "inaturalist"}, "geometry": {"type": "Polygon", "coordinates": [[[-95.14413677655917, 30.413985765065163], [-95.13448790480206, 30.424345129483264], [-95.14005029419239, 30.437032388541645], [-95.1552647671261, 30.439360424286992], [-95.16491430805941, 30.42899981822838], [-95.1593487074834, 30.416312418251746], [-95.14413677655917, 30.413985765065163]]]}}, {"type": "Feature", "properties": {"h3_index": "87446880effffff", "total_count": 13, "source": "inaturalist"}, "geometry": {"type": "Polygon", "coordinates": [[[-95.11927782758688, 30.42201545125423], [-95.10962759997632, 30.432371647893145], [-95.11518677621355, 30.445058763688074], [-95.13039939381414, 30.447389826294426], [-95.14005029419239, 30.437032388541645], [-95.13448790480206, 30.424345129483264], [-95.11927782758688, 30.42201545125423]]]}}, {"type": "Feature", "properties": {"h3_index": "874468810ffffff", "total_count": 1, "source": "inaturalist"}, "geometry": {"type": "Polygon", "coordinates": [[[-95.03216595938865, 30.38496732148015], [-95.02251642513667, 30.395316623721538], [-95.02806121404565, 30.408004767434143], [-95.043258754209, 30.41034375934528], [-95.05290897303877, 30.39999321513005], [-95.047360967723, 30.38730492116475], [-95.03216595938865, 30.38496732148015]]]}}, {"type": "Feature", "properties": {"h3_index": "874468815ffffff", "total_count": 1, "source": "inaturalist"}, "geometry": {"type": "Polygon", "coordinates": [[[-95.05700916056644, 30.37695245065664], [-95.047360967723, 30.38730492116475], [-95.05290897303877, 30.39999321513005], [-95.0681083862503, 30.402329186681666], [-95.07775726008956, 30.39197547366575], [-95.07220604031794, 30.37928703179318], [-95.05700916056644, 30.37695245065664]]]}}, {"type": "Feature", "properties": {"h3_index": "874468819ffffff", "total_count": 7, "source": "inaturalist"}, "geometry": {"type": "Polygon", "coordinates": [[[-95.090323763472, 30.453078941841852], [-95.08067015527915, 30.46343003672817], [-95.08622662589406, 30.4761164602253], [-95.10143992194418, 30.478451935426367], [-95.11109420733995, 30.46809960094885], [-95.10553452008168, 30.45541303104837], [-95.090323763472, 30.453078941841852]]]}}, {"type": "Feature", "properties": {"h3_index": "87446881dffffff", "total_count": 4, "source": "inaturalist"}, "geometry": {"type": "Polygon", "coordinates": [[[-95.0944193821252, 30.43003894488004], [-95.08476780235155, 30.44039197165538], [-95.090323763472, 30.453078941841852], [-95.10553452008168, 30.45541303104837], [-95.11518677621355, 30.445058763688074], [-95.10962759997632, 30.432371647893145], [-95.0944193821252, 30.43003894488004]]]}}, {"type": "Feature", "properties": {"h3_index": "87446881effffff", "total_count": 1, "source": "inaturalist"}, "geometry": {"type": "Polygon", "coordinates": [[[-95.04880726615224, 30.423031516436534], [-95.03915502059587, 30.433380130753317], [-95.04470403910419, 30.44606734716736], [-95.05990852127196, 30.44840609895396], [-95.06956144951704, 30.438056244121437], [-95.06400921350247, 30.425368878205134], [-95.04880726615224, 30.423031516436534]]]}}, {"type": "Feature", "properties": {"h3_index": "874468820ffffff", "total_count": 1, "source": "inaturalist"}, "geometry": {"type": "Polygon", "coordinates": [[[-95.13562687411294, 30.329817598065286], [-95.12598475316861, 30.34018147572214], [-95.1315418847243, 30.352870737041407], [-95.14674434488126, 30.35519626095981], [-95.15638713522965, 30.344831138211788], [-95.15082679661596, 30.332141736823534], [-95.13562687411294, 30.329817598065286]]]}}, {"type": "Feature", "properties": {"h3_index": "874468822ffffff", "total_count": 2, "source": "inaturalist"}, "geometry": {"type": "Polygon", "coordinates": [[[-95.1107866835359, 30.337854319453584], [-95.10114321002439, 30.348215037711345], [-95.10669713256033, 30.360904156615156], [-95.12189773822557, 30.363232699863712], [-95.1315418847243, 30.352870737041407], [-95.12598475316861, 30.34018147572214], [-95.1107866835359, 30.337854319453584]]]}}, {"type": "Feature", "properties": {"h3_index": "874468828ffffff", "total_count": 1, "source": "inaturalist"}, "geometry": {"type": "Polygon", "coordinates": [[[-95.17307661749193, 30.382897497124326], [-95.16343113325286, 30.393261947669917], [-95.16899621969804, 30.4059498881439], [-95.18420999867385, 30.40827351603458], [-95.19385614765827, 30.39790782233161], [-95.1882878535228, 30.385219744082136], [-95.17307661749193, 30.382897497124326]]]}}, {"type": "Feature", "properties": {"h3_index": "874468829ffffff", "total_count": 1, "source": "inaturalist"}, "geometry": {"type": "Polygon", "coordinates": [[[-95.19385614765827, 30.39790782233161], [-95.18420999867385, 30.40827351603458], [-95.18977880846435, 30.420961054584044], [-95.2049969750812, 30.423283035844428], [-95.21464378605589, 30.412916099454463], [-95.2090717690258, 30.400228424677817], [-95.19385614765827, 30.39790782233161]]]}}, {"type": "Feature", "properties": {"h3_index": "87446882affffff", "total_count": 26, "source": "inaturalist"}, "geometry": {"type": "Polygon", "coordinates": [[[-95.14822174365365, 30.390936677238166], [-95.138574899775, 30.40129796471243], [-95.14413677655917, 30.413985765065163], [-95.1593487074834, 30.416312418251746], [-95.16899621969804, 30.4059498881439], [-95.16343113325286, 30.393261947669917], [-95.14822174365365, 30.390936677238166]]]}}, {"type": "Feature", "properties": {"h3_index": "87446882effffff", "total_count": 1, "source": "inaturalist"}, "geometry": {"type": "Polygon", "coordinates": [[[-95.15230519627694, 30.3678851324793], [-95.14266037953442, 30.37824833939778], [-95.14822174365365, 30.390936677238166], [-95.16343113325286, 30.393261947669917], [-95.17307661749193, 30.382897497124326], [-95.16751204523544, 30.37020901996099], [-95.15230519627694, 30.3678851324793]]]}}, {"type": "Feature", "properties": {"h3_index": "874468835ffffff", "total_count": 21, "source": "inaturalist"}, "geometry": {"type": "Polygon", "coordinates": [[[-95.09003959340464, 30.322835888356884], [-95.0803967956198, 30.33319536158239], [-95.08594699890351, 30.345884864185813], [-95.10114321002439, 30.348215037711345], [-95.1107866835359, 30.337854319453584], [-95.10523327079686, 30.32516467288967], [-95.09003959340464, 30.322835888356884]]]}}, {"type": "Feature", "properties": {"h3_index": "874468842ffffff", "total_count": 1, "source": "inaturalist"}, "geometry": {"type": "Polygon", "coordinates": [[[-95.22322136326811, 30.49707959248566], [-95.2135677993633, 30.507441990027363], [-95.21914561433165, 30.52012705104862], [-95.23438020471599, 30.5224498502222], [-95.24403442759682, 30.51208621390324], [-95.23845340172235, 30.499401017374414], [-95.22322136326811, 30.49707959248566]]]}}, {"type": "Feature", "properties": {"h3_index": "874468843ffffff", "total_count": 1, "source": "inaturalist"}, "geometry": {"type": "Polygon", "coordinates": [[[-95.24403442759682, 30.51208621390324], [-95.23438020471599, 30.5224498502222], [-95.23996175048649, 30.535134486604008], [-95.25520073018926, 30.537455620807204], [-95.26485560927604, 30.527090746180345], [-95.25927085306026, 30.514405975844536], [-95.24403442759682, 30.51208621390324]]]}}, {"type": "Feature", "properties": {"h3_index": "874468844ffffff", "total_count": 11, "source": "inaturalist"}, "geometry": {"type": "Polygon", "coordinates": [[[-95.25217524386163, 30.465982200615265], [-95.24252508586476, 30.476349696563652], [-95.24810559178793, 30.489035449437285], [-95.26333946370431, 30.491353838920016], [-95.27299027623681, 30.48098510268831], [-95.26740656292307, 30.468299217443604], [-95.25217524386163, 30.465982200615265]]]}}, {"type": "Feature", "properties": {"h3_index": "874468846ffffff", "total_count": 7, "source": "inaturalist"}, "geometry": {"type": "Polygon", "coordinates": [[[-95.22729559864983, 30.47402964615645], [-95.21764406672364, 30.484393974327816], [-95.22322136326811, 30.49707959248566], [-95.23845340172235, 30.499401017374414], [-95.24810559178793, 30.489035449437285], [-95.24252508586476, 30.476349696563652], [-95.22729559864983, 30.47402964615645]]]}}, {"type": "Feature", "properties": {"h3_index": "874468849ffffff", "total_count": 4, "source": "inaturalist"}, "geometry": {"type": "Polygon", "coordinates": [[[-95.30652232166604, 30.55709350867267], [-95.2968661384932, 30.56746085850464], [-95.30245888273491, 30.580144193576558], [-95.31771101979875, 30.58246030829117], [-95.32736785084387, 30.57209172156336], [-95.32177189756224, 30.559408257202872], [-95.30652232166604, 30.55709350867267]]]}}, {"type": "Feature", "properties": {"h3_index": "87446884affffff", "total_count": 1, "source": "inaturalist"}, "geometry": {"type": "Polygon", "coordinates": [[[-95.26078600777446, 30.550139827985102], [-95.25112909428915, 30.560502766402696], [-95.25671489318913, 30.57318640662292], [-95.27196081769165, 30.57550724179993], [-95.28161838544413, 30.565143066530393], [-95.27602937503431, 30.552459293122055], [-95.26078600777446, 30.550139827985102]]]}}, {"type": "Feature", "properties": {"h3_index": "87446884bffffff", "total_count": 2, "source": "inaturalist"}, "geometry": {"type": "Polygon", "coordinates": [[[-95.28161838544413, 30.565143066530393], [-95.27196081769165, 30.57550724179993], [-95.27755035089153, 30.58819044523983], [-95.29280066349422, 30.590509605228387], [-95.30245888273491, 30.580144193576558], [-95.2968661384932, 30.56746085850464], [-95.28161838544413, 30.565143066530393]]]}}, {"type": "Feature", "properties": {"h3_index": "87446884cffffff", "total_count": 3, "source": "inaturalist"}, "geometry": {"type": "Polygon", "coordinates": [[[-95.28974991802072, 30.519040795022928], [-95.28009641998722, 30.52940884107975], [-95.28568490755308, 30.542093180657275], [-95.30093010174403, 30.544409604419837], [-95.31058424959825, 30.534040320010412], [-95.3049925540489, 30.521355850377244], [-95.28974991802072, 30.519040795022928]]]}}, {"type": "Feature", "properties": {"h3_index": "87446884dffffff", "total_count": 1, "source": "inaturalist"}, "geometry": {"type": "Polygon", "coordinates": [[[-95.31058424959825, 30.534040320010412], [-95.30093010174403, 30.544409604419837], [-95.30652232166604, 30.55709350867267], [-95.32177189756224, 30.559408257202872], [-95.33142669245649, 30.549037734913256], [-95.3258312650237, 30.53635370215975], [-95.31058424959825, 30.534040320010412]]]}}, {"type": "Feature", "properties": {"h3_index": "874468851ffffff", "total_count": 2, "source": "inaturalist"}, "geometry": {"type": "Polygon", "coordinates": [[[-95.1983376000522, 30.50511752997877], [-95.18868266600333, 30.515476755029393], [-95.19425726808069, 30.528161678198902], [-95.2094900177021, 30.53048751435607], [-95.21914561433165, 30.52012705104862], [-95.2135677993633, 30.507441990027363], [-95.1983376000522, 30.50511752997877]]]}}, {"type": "Feature", "properties": {"h3_index": "874468852ffffff", "total_count": 2, "source": "inaturalist"}, "geometry": {"type": "Polygon", "coordinates": [[[-95.15265948206084, 30.49813476871754], [-95.14300385050937, 30.508489580987035], [-95.14857150702633, 30.521174780931013], [-95.16379801101763, 30.523505310541], [-95.17345431151402, 30.51314926007208], [-95.16788343967642, 30.50046391837927], [-95.15265948206084, 30.49813476871754]]]}}, {"type": "Feature", "properties": {"h3_index": "874468853ffffff", "total_count": 3, "source": "inaturalist"}, "geometry": {"type": "Polygon", "coordinates": [[[-95.17345431151402, 30.51314926007208], [-95.16379801101763, 30.523505310541], [-95.16936939822283, 30.53619009351483], [-95.18460030139988, 30.538518966402012], [-95.19425726808069, 30.528161678198902], [-95.18868266600333, 30.515476755029393], [-95.17345431151402, 30.51314926007208]]]}}, {"type": "Feature", "properties": {"h3_index": "874468854ffffff", "total_count": 2, "source": "inaturalist"}, "geometry": {"type": "Polygon", "coordinates": [[[-95.18161958962729, 30.46706011685885], [-95.17196735196909, 30.477420035440744], [-95.17753770838125, 30.490105932052472], [-95.19276351487083, 30.49243204888128], [-95.20241641703348, 30.48207089058548], [-95.19684284880499, 30.469384855361426], [-95.18161958962729, 30.46706011685885]]]}}, {"type": "Feature", "properties": {"h3_index": "874468858ffffff", "total_count": 32, "source": "inaturalist"}, "geometry": {"type": "Polygon", "coordinates": [[[-95.21506835103816, 30.543172014439897], [-95.20541072093737, 30.553530539911254], [-95.2109895725848, 30.566214475258644], [-95.22622926890219, 30.56854002240815], [-95.23588755965463, 30.55818026013513], [-95.23030549404348, 30.545496187700675], [-95.21506835103816, 30.543172014439897]]]}}, {"type": "Feature", "properties": {"h3_index": "874468859ffffff", "total_count": 2, "source": "inaturalist"}, "geometry": {"type": "Polygon", "coordinates": [[[-95.23588755965463, 30.55818026013513], [-95.22622926890219, 30.56854002240815], [-95.23181185429837, 30.58122352709682], [-95.2470559445573, 30.583547405230334], [-95.25671489318913, 30.57318640662292], [-95.25112909428915, 30.560502766402696], [-95.23588755965463, 30.55818026013513]]]}}, {"type": "Feature", "properties": {"h3_index": "87446885affffff", "total_count": 2, "source": "inaturalist"}, "geometry": {"type": "Polygon", "coordinates": [[[-95.19017542031611, 30.551203327844053], [-95.18051642025732, 30.561558675600104], [-95.18609205595514, 30.574242471517028], [-95.20132990826593, 30.576571059294835], [-95.2109895725848, 30.566214475258644], [-95.20541072093737, 30.553530539911254], [-95.19017542031611, 30.551203327844053]]]}}, {"type": "Feature", "properties": {"h3_index": "87446885bffffff", "total_count": 1, "source": "inaturalist"}, "geometry": {"type": "Polygon", "coordinates": [[[-95.2109895725848, 30.566214475258644], [-95.20132990826593, 30.576571059294835], [-95.2069092781682, 30.589254426108727], [-95.22215152848891, 30.591581346947585], [-95.23181185429837, 30.58122352709682], [-95.22622926890219, 30.56854002240815], [-95.2109895725848, 30.566214475258644]]]}}, {"type": "Feature", "properties": {"h3_index": "87446885cffffff", "total_count": 126, "source": "inaturalist"}, "geometry": {"type": "Polygon", "coordinates": [[[-95.21914561433165, 30.52012705104862], [-95.2094900177021, 30.53048751435607], [-95.21506835103816, 30.543172014439897], [-95.23030549404348, 30.545496187700675], [-95.23996175048649, 30.535134486604008], [-95.23438020471599, 30.5224498502222], [-95.21914561433165, 30.52012705104862]]]}}, {"type": "Feature", "properties": {"h3_index": "87446885dffffff", "total_count": 14, "source": "inaturalist"}, "geometry": {"type": "Polygon", "coordinates": [[[-95.23996175048649, 30.535134486604008], [-95.23030549404348, 30.545496187700675], [-95.23588755965463, 30.55818026013513], [-95.25112909428915, 30.560502766402696], [-95.26078600777446, 30.550139827985102], [-95.25520073018926, 30.537455620807204], [-95.23996175048649, 30.535134486604008]]]}}, {"type": "Feature", "properties": {"h3_index": "87446885effffff", "total_count": 9, "source": "inaturalist"}, "geometry": {"type": "Polygon", "coordinates": [[[-95.19425726808069, 30.528161678198902], [-95.18460030139988, 30.538518966402012], [-95.19017542031611, 30.551203327844053], [-95.20541072093737, 30.553530539911254], [-95.21506835103816, 30.543172014439897], [-95.2094900177021, 30.53048751435607], [-95.19425726808069, 30.528161678198902]]]}}, {"type": "Feature", "properties": {"h3_index": "874468869ffffff", "total_count": 1, "source": "inaturalist"}, "geometry": {"type": "Polygon", "coordinates": [[[-95.33953984782593, 30.502922267973208], [-95.32988912298478, 30.51329665056871], [-95.33548402451673, 30.525981247913304], [-95.3507328554777, 30.528291588215538], [-95.36038422291433, 30.51791596624485], [-95.35478611740439, 30.50523124353321], [-95.33953984782593, 30.502922267973208]]]}}, {"type": "Feature", "properties": {"h3_index": "87446886affffff", "total_count": 1, "source": "inaturalist"}, "geometry": {"type": "Polygon", "coordinates": [[[-95.29381341764888, 30.495985917034382], [-95.28416195335254, 30.50635589307732], [-95.28974991802072, 30.519040795022928], [-95.3049925540489, 30.521355850377244], [-95.3146446673334, 30.510984634995836], [-95.30905349620946, 30.49829960378481], [-95.29381341764888, 30.495985917034382]]]}}, {"type": "Feature", "properties": {"h3_index": "874468870ffffff", "total_count": 5, "source": "inaturalist"}, "geometry": {"type": "Polygon", "coordinates": [[[-95.21056950923384, 30.435970167909936], [-95.20092066860794, 30.44633518187815], [-95.20649371982677, 30.459021767425504], [-95.22171882058522, 30.46134347466478], [-95.23136832127858, 30.450977219471106], [-95.22579206174964, 30.438290498450204], [-95.21056950923384, 30.435970167909936]]]}}, {"type": "Feature", "properties": {"h3_index": "874468871ffffff", "total_count": 7, "source": "inaturalist"}, "geometry": {"type": "Polygon", "coordinates": [[[-95.23136832127858, 30.450977219471106], [-95.22171882058522, 30.46134347466478], [-95.22729559864983, 30.47402964615645], [-95.24252508586476, 30.476349696563652], [-95.25217524386163, 30.465982200615265], [-95.24659525794476, 30.45329589520089], [-95.23136832127858, 30.450977219471106]]]}}, {"type": "Feature", "properties": {"h3_index": "874468872ffffff", "total_count": 15, "source": "inaturalist"}, "geometry": {"type": "Polygon", "coordinates": [[[-95.18569995605444, 30.444011821898684], [-95.17604974869826, 30.454373669130128], [-95.18161958962729, 30.46706011685885], [-95.19684284880499, 30.469384855361426], [-95.20649371982677, 30.459021767425504], [-95.20092066860794, 30.44633518187815], [-95.18569995605444, 30.444011821898684]]]}}, {"type": "Feature", "properties": {"h3_index": "874468875ffffff", "total_count": 3, "source": "inaturalist"}, "geometry": {"type": "Polygon", "coordinates": [[[-95.23543953195562, 30.42792231984434], [-95.22579206174964, 30.438290498450204], [-95.23136832127858, 30.450977219471106], [-95.24659525794476, 30.45329589520089], [-95.25624338461914, 30.442926474850854], [-95.25066391876345, 30.430239620701727], [-95.23543953195562, 30.42792231984434]]]}}, {"type": "Feature", "properties": {"h3_index": "874468876ffffff", "total_count": 2, "source": "inaturalist"}, "geometry": {"type": "Polygon", "coordinates": [[[-95.18977880846435, 30.420961054584044], [-95.180130630666, 30.431324826856763], [-95.18569995605444, 30.444011821898684], [-95.20092066860794, 30.44633518187815], [-95.21056950923384, 30.435970167909936], [-95.2049969750812, 30.423283035844428], [-95.18977880846435, 30.420961054584044]]]}}, {"type": "Feature", "properties": {"h3_index": "874468882ffffff", "total_count": 1, "source": "inaturalist"}, "geometry": {"type": "Polygon", "coordinates": [[[-94.90383066642777, 30.447969628838838], [-94.89417245518217, 30.458301116859374], [-94.89970163039324, 30.4709879324798], [-94.91489224507401, 30.473343423039434], [-94.92455115964937, 30.46301069674837], [-94.91901875680551, 30.45032371835564], [-94.90383066642777, 30.447969628838838]]]}}, {"type": "Feature", "properties": {"h3_index": "874468889ffffff", "total_count": 2, "source": "inaturalist"}, "geometry": {"type": "Polygon", "coordinates": [[[-94.98676155681126, 30.508121847085015], [-94.97710054859851, 30.51845828546787], [-94.98264463639201, 30.53114354624991], [-94.9978529589857, 30.53349252540782], [-95.00751465961386, 30.52315485056981], [-95.00196734582853, 30.510469433216173], [-94.98676155681126, 30.508121847085015]]]}}, {"type": "Feature", "properties": {"h3_index": "87446888affffff", "total_count": 17, "source": "inaturalist"}, "geometry": {"type": "Polygon", "coordinates": [[[-94.94115682041004, 30.501069772936614], [-94.93149517746909, 30.511401789553926], [-94.93703230718707, 30.52408728540673], [-94.95223430878895, 30.52644092529573], [-94.96189665046612, 30.51610767231145], [-94.95635629239887, 30.50342201599239], [-94.94115682041004, 30.501069772936614]]]}}, {"type": "Feature", "properties": {"h3_index": "87446888dffffff", "total_count": 2, "source": "inaturalist"}, "geometry": {"type": "Polygon", "coordinates": [[[-94.9908769518207, 30.485097648365304], [-94.98121797233628, 30.495436032642935], [-94.98676155681126, 30.508121847085015], [-95.00196734582853, 30.510469433216173], [-95.01162701687548, 30.50012981148781], [-95.00608020793808, 30.48744384126617], [-94.9908769518207, 30.485097648365304]]]}}, {"type": "Feature", "properties": {"h3_index": "8744688a6ffffff", "total_count": 3, "source": "inaturalist"}, "geometry": {"type": "Polygon", "coordinates": [[[-94.9410399465681, 30.370909254987854], [-94.93138913221902, 30.381249731311], [-94.93692003787264, 30.39393832088502], [-94.9521049795887, 30.396286592358834], [-94.96175649112533, 30.385944874220655], [-94.95622236434998, 30.37325612661117], [-94.9410399465681, 30.370909254987854]]]}}, {"type": "Feature", "properties": {"h3_index": "8744688b4ffffff", "total_count": 1, "source": "inaturalist"}, "geometry": {"type": "Polygon", "coordinates": [[[-94.89550532619776, 30.363859391915454], [-94.88585389213576, 30.37419545312998], [-94.89137785360937, 30.386884250656855], [-94.90655647318992, 30.389237149082415], [-94.91620861072836, 30.378899846141643], [-94.91068142579951, 30.366210886689164], [-94.89550532619776, 30.363859391915454]]]}}, {"type": "Feature", "properties": {"h3_index": "8744688c2ffffff", "total_count": 2, "source": "inaturalist"}, "geometry": {"type": "Polygon", "coordinates": [[[-95.04904531699631, 30.553214735683785], [-95.03938223975652, 30.563554882065095], [-95.04493752301538, 30.576238928908413], [-95.06015910883437, 30.57858298146962], [-95.06982287026253, 30.5682416000015], [-95.0642643622822, 30.555557401245867], [-95.04904531699631, 30.553214735683785]]]}}, {"type": "Feature", "properties": {"h3_index": "8744688c3ffffff", "total_count": 1, "source": "inaturalist"}, "geometry": {"type": "Polygon", "coordinates": [[[-95.06982287026253, 30.5682416000015], [-95.06015910883437, 30.57858298146962], [-95.065718126002, 30.591266614553255], [-95.0809441294882, 30.593609016713135], [-95.09060857235453, 30.58326640061562], [-95.08504633089646, 30.57058261717441], [-95.06982287026253, 30.5682416000015]]]}}, {"type": "Feature", "properties": {"h3_index": "8744688cbffffff", "total_count": 1, "source": "inaturalist"}, "geometry": {"type": "Polygon", "coordinates": [[[-95.10730378914255, 30.621315771021134], [-95.09763663301713, 30.63165766585023], [-95.1032036331858, 30.64433988226644], [-95.11844101503229, 30.646680352070653], [-95.1281088479309, 30.63633722451782], [-95.12253862281216, 30.62365486007113], [-95.10730378914255, 30.621315771021134]]]}}, {"type": "Feature", "properties": {"h3_index": "8744688ccffffff", "total_count": 5, "source": "inaturalist"}, "geometry": {"type": "Polygon", "coordinates": [[[-95.1154995343423, 30.575259963177125], [-95.10583644662155, 30.58560576529861], [-95.11140242259273, 30.598289128865755], [-95.12663470877136, 30.600626836957492], [-95.13629847157164, 30.59027980013407], [-95.1307292737157, 30.577596290107493], [-95.1154995343423, 30.575259963177125]]]}}, {"type": "Feature", "properties": {"h3_index": "8744688cdffffff", "total_count": 6, "source": "inaturalist"}, "geometry": {"type": "Polygon", "coordinates": [[[-95.13629847157164, 30.59027980013407], [-95.12663470877136, 30.600626836957492], [-95.13220442028849, 30.61330977608969], [-95.14744111665073, 30.615645823488286], [-95.1571055517696, 30.60529755242337], [-95.15153261881062, 30.592614468387932], [-95.13629847157164, 30.59027980013407]]]}}, {"type": "Feature", "properties": {"h3_index": "8744688d6ffffff", "total_count": 1, "source": "inaturalist"}, "geometry": {"type": "Polygon", "coordinates": [[[-94.98264463639201, 30.53114354624991], [-94.9729815987102, 30.54147803514803], [-94.97852618975722, 30.55416273847703], [-94.99373704660405, 30.556513110457278], [-95.00340077755493, 30.54617738609909], [-94.9978529589857, 30.53349252540782], [-94.98264463639201, 30.53114354624991]]]}}, {"type": "Feature", "properties": {"h3_index": "8744688daffffff", "total_count": 1, "source": "inaturalist"}, "geometry": {"type": "Polygon", "coordinates": [[[-95.0159388177151, 30.607248364801276], [-95.00627033165564, 30.6175814104614], [-95.01182340041723, 30.63026416476737], [-95.0270481855821, 30.632614029428435], [-95.0367173611332, 30.622279751202374], [-95.03116106262617, 30.609596841068065], [-95.0159388177151, 30.607248364801276]]]}}, {"type": "Feature", "properties": {"h3_index": "8744688e0ffffff", "total_count": 12, "source": "inaturalist"}, "geometry": {"type": "Polygon", "coordinates": [[[-95.10700012016338, 30.491137955630762], [-95.09734380476074, 30.501488353624087], [-95.10290451388059, 30.514173820332616], [-95.11812475673759, 30.516509034879856], [-95.1277817474388, 30.506157398750858], [-95.12221782058471, 30.493471786397098], [-95.10700012016338, 30.491137955630762]]]}}, {"type": "Feature", "properties": {"h3_index": "8744688e2ffffff", "total_count": 78, "source": "inaturalist"}, "geometry": {"type": "Polygon", "coordinates": [[[-95.08212796858814, 30.499151492628215], [-95.07247030133006, 30.509498712933606], [-95.07802779075053, 30.52218403165305], [-95.09324616772783, 30.52452227824308], [-95.10290451388059, 30.514173820332616], [-95.09734380476074, 30.501488353624087], [-95.08212796858814, 30.499151492628215]]]}}, {"type": "Feature", "properties": {"h3_index": "8744688e4ffffff", "total_count": 18, "source": "inaturalist"}, "geometry": {"type": "Polygon", "coordinates": [[[-95.11109420733995, 30.46809960094885], [-95.10143992194418, 30.478451935426367], [-95.10700012016338, 30.491137955630762], [-95.12221782058471, 30.493471786397098], [-95.13187278043468, 30.48311821279164], [-95.12630936600921, 30.470432047734608], [-95.11109420733995, 30.46809960094885]]]}}, {"type": "Feature", "properties": {"h3_index": "8744688e6ffffff", "total_count": 2, "source": "inaturalist"}, "geometry": {"type": "Polygon", "coordinates": [[[-95.08622662589406, 30.4761164602253], [-95.07657098853984, 30.486465619620724], [-95.08212796858814, 30.499151492628215], [-95.09734380476074, 30.501488353624087], [-95.10700012016338, 30.491137955630762], [-95.10143992194418, 30.478451935426367], [-95.08622662589406, 30.4761164602253]]]}}, {"type": "Feature", "properties": {"h3_index": "8744688e8ffffff", "total_count": 7, "source": "inaturalist"}, "geometry": {"type": "Polygon", "coordinates": [[[-95.14448201413593, 30.54421229516719], [-95.13482231845043, 30.55456322690356], [-95.14039100258582, 30.56724730403151], [-95.15562260138869, 30.569580592938426], [-95.16528296770436, 30.559228424982543], [-95.15971106518961, 30.546544204525855], [-95.14448201413593, 30.54421229516719]]]}}, {"type": "Feature", "properties": {"h3_index": "8744688ebffffff", "total_count": 1, "source": "inaturalist"}, "geometry": {"type": "Polygon", "coordinates": [[[-95.14039100258582, 30.56724730403151], [-95.1307292737157, 30.577596290107493], [-95.13629847157164, 30.59027980013407], [-95.15153261881062, 30.592614468387932], [-95.16119501915475, 30.582264247081685], [-95.15562260138869, 30.569580592938426], [-95.14039100258582, 30.56724730403151]]]}}, {"type": "Feature", "properties": {"h3_index": "8744688ecffffff", "total_count": 7, "source": "inaturalist"}, "geometry": {"type": "Polygon", "coordinates": [[[-95.14857150702633, 30.521174780931013], [-95.13891384378027, 30.53152765473282], [-95.14448201413593, 30.54421229516719], [-95.15971106518961, 30.546544204525855], [-95.16936939822283, 30.53619009351483], [-95.16379801101763, 30.523505310541], [-95.14857150702633, 30.521174780931013]]]}}, {"type": "Feature", "properties": {"h3_index": "8744688edffffff", "total_count": 2, "source": "inaturalist"}, "geometry": {"type": "Polygon", "coordinates": [[[-95.16936939822283, 30.53619009351483], [-95.15971106518961, 30.546544204525855], [-95.16528296770436, 30.559228424982543], [-95.18051642025732, 30.561558675600104], [-95.19017542031611, 30.551203327844053], [-95.18460030139988, 30.538518966402012], [-95.16936939822283, 30.53619009351483]]]}}, {"type": "Feature", "properties": {"h3_index": "8744688eeffffff", "total_count": 67, "source": "inaturalist"}, "geometry": {"type": "Polygon", "coordinates": [[[-95.12368919596074, 30.529194090731107], [-95.11403017366419, 30.53954378578545], [-95.1195951251967, 30.55222828133683], [-95.13482231845043, 30.55456322690356], [-95.14448201413593, 30.54421229516719], [-95.13891384378027, 30.53152765473282], [-95.12368919596074, 30.529194090731107]]]}}, {"type": "Feature", "properties": {"h3_index": "8744688f3ffffff", "total_count": 12, "source": "inaturalist"}, "geometry": {"type": "Polygon", "coordinates": [[[-95.03238522895704, 30.515159941887813], [-95.02272486908493, 30.525500800610402], [-95.0282759132263, 30.538185816321], [-95.04349054145574, 30.5405301261721], [-95.05315158741176, 30.530188030912424], [-95.04759731965206, 30.517502862525685], [-95.03238522895704, 30.515159941887813]]]}}, {"type": "Feature", "properties": {"h3_index": "874468900ffffff", "total_count": 1, "source": "inaturalist"}, "geometry": {"type": "Polygon", "coordinates": [[[-95.1312117306556, 30.22256865982712], [-95.12157837331445, 30.232938911067684], [-95.1271297462687, 30.245630630140138], [-95.14231767858064, 30.24795223655335], [-95.15195170471263, 30.23758073576374], [-95.14639713033891, 30.224888878297133], [-95.1312117306556, 30.22256865982712]]]}}, {"type": "Feature", "properties": {"h3_index": "874468901ffffff", "total_count": 8, "source": "inaturalist"}, "geometry": {"type": "Polygon", "coordinates": [[[-95.15195170471263, 30.23758073576374], [-95.14231767858064, 30.24795223655335], [-95.14787276450798, 30.26064358242316], [-95.16306507814333, 30.262963564543576], [-95.17269977032817, 30.252590814678346], [-95.16714148342297, 30.239899331955407], [-95.15195170471263, 30.23758073576374]]]}}, {"type": "Feature", "properties": {"h3_index": "874468904ffffff", "total_count": 2, "source": "inaturalist"}, "geometry": {"type": "Polygon", "coordinates": [[[-95.13529220412055, 30.199504285208878], [-95.12566086779594, 30.20987643216955], [-95.1312117306556, 30.22256865982712], [-95.14639713033891, 30.224888878297133], [-95.1560291346174, 30.214515480789203], [-95.15047507185558, 30.20182311554572], [-95.13529220412055, 30.199504285208878]]]}}, {"type": "Feature", "properties": {"h3_index": "874468905ffffff", "total_count": 4, "source": "inaturalist"}, "geometry": {"type": "Polygon", "coordinates": [[[-95.1560291346174, 30.214515480789203], [-95.14639713033891, 30.224888878297133], [-95.15195170471263, 30.23758073576374], [-95.16714148342297, 30.239899331955407], [-95.17677415291841, 30.229524684374656], [-95.17121637908456, 30.216832690862184], [-95.1560291346174, 30.214515480789203]]]}}, {"type": "Feature", "properties": {"h3_index": "874468908ffffff", "total_count": 2, "source": "inaturalist"}, "geometry": {"type": "Polygon", "coordinates": [[[-95.16862387806236, 30.27565453265752], [-95.1589871624479, 30.286025381179016], [-95.16454647532309, 30.298715830866307], [-95.17974570646375, 30.301035568335397], [-95.18938308622474, 30.290663472208163], [-95.18382057129796, 30.277972886404562], [-95.16862387806236, 30.27565453265752]]]}}, {"type": "Feature", "properties": {"h3_index": "874468909ffffff", "total_count": 1, "source": "inaturalist"}, "geometry": {"type": "Polygon", "coordinates": [[[-95.18938308622474, 30.290663472208163], [-95.17974570646375, 30.301035568335397], [-95.18530873580882, 30.313725632700155], [-95.20051234711823, 30.31604373569727], [-95.21015038827886, 30.305670392438085], [-95.20458415733093, 30.292980193500636], [-95.18938308622474, 30.290663472208163]]]}}, {"type": "Feature", "properties": {"h3_index": "87446890bffffff", "total_count": 3, "source": "inaturalist"}, "geometry": {"type": "Polygon", "coordinates": [[[-95.16454647532309, 30.298715830866307], [-95.15490773553839, 30.309084774418565], [-95.16046756131186, 30.321774701863347], [-95.17566933104125, 30.32409582286281], [-95.18530873580882, 30.313725632700155], [-95.17974570646375, 30.301035568335397], [-95.16454647532309, 30.298715830866307]]]}}, {"type": "Feature", "properties": {"h3_index": "87446890cffffff", "total_count": 3, "source": "inaturalist"}, "geometry": {"type": "Polygon", "coordinates": [[[-95.17269977032817, 30.252590814678346], [-95.16306507814333, 30.262963564543576], [-95.16862387806236, 30.27565453265752], [-95.18382057129796, 30.277972886404562], [-95.19345592679375, 30.267598887937837], [-95.18789392634221, 30.254907784512568], [-95.17269977032817, 30.252590814678346]]]}}, {"type": "Feature", "properties": {"h3_index": "87446890dffffff", "total_count": 3, "source": "inaturalist"}, "geometry": {"type": "Polygon", "coordinates": [[[-95.19345592679375, 30.267598887937837], [-95.18382057129796, 30.277972886404562], [-95.18938308622474, 30.290663472208163], [-95.20458415733093, 30.292980193500636], [-95.21422017339185, 30.282604946907206], [-95.20865445838174, 30.269914227334926], [-95.19345592679375, 30.267598887937837]]]}}, {"type": "Feature", "properties": {"h3_index": "874468911ffffff", "total_count": 6, "source": "inaturalist"}, "geometry": {"type": "Polygon", "coordinates": [[[-95.081578424075, 30.238656552773723], [-95.07194237162335, 30.249020505170126], [-95.07748733587563, 30.261711940410223], [-95.09267155850183, 30.264039566531334], [-95.1023082868892, 30.25367436564019], [-95.09676011731001, 30.24098278730998], [-95.081578424075, 30.238656552773723]]]}}, {"type": "Feature", "properties": {"h3_index": "87446891bffffff", "total_count": 4, "source": "inaturalist"}, "geometry": {"type": "Polygon", "coordinates": [[[-95.09413067236939, 30.299784475035164], [-95.08448989845624, 30.31014586110217], [-95.09003959340464, 30.322835888356884], [-95.10523327079686, 30.32516467288967], [-95.1148747195948, 30.314802040793392], [-95.10932181671252, 30.302111870380752], [-95.09413067236939, 30.299784475035164]]]}}, {"type": "Feature", "properties": {"h3_index": "87446891effffff", "total_count": 3, "source": "inaturalist"}, "geometry": {"type": "Polygon", "coordinates": [[[-95.07748733587563, 30.261711940410223], [-95.06784926187198, 30.272073988204184], [-95.07339473312184, 30.2847649094278], [-95.08858148581697, 30.287093926941026], [-95.09822023659777, 30.27673063165124], [-95.09267155850183, 30.264039566531334], [-95.07748733587563, 30.261711940410223]]]}}, {"type": "Feature", "properties": {"h3_index": "874468920ffffff", "total_count": 3, "source": "inaturalist"}, "geometry": {"type": "Polygon", "coordinates": [[[-95.1641794667164, 30.16837777570435], [-95.1545515039278, 30.178754955752208], [-95.16010505501973, 30.191447824950814], [-95.17528976592534, 30.193763648716104], [-95.18491839226147, 30.183385216599735], [-95.17936164474202, 30.170692212973783], [-95.1641794667164, 30.16837777570435]]]}}, {"type": "Feature", "properties": {"h3_index": "874468921ffffff", "total_count": 2, "source": "inaturalist"}, "geometry": {"type": "Polygon", "coordinates": [[[-95.18491839226147, 30.183385216599735], [-95.17528976592534, 30.193763648716104], [-95.18084702663056, 30.206456149196836], [-95.19603611025138, 30.208770350636676], [-95.20566539739636, 30.198390666928933], [-95.20010494071032, 30.185698033559806], [-95.18491839226147, 30.183385216599735]]]}}, {"type": "Feature", "properties": {"h3_index": "874468922ffffff", "total_count": 3, "source": "inaturalist"}, "geometry": {"type": "Polygon", "coordinates": [[[-95.13937116746091, 30.176437513737582], [-95.1297418514145, 30.18681155278659], [-95.13529220412055, 30.199504285208878], [-95.15047507185558, 30.20182311554572], [-95.16010505501973, 30.191447824950814], [-95.1545515039278, 30.178754955752208], [-95.13937116746091, 30.176437513737582]]]}}, {"type": "Feature", "properties": {"h3_index": "874468923ffffff", "total_count": 5, "source": "inaturalist"}, "geometry": {"type": "Polygon", "coordinates": [[[-95.16010505501973, 30.191447824950814], [-95.15047507185558, 30.20182311554572], [-95.1560291346174, 30.214515480789203], [-95.17121637908456, 30.216832690862184], [-95.18084702663056, 30.206456149196836], [-95.17528976592534, 30.193763648716104], [-95.16010505501973, 30.191447824950814]]]}}, {"type": "Feature", "properties": {"h3_index": "874468924ffffff", "total_count": 20, "source": "inaturalist"}, "geometry": {"type": "Polygon", "coordinates": [[[-95.16825237050381, 30.145305340509992], [-95.1586264273523, 30.155684406374093], [-95.1641794667164, 30.16837777570435], [-95.17936164474202, 30.170692212973783], [-95.1889882506075, 30.160311894042696], [-95.18343201633078, 30.14761839109637], [-95.16825237050381, 30.145305340509992]]]}}, {"type": "Feature", "properties": {"h3_index": "87446892affffff", "total_count": 1, "source": "inaturalist"}, "geometry": {"type": "Polygon", "coordinates": [[[-95.17677415291841, 30.229524684374656], [-95.16714148342297, 30.239899331955407], [-95.17269977032817, 30.252590814678346], [-95.18789392634221, 30.254907784512568], [-95.19752725831381, 30.244531887334126], [-95.19196577239425, 30.23184027010619], [-95.17677415291841, 30.229524684374656]]]}}, {"type": "Feature", "properties": {"h3_index": "87446892bffffff", "total_count": 6, "source": "inaturalist"}, "geometry": {"type": "Polygon", "coordinates": [[[-95.19752725831381, 30.244531887334126], [-95.18789392634221, 30.254907784512568], [-95.19345592679375, 30.267598887937837], [-95.20865445838174, 30.269914227334926], [-95.21828845008478, 30.259537081034594], [-95.2127232510685, 30.246845844646007], [-95.19752725831381, 30.244531887334126]]]}}, {"type": "Feature", "properties": {"h3_index": "87446892dffffff", "total_count": 6, "source": "inaturalist"}, "geometry": {"type": "Polygon", "coordinates": [[[-95.22642048139974, 30.213394118062883], [-95.21679053618846, 30.22377505288422], [-95.2223552191551, 30.236466802268804], [-95.23755304301, 30.23877774682705], [-95.24718364354118, 30.22839556137064], [-95.24161576549837, 30.215703682177967], [-95.22642048139974, 30.213394118062883]]]}}, {"type": "Feature", "properties": {"h3_index": "87446892effffff", "total_count": 2, "source": "inaturalist"}, "geometry": {"type": "Polygon", "coordinates": [[[-95.18084702663056, 30.206456149196836], [-95.17121637908456, 30.216832690862184], [-95.17677415291841, 30.229524684374656], [-95.19196577239425, 30.23184027010619], [-95.20159708158238, 30.221462477846504], [-95.19603611025138, 30.208770350636676], [-95.18084702663056, 30.206456149196836]]]}}, {"type": "Feature", "properties": {"h3_index": "874468940ffffff", "total_count": 2, "source": "inaturalist"}, "geometry": {"type": "Polygon", "coordinates": [[[-95.2765614466706, 30.32761095169597], [-95.2669234654277, 30.337989939813873], [-95.27250085049384, 30.3506789508053], [-95.28771941565647, 30.352989101455485], [-95.2973580464426, 30.342608867116933], [-95.29177746312747, 30.32991972853542], [-95.2765614466706, 30.32761095169597]]]}}, {"type": "Feature", "properties": {"h3_index": "874468942ffffff", "total_count": 1, "source": "inaturalist"}, "geometry": {"type": "Polygon", "coordinates": [[[-95.25170927115232, 30.33567814037834], [-95.2420699154485, 30.34605397647732], [-95.24764410028058, 30.358742857531684], [-95.26286084165427, 30.361056032610765], [-95.27250085049384, 30.3506789508053], [-95.2669234654277, 30.337989939813873], [-95.25170927115232, 30.33567814037834]]]}}, {"type": "Feature", "properties": {"h3_index": "874468943ffffff", "total_count": 13, "source": "inaturalist"}, "geometry": {"type": "Polygon", "coordinates": [[[-95.27250085049384, 30.3506789508053], [-95.26286084165427, 30.361056032610765], [-95.26843874699918, 30.37374451010983], [-95.28365986155866, 30.376056034380234], [-95.2933005207716, 30.365677707344815], [-95.28771941565647, 30.352989101455485], [-95.27250085049384, 30.3506789508053]]]}}, {"type": "Feature", "properties": {"h3_index": "874468944ffffff", "total_count": 4, "source": "inaturalist"}, "geometry": {"type": "Polygon", "coordinates": [[[-95.2806205363275, 30.304540520223085], [-95.27098458193713, 30.31492141102741], [-95.2765614466706, 30.32761095169597], [-95.29177746312747, 30.32991972853542], [-95.30141406623169, 30.3195375905193], [-95.29583400476957, 30.306847923062122], [-95.2806205363275, 30.304540520223085]]]}}, {"type": "Feature", "properties": {"h3_index": "874468945ffffff", "total_count": 5, "source": "inaturalist"}, "geometry": {"type": "Polygon", "coordinates": [[[-95.30141406623169, 30.3195375905193], [-95.29177746312747, 30.32991972853542], [-95.2973580464426, 30.342608867116933], [-95.3125784297275, 30.34491599311176], [-95.32221567878145, 30.334532608363087], [-95.3166318992062, 30.32184334453863], [-95.30141406623169, 30.3195375905193]]]}}, {"type": "Feature", "properties": {"h3_index": "87446894bffffff", "total_count": 2, "source": "inaturalist"}, "geometry": {"type": "Polygon", "coordinates": [[[-95.31005232378448, 30.403741629841967], [-95.30040898696264, 30.41411928971495], [-95.3059948595067, 30.42680640308389], [-95.32122726983387, 30.429115982857383], [-95.33087125232127, 30.418737079697763], [-95.32528217942307, 30.406049840237635], [-95.31005232378448, 30.403741629841967]]]}}, {"type": "Feature", "properties": {"h3_index": "87446894dffffff", "total_count": 3, "source": "inaturalist"}, "geometry": {"type": "Polygon", "coordinates": [[[-95.33897550444128, 30.372598516832674], [-95.32933558286823, 30.382981242177145], [-95.33492413107993, 30.395669024174623], [-95.35015579830576, 30.397974203961756], [-95.35979636111477, 30.387590233833386], [-95.35420461606978, 30.374902328888055], [-95.33897550444128, 30.372598516832674]]]}}, {"type": "Feature", "properties": {"h3_index": "87446894effffff", "total_count": 4, "source": "inaturalist"}, "geometry": {"type": "Polygon", "coordinates": [[[-95.2933005207716, 30.365677707344815], [-95.28365986155866, 30.376056034380234], [-95.2892414884206, 30.388744103762658], [-95.30446697440388, 30.391053973138778], [-95.31410828122387, 30.380674401350607], [-95.30852345505936, 30.36798620512552], [-95.2933005207716, 30.365677707344815]]]}}, {"type": "Feature", "properties": {"h3_index": "874468950ffffff", "total_count": 6, "source": "inaturalist"}, "geometry": {"type": "Polygon", "coordinates": [[[-95.20607909394779, 30.32873341018321], [-95.19643902694531, 30.339104846483504], [-95.20200628960013, 30.351793992703048], [-95.21721682253049, 30.354111836639106], [-95.22685754901607, 30.34373915467462], [-95.22128708368996, 30.331049874625055], [-95.20607909394779, 30.32873341018321]]]}}, {"type": "Feature", "properties": {"h3_index": "874468952ffffff", "total_count": 1, "source": "inaturalist"}, "geometry": {"type": "Polygon", "coordinates": [[[-95.1812328747475, 30.336785361973362], [-95.1715914442316, 30.34715364254908], [-95.1771555022417, 30.359842652591876], [-95.1923641960133, 30.36216351842254], [-95.20200628960013, 30.351793992703048], [-95.19643902694531, 30.339104846483504], [-95.1812328747475, 30.336785361973362]]]}}, {"type": "Feature", "properties": {"h3_index": "874468953ffffff", "total_count": 1, "source": "inaturalist"}, "geometry": {"type": "Polygon", "coordinates": [[[-95.20200628960013, 30.351793992703048], [-95.1923641960133, 30.36216351842254], [-95.19793197443683, 30.374852132562662], [-95.21314505124225, 30.37717135580045], [-95.22278780514712, 30.36680058540963], [-95.21721682253049, 30.354111836639106], [-95.20200628960013, 30.351793992703048]]]}}, {"type": "Feature", "properties": {"h3_index": "874468955ffffff", "total_count": 5, "source": "inaturalist"}, "geometry": {"type": "Polygon", "coordinates": [[[-95.2309257834995, 30.320675284708404], [-95.22128708368996, 30.331049874625055], [-95.22685754901607, 30.34373915467462], [-95.2420699154485, 30.34605397647732], [-95.25170927115232, 30.33567814037834], [-95.24613560513207, 30.322988728845708], [-95.2309257834995, 30.320675284708404]]]}}, {"type": "Feature", "properties": {"h3_index": "874468956ffffff", "total_count": 6, "source": "inaturalist"}, "geometry": {"type": "Polygon", "coordinates": [[[-95.18530873580882, 30.313725632700155], [-95.17566933104125, 30.32409582286281], [-95.1812328747475, 30.336785361973362], [-95.19643902694531, 30.339104846483504], [-95.20607909394779, 30.32873341018321], [-95.20051234711823, 30.31604373569727], [-95.18530873580882, 30.313725632700155]]]}}, {"type": "Feature", "properties": {"h3_index": "87446895affffff", "total_count": 5, "source": "inaturalist"}, "geometry": {"type": "Polygon", "coordinates": [[[-95.2187165510936, 30.389859569479405], [-95.2090717690258, 30.400228424677817], [-95.21464378605589, 30.412916099454463], [-95.22986379101792, 30.415235053100705], [-95.23950923148159, 30.404864954695466], [-95.23393400919059, 30.392177146037458], [-95.2187165510936, 30.389859569479405]]]}}, {"type": "Feature", "properties": {"h3_index": "874468960ffffff", "total_count": 291, "source": "inaturalist"}, "geometry": {"type": "Polygon", "coordinates": [[[-95.30952159135377, 30.273387757998503], [-95.29988904138011, 30.283773692482256], [-95.3054685809364, 30.2964638849967], [-95.32068386429283, 30.298768266851837], [-95.33031705856199, 30.288381083653928], [-95.32473432578426, 30.275690767501597], [-95.30952159135377, 30.273387757998503]]]}}, {"type": "Feature", "properties": {"h3_index": "874468961ffffff", "total_count": 11, "source": "inaturalist"}, "geometry": {"type": "Polygon", "coordinates": [[[-95.33031705856199, 30.288381083653928], [-95.32068386429283, 30.298768266851837], [-95.32626712049526, 30.311458058750073], [-95.34148676432125, 30.313760789730214], [-95.3511206001201, 30.303372358300095], [-95.34553415116939, 30.290682444308512], [-95.33031705856199, 30.288381083653928]]]}}, {"type": "Feature", "properties": {"h3_index": "874468965ffffff", "total_count": 4, "source": "inaturalist"}, "geometry": {"type": "Polygon", "coordinates": [[[-95.33436549377807, 30.26530169052756], [-95.32473432578426, 30.275690767501597], [-95.33031705856199, 30.288381083653928], [-95.34553415116939, 30.290682444308512], [-95.35516595986805, 30.280292118111817], [-95.34958003586038, 30.267601680669678], [-95.33436549377807, 30.26530169052756]]]}}, {"type": "Feature", "properties": {"h3_index": "874468966ffffff", "total_count": 4, "source": "inaturalist"}, "geometry": {"type": "Polygon", "coordinates": [[[-95.28873419927126, 30.258392389974137], [-95.27910229635503, 30.26877707526245], [-95.28467812026206, 30.281467663832384], [-95.29988904138011, 30.283773692482256], [-95.30952159135377, 30.273387757998503], [-95.30394257375593, 30.260697044246957], [-95.28873419927126, 30.258392389974137]]]}}, {"type": "Feature", "properties": {"h3_index": "874468969ffffff", "total_count": 1, "source": "inaturalist"}, "geometry": {"type": "Polygon", "coordinates": [[[-95.36788843315915, 30.341440229453116], [-95.35825192993015, 30.35182800924441], [-95.36384314871536, 30.36451645211478], [-95.37907406464873, 30.366817235182374], [-95.38871120468765, 30.356428209112902], [-95.38311679259174, 30.343739646440266], [-95.36788843315915, 30.341440229453116]]]}}, {"type": "Feature", "properties": {"h3_index": "87446896bffffff", "total_count": 1, "source": "inaturalist"}, "geometry": {"type": "Polygon", "coordinates": [[[-95.34302537320349, 30.349525565110245], [-95.33338748096779, 30.35991019611154], [-95.33897550444128, 30.372598516832674], [-95.35420461606978, 30.374902328888055], [-95.36384314871536, 30.36451645211478], [-95.35825192993015, 30.35182800924441], [-95.34302537320349, 30.349525565110245]]]}}, {"type": "Feature", "properties": {"h3_index": "874468971ffffff", "total_count": 8, "source": "inaturalist"}, "geometry": {"type": "Polygon", "coordinates": [[[-95.25983508983309, 30.289541406116832], [-95.25019978691677, 30.299921049230793], [-95.25577293407046, 30.312610987425998], [-95.27098458193713, 30.31492141102741], [-95.2806205363275, 30.304540520223085], [-95.27504419198047, 30.291850453694394], [-95.25983508983309, 30.289541406116832]]]}}, {"type": "Feature", "properties": {"h3_index": "874468972ffffff", "total_count": 8, "source": "inaturalist"}, "geometry": {"type": "Polygon", "coordinates": [[[-95.21422017339185, 30.282604946907206], [-95.20458415733093, 30.292980193500636], [-95.21015038827886, 30.305670392438085], [-95.22535583551954, 30.307985477194165], [-95.23499250939598, 30.29760898294952], [-95.22942307881762, 30.28491865178684], [-95.21422017339185, 30.282604946907206]]]}}, {"type": "Feature", "properties": {"h3_index": "874468973ffffff", "total_count": 1, "source": "inaturalist"}, "geometry": {"type": "Polygon", "coordinates": [[[-95.23499250939598, 30.29760898294952], [-95.22535583551954, 30.307985477194165], [-95.2309257834995, 30.320675284708404], [-95.24613560513207, 30.322988728845708], [-95.25577293407046, 30.312610987425998], [-95.25019978691677, 30.299921049230793], [-95.23499250939598, 30.29760898294952]]]}}, {"type": "Feature", "properties": {"h3_index": "874468975ffffff", "total_count": 1, "source": "inaturalist"}, "geometry": {"type": "Polygon", "coordinates": [[[-95.26389573923767, 30.266469403897535], [-95.25426246160045, 30.276850945076596], [-95.25983508983309, 30.289541406116832], [-95.27504419198047, 30.291850453694394], [-95.28467812026206, 30.281467663832384], [-95.27910229635503, 30.26877707526245], [-95.26389573923767, 30.266469403897535]]]}}, {"type": "Feature", "properties": {"h3_index": "87446898bffffff", "total_count": 16, "source": "inaturalist"}, "geometry": {"type": "Polygon", "coordinates": [[[-94.99070431717644, 30.35490951984625], [-94.98105616027227, 30.365256336755717], [-94.98659350623433, 30.377945240055414], [-95.00178222694196, 30.38028747997774], [-95.01143107388408, 30.36993942017183], [-95.00589051067408, 30.357250363527385], [-94.99070431717644, 30.35490951984625]]]}}, {"type": "Feature", "properties": {"h3_index": "87446898dffffff", "total_count": 3, "source": "inaturalist"}, "geometry": {"type": "Polygon", "coordinates": [[[-95.01964207298171, 30.323858890931618], [-95.00999727388323, 30.334210795722967], [-95.0155373333252, 30.34690037942417], [-95.03072540624231, 30.34923820871893], [-95.04037089095503, 30.338885059495052], [-95.03482761773053, 30.326195325596284], [-95.01964207298171, 30.323858890931618]]]}}, {"type": "Feature", "properties": {"h3_index": "874468990ffffff", "total_count": 7, "source": "inaturalist"}, "geometry": {"type": "Polygon", "coordinates": [[[-94.88719248775851, 30.279730335263082], [-94.87754782182927, 30.290070930798777], [-94.88306657875209, 30.30276165347002], [-94.89823322147738, 30.305111941853443], [-94.9078785910266, 30.2947701011263], [-94.90235661481863, 30.282079217394973], [-94.88719248775851, 30.279730335263082]]]}}, {"type": "Feature", "properties": {"h3_index": "874468991ffffff", "total_count": 1, "source": "inaturalist"}, "geometry": {"type": "Polygon", "coordinates": [[[-94.9078785910266, 30.2947701011263], [-94.89823322147738, 30.305111941853443], [-94.90375569410327, 30.317802309741754], [-94.9189267557527, 30.32015099660934], [-94.92857282621328, 30.309807911148454], [-94.92304713470222, 30.297117383741426], [-94.9078785910266, 30.2947701011263]]]}}, {"type": "Feature", "properties": {"h3_index": "874468992ffffff", "total_count": 5, "source": "inaturalist"}, "geometry": {"type": "Polygon", "coordinates": [[[-94.86238559967909, 30.287719044986325], [-94.85273962101707, 30.29805647398325], [-94.85825515673706, 30.310747033248322], [-94.87341989290911, 30.313100327110472], [-94.88306657875209, 30.30276165347002], [-94.87754782182927, 30.290070930798777], [-94.86238559967909, 30.287719044986325]]]}}, {"type": "Feature", "properties": {"h3_index": "874468994ffffff", "total_count": 4, "source": "inaturalist"}, "geometry": {"type": "Polygon", "coordinates": [[[-94.89131687254942, 30.256696585929408], [-94.88167422579993, 30.26703909975127], [-94.88719248775851, 30.279730335263082], [-94.90235661481863, 30.282079217394973], [-94.9119999643336, 30.27173545737729], [-94.90647848461089, 30.259044061611338], [-94.89131687254942, 30.256696585929408]]]}}, {"type": "Feature", "properties": {"h3_index": "874468995ffffff", "total_count": 3, "source": "inaturalist"}, "geometry": {"type": "Polygon", "coordinates": [[[-94.9119999643336, 30.27173545737729], [-94.90235661481863, 30.282079217394973], [-94.9078785910266, 30.2947701011263], [-94.92304713470222, 30.297117383741426], [-94.93269118427511, 30.28677237798662], [-94.92716599070346, 30.274081335541528], [-94.9119999643336, 30.27173545737729]]]}}, {"type": "Feature", "properties": {"h3_index": "8744689a2ffffff", "total_count": 5, "source": "inaturalist"}, "geometry": {"type": "Polygon", "coordinates": [[[-94.96572742247726, 30.232683501745516], [-94.9560887363634, 30.243035494993208], [-94.96161664584768, 30.255727204227053], [-94.97678645402631, 30.25806707361412], [-94.98642583222191, 30.24771383254199], [-94.9808947107477, 30.235021970094873], [-94.96572742247726, 30.232683501745516]]]}}, {"type": "Feature", "properties": {"h3_index": "8744689a3ffffff", "total_count": 2, "source": "inaturalist"}, "geometry": {"type": "Polygon", "coordinates": [[[-94.98642583222191, 30.24771383254199], [-94.97678645402631, 30.25806707361412], [-94.98231807654606, 30.270758426446662], [-94.99749228942993, 30.273096690067852], [-95.00713235699116, 30.262742201635], [-95.00159752289453, 30.250050697129236], [-94.98642583222191, 30.24771383254199]]]}}, {"type": "Feature", "properties": {"h3_index": "8744689a5ffffff", "total_count": 1, "source": "inaturalist"}, "geometry": {"type": "Polygon", "coordinates": [[[-95.01533726574083, 30.21664398404127], [-95.00570123843038, 30.227002286540184], [-95.01123556996227, 30.239694299853124], [-95.02640913751867, 30.242028159372836], [-95.03604584978325, 30.23166860797498], [-95.03050831012965, 30.21897644614389], [-95.01533726574083, 30.21664398404127]]]}}, {"type": "Feature", "properties": {"h3_index": "8744689a9ffffff", "total_count": 33, "source": "inaturalist"}, "geometry": {"type": "Polygon", "coordinates": [[[-95.04856974903957, 30.292793020191496], [-95.03892831091095, 30.303150001952076], [-95.04447107878198, 30.31584025829698], [-95.05965849569169, 30.318173680116683], [-95.06930061501427, 30.307815452390454], [-95.06375463682801, 30.295125048997473], [-95.04856974903957, 30.292793020191496]]]}}, {"type": "Feature", "properties": {"h3_index": "8744689aaffffff", "total_count": 4, "source": "inaturalist"}, "geometry": {"type": "Polygon", "coordinates": [[[-95.00302762602767, 30.285787681952684], [-94.99338553723638, 30.296140257924552], [-94.9989213762714, 30.3088307333765], [-95.01410251737126, 30.311168783981486], [-95.0237452936551, 30.300814962113883], [-95.01820624193942, 30.288124335724483], [-95.00302762602767, 30.285787681952684]]]}}, {"type": "Feature", "properties": {"h3_index": "8744689b1ffffff", "total_count": 9, "source": "inaturalist"}, "geometry": {"type": "Polygon", "coordinates": [[[-94.94092333456094, 30.240694023923137], [-94.93128332455804, 30.251042859430324], [-94.93680802012392, 30.263734413103705], [-94.95197594020077, 30.26607728701806], [-94.96161664584768, 30.255727204227053], [-94.9560887363634, 30.243035494993208], [-94.94092333456094, 30.240694023923137]]]}}, {"type": "Feature", "properties": {"h3_index": "8744689b2ffffff", "total_count": 4, "source": "inaturalist"}, "geometry": {"type": "Polygon", "coordinates": [[[-94.89543973392658, 30.23366041288968], [-94.88579910562316, 30.24400484138592], [-94.89131687254942, 30.256696585929408], [-94.90647848461089, 30.259044061611338], [-94.91611981482608, 30.24869838591445], [-94.91059883165576, 30.236006481924107], [-94.89543973392658, 30.23366041288968]]]}}, {"type": "Feature", "properties": {"h3_index": "8744689b3ffffff", "total_count": 6, "source": "inaturalist"}, "geometry": {"type": "Polygon", "coordinates": [[[-94.91611981482608, 30.24869838591445], [-94.90647848461089, 30.259044061611338], [-94.9119999643336, 30.27173545737729], [-94.92716599070346, 30.274081335541528], [-94.93680802012392, 30.263734413103705], [-94.93128332455804, 30.251042859430324], [-94.91611981482608, 30.24869838591445]]]}}, {"type": "Feature", "properties": {"h3_index": "874468a0affffff", "total_count": 1, "source": "inaturalist"}, "geometry": {"type": "Polygon", "coordinates": [[[-95.37840508816052, 30.816428798750128], [-95.368729350631, 30.826786683048745], [-95.37434503098812, 30.839462947441834], [-95.38963966839614, 30.84178145543493], [-95.39931604647141, 30.83142234442253], [-95.39369714720934, 30.81874595231631], [-95.37840508816052, 30.816428798750128]]]}}, {"type": "Feature", "properties": {"h3_index": "874468a0dffffff", "total_count": 12, "source": "inaturalist"}, "geometry": {"type": "Polygon", "coordinates": [[[-95.42833826969353, 30.800334682983785], [-95.41866534746605, 30.810698956986887], [-95.42428746360184, 30.82337547446673], [-95.439585717422, 30.82568784116279], [-95.44925927290221, 30.815322339434093], [-95.44363394192774, 30.802645698920287], [-95.42833826969353, 30.800334682983785]]]}}, {"type": "Feature", "properties": {"h3_index": "874468a12ffffff", "total_count": 2, "source": "inaturalist"}, "geometry": {"type": "Polygon", "coordinates": [[[-95.26989687892757, 30.764458650326656], [-95.26022234412915, 30.774808427173802], [-95.26581980483498, 30.78748646890725], [-95.28109502379499, 30.7898148702982], [-95.29077021399087, 30.77946386539241], [-95.28516953044046, 30.766785687340217], [-95.26989687892757, 30.764458650326656]]]}}, {"type": "Feature", "properties": {"h3_index": "874468a14ffffff", "total_count": 1, "source": "inaturalist"}, "geometry": {"type": "Polygon", "coordinates": [[[-95.29891362466596, 30.733398996887924], [-95.28924251954467, 30.743753933976716], [-95.2948426777226, 30.75643271455299], [-95.31011716093086, 30.758756691428847], [-95.3197889169784, 30.74840052478575], [-95.3141855395033, 30.73572161100697], [-95.29891362466596, 30.733398996887924]]]}}, {"type": "Feature", "properties": {"h3_index": "874468a15ffffff", "total_count": 9, "source": "inaturalist"}, "geometry": {"type": "Polygon", "coordinates": [[[-95.3197889169784, 30.74840052478575], [-95.31011716093086, 30.758756691428847], [-95.31572106531557, 30.77143500345963], [-95.33099994518095, 30.77375728067134], [-95.3406723493573, 30.76339988493929], [-95.3350652261524, 30.750721441270255], [-95.3197889169784, 30.74840052478575]]]}}, {"type": "Feature", "properties": {"h3_index": "874468a19ffffff", "total_count": 1, "source": "inaturalist"}, "geometry": {"type": "Polygon", "coordinates": [[[-95.35343910680176, 30.8244664610307], [-95.34376196720362, 30.834821147334445], [-95.34937442662827, 30.847497281675096], [-95.36466724719907, 30.849818859950005], [-95.37434503098812, 30.839462947441834], [-95.368729350631, 30.826786683048745], [-95.35343910680176, 30.8244664610307]]]}}, {"type": "Feature", "properties": {"h3_index": "874468a1cffffff", "total_count": 2, "source": "inaturalist"}, "geometry": {"type": "Polygon", "coordinates": [[[-95.33660759678011, 30.786435119583505], [-95.32693314876931, 30.79679054905634], [-95.33254132871062, 30.80946777942823], [-95.34782717715433, 30.81178971136034], [-95.3575022713277, 30.8014330542418], [-95.35189087150904, 30.788755693022523], [-95.33660759678011, 30.786435119583505]]]}}, {"type": "Feature", "properties": {"h3_index": "874468a1dffffff", "total_count": 1, "source": "inaturalist"}, "geometry": {"type": "Polygon", "coordinates": [[[-95.3575022713277, 30.8014330542418], [-95.34782717715433, 30.81178971136034], [-95.35343910680176, 30.8244664610307], [-95.368729350631, 30.826786683048745], [-95.37840508816052, 30.816428798750128], [-95.37278993911998, 30.803751919799126], [-95.3575022713277, 30.8014330542418]]]}}, {"type": "Feature", "properties": {"h3_index": "874468a20ffffff", "total_count": 1, "source": "inaturalist"}, "geometry": {"type": "Polygon", "coordinates": [[[-95.39868267733343, 30.70121946106199], [-95.38901715976934, 30.711587150589068], [-95.3946301830394, 30.724266449930223], [-95.40991193570927, 30.726578183768375], [-95.41957808966254, 30.716209262646924], [-95.41396185517216, 30.70352983946729], [-95.39868267733343, 30.70121946106199]]]}}, {"type": "Feature", "properties": {"h3_index": "874468a23ffffff", "total_count": 4, "source": "inaturalist"}, "geometry": {"type": "Polygon", "coordinates": [[[-95.3946301830394, 30.724266449930223], [-95.38496262299202, 30.734632185584168], [-95.39057617777996, 30.747310885507932], [-95.40586050598623, 30.749623974579464], [-95.41552870325255, 30.739257008308275], [-95.40991193570927, 30.726578183768375], [-95.3946301830394, 30.724266449930223]]]}}, {"type": "Feature", "properties": {"h3_index": "874468a24ffffff", "total_count": 3, "source": "inaturalist"}, "geometry": {"type": "Polygon", "coordinates": [[[-95.40273366146606, 30.678169926285165], [-95.3930701856311, 30.688539566093468], [-95.39868267733343, 30.70121946106199], [-95.41396185517216, 30.70352983946729], [-95.42362596656731, 30.693158967086955], [-95.41801026517875, 30.680478949058962], [-95.40273366146606, 30.678169926285165]]]}}, {"type": "Feature", "properties": {"h3_index": "874468a25ffffff", "total_count": 6, "source": "inaturalist"}, "geometry": {"type": "Polygon", "coordinates": [[[-95.42362596656731, 30.693158967086955], [-95.41396185517216, 30.70352983946729], [-95.41957808966254, 30.716209262646924], [-95.43486164535605, 30.718517935128773], [-95.44452638950385, 30.70814583064977], [-95.43890694582176, 30.695466285973108], [-95.42362596656731, 30.693158967086955]]]}}, {"type": "Feature", "properties": {"h3_index": "874468a28ffffff", "total_count": 5, "source": "inaturalist"}, "geometry": {"type": "Polygon", "coordinates": [[[-95.4364353489005, 30.754245379349737], [-95.42676651722505, 30.764613575766937], [-95.4323875645247, 30.777291315488075], [-95.44768065588167, 30.779600980464014], [-95.45735011915254, 30.769231554372706], [-95.4517258600888, 30.756553693164964], [-95.4364353489005, 30.754245379349737]]]}}, {"type": "Feature", "properties": {"h3_index": "874468a29ffffff", "total_count": 1, "source": "inaturalist"}, "geometry": {"type": "Polygon", "coordinates": [[[-95.45735011915254, 30.769231554372706], [-95.44768065588167, 30.779600980464014], [-95.45330545092466, 30.792278233217917], [-95.46860292112002, 30.79458617998655], [-95.47827301316862, 30.784215524693728], [-95.47264500686298, 30.771538152019097], [-95.45735011915254, 30.769231554372706]]]}}, {"type": "Feature", "properties": {"h3_index": "874468a2affffff", "total_count": 5, "source": "inaturalist"}, "geometry": {"type": "Polygon", "coordinates": [[[-95.41147780653331, 30.762302196690182], [-95.40180756519861, 30.77266720452251], [-95.40742539870021, 30.78534482041658], [-95.42271668795145, 30.78765755249085], [-95.4323875645247, 30.777291315488075], [-95.42676651722505, 30.764613575766937], [-95.41147780653331, 30.762302196690182]]]}}, {"type": "Feature", "properties": {"h3_index": "874468a2bffffff", "total_count": 1, "source": "inaturalist"}, "geometry": {"type": "Polygon", "coordinates": [[[-95.4323875645247, 30.777291315488075], [-95.42271668795145, 30.78765755249085], [-95.42833826969353, 30.800334682983785], [-95.44363394192774, 30.802645698920287], [-95.45330545092466, 30.792278233217917], [-95.44768065588167, 30.779600980464014], [-95.4323875645247, 30.777291315488075]]]}}, {"type": "Feature", "properties": {"h3_index": "874468a2cffffff", "total_count": 1, "source": "inaturalist"}, "geometry": {"type": "Polygon", "coordinates": [[[-95.44048162362553, 30.73119688194373], [-95.43081483609177, 30.741567034187277], [-95.4364353489005, 30.754245379349737], [-95.4517258600888, 30.756553693164964], [-95.46139327839045, 30.746182310272303], [-95.45576955535347, 30.733503844398943], [-95.44048162362553, 30.73119688194373]]]}}, {"type": "Feature", "properties": {"h3_index": "874468a2dffffff", "total_count": 12, "source": "inaturalist"}, "geometry": {"type": "Polygon", "coordinates": [[[-95.46139327839045, 30.746182310272303], [-95.4517258600888, 30.756553693164964], [-95.45735011915254, 30.769231554372706], [-95.47264500686298, 30.771538152019097], [-95.482313053116, 30.761165538950955], [-95.47668558432586, 30.748487558597237], [-95.46139327839045, 30.746182310272303]]]}}, {"type": "Feature", "properties": {"h3_index": "874468a45ffffff", "total_count": 3, "source": "inaturalist"}, "geometry": {"type": "Polygon", "coordinates": [[[-95.53705826369415, 30.8522037197295], [-95.52738425322977, 30.86257609550823], [-95.53302459099926, 30.87525073030357], [-95.54834215061345, 30.87755310392449], [-95.5580167793682, 30.867179501810593], [-95.5523732308418, 30.85450475259587], [-95.53705826369415, 30.8522037197295]]]}}, {"type": "Feature", "properties": {"h3_index": "874468a51ffffff", "total_count": 2, "source": "inaturalist"}, "geometry": {"type": "Polygon", "coordinates": [[[-95.4620977620618, 30.87638970154151], [-95.4524194792509, 30.88675248989076], [-95.4580501724287, 30.89942676739518], [-95.4733623659518, 30.901738378171096], [-95.48304127802756, 30.891374364979953], [-95.47740736793612, 30.87869996603993], [-95.4620977620618, 30.87638970154151]]]}}, {"type": "Feature", "properties": {"h3_index": "874468a54ffffff", "total_count": 6, "source": "inaturalist"}, "geometry": {"type": "Polygon", "coordinates": [[[-95.44521158428005, 30.838363865652198], [-95.43553598155894, 30.84872739982529], [-95.44116238425248, 30.86140280450801], [-95.45646760616378, 30.86371479743969], [-95.46614384014639, 30.85335003698385], [-95.46051422157566, 30.84067451006433], [-95.44521158428005, 30.838363865652198]]]}}, {"type": "Feature", "properties": {"h3_index": "874468a6cffffff", "total_count": 2, "source": "inaturalist"}, "geometry": {"type": "Polygon", "coordinates": [[[-95.58703369605625, 30.836048383631738], [-95.57736255243171, 30.846427140448455], [-95.58300930965527, 30.859102001743516], [-95.5983304177622, 30.861398216147744], [-95.60800217235649, 30.85101823201186], [-95.60235220849928, 30.838343260975677], [-95.58703369605625, 30.836048383631738]]]}}, {"type": "Feature", "properties": {"h3_index": "874468a70ffffff", "total_count": 6, "source": "inaturalist"}, "geometry": {"type": "Polygon", "coordinates": [[[-95.47423146489437, 30.807262941194466], [-95.46455932629256, 30.817631635124926], [-95.47018840748869, 30.830307781080474], [-95.48549284020176, 30.832615352417317], [-95.49516560558574, 30.822245430730995], [-95.48953331209462, 30.8095691656489], [-95.47423146489437, 30.807262941194466]]]}}, {"type": "Feature", "properties": {"h3_index": "874468a72ffffff", "total_count": 35, "source": "inaturalist"}, "geometry": {"type": "Polygon", "coordinates": [[[-95.44925927290221, 30.815322339434093], [-95.439585717422, 30.82568784116279], [-95.44521158428005, 30.838363865652198], [-95.46051422157566, 30.84067451006433], [-95.47018840748869, 30.830307781080474], [-95.46455932629256, 30.817631635124926], [-95.44925927290221, 30.815322339434093]]]}}, {"type": "Feature", "properties": {"h3_index": "874468a73ffffff", "total_count": 1, "source": "inaturalist"}, "geometry": {"type": "Polygon", "coordinates": [[[-95.47018840748869, 30.830307781080474], [-95.46051422157566, 30.84067451006433], [-95.46614384014639, 30.85335003698385], [-95.4814508590841, 30.8556589550023], [-95.49112567260607, 30.84529099923443], [-95.48549284020176, 30.832615352417317], [-95.47018840748869, 30.830307781080474]]]}}, {"type": "Feature", "properties": {"h3_index": "874468a85ffffff", "total_count": 4, "source": "inaturalist"}, "geometry": {"type": "Polygon", "coordinates": [[[-95.21592035083155, 30.80351289341223], [-95.20624100951497, 30.813854296481477], [-95.21183253921707, 30.826531449929217], [-95.22710663923888, 30.828867342265756], [-95.2367866440616, 30.81852471315782], [-95.23119188596597, 30.805847417938068], [-95.21592035083155, 30.80351289341223]]]}}, {"type": "Feature", "properties": {"h3_index": "874468a90ffffff", "total_count": 2, "source": "inaturalist"}, "geometry": {"type": "Polygon", "coordinates": [[[-95.12023186471346, 30.812482829578176], [-95.1105490829798, 30.822813387305082], [-95.11612716461318, 30.835490561993993], [-95.1313912634131, 30.83783732949775], [-95.14107472232726, 30.827505546857864], [-95.13549340586684, 30.8148282218135], [-95.12023186471346, 30.812482829578176]]]}}, {"type": "Feature", "properties": {"h3_index": "874468a91ffffff", "total_count": 1, "source": "inaturalist"}, "geometry": {"type": "Polygon", "coordinates": [[[-95.14107472232726, 30.827505546857864], [-95.1313912634131, 30.83783732949775], [-95.13697309595295, 30.850514043595314], [-95.1522416223945, 30.85285912402808], [-95.16192575571057, 30.84252611692744], [-95.15634068879012, 30.829849254040994], [-95.14107472232726, 30.827505546857864]]]}}, {"type": "Feature", "properties": {"h3_index": "874468a92ffffff", "total_count": 2, "source": "inaturalist"}, "geometry": {"type": "Polygon", "coordinates": [[[-95.0952894135615, 30.82046493684642], [-95.08560527037827, 30.830792284188146], [-95.09118011520081, 30.843469306182907], [-95.10644234062237, 30.84581913371645], [-95.11612716461318, 30.835490561993993], [-95.1105490829798, 30.822813387305082], [-95.0952894135615, 30.82046493684642]]]}}, {"type": "Feature", "properties": {"h3_index": "874468a94ffffff", "total_count": 1, "source": "inaturalist"}, "geometry": {"type": "Polygon", "coordinates": [[[-95.12433503790473, 30.789472506775816], [-95.11465429767841, 30.799805046943547], [-95.12023186471346, 30.812482829578176], [-95.13549340586684, 30.8148282218135], [-95.1451748224231, 30.804494455749513], [-95.13959402210168, 30.791816523532773], [-95.12433503790473, 30.789472506775816]]]}}, {"type": "Feature", "properties": {"h3_index": "874468a96ffffff", "total_count": 4, "source": "inaturalist"}, "geometry": {"type": "Polygon", "coordinates": [[[-95.09939718357464, 30.797457973770676], [-95.08971508179614, 30.807787306133015], [-95.0952894135615, 30.82046493684642], [-95.1105490829798, 30.822813387305082], [-95.12023186471346, 30.812482829578176], [-95.11465429767841, 30.799805046943547], [-95.09939718357464, 30.797457973770676]]]}}, {"type": "Feature", "properties": {"h3_index": "874468aa6ffffff", "total_count": 4, "source": "inaturalist"}, "geometry": {"type": "Polygon", "coordinates": [[[-95.20323944256914, 30.742455591284628], [-95.19356485039778, 30.752799713652607], [-95.19915159205055, 30.765478539860776], [-95.2144161522583, 30.76781338567472], [-95.22409140903392, 30.757468034846987], [-95.21850144160567, 30.744789066851197], [-95.20323944256914, 30.742455591284628]]]}}, {"type": "Feature", "properties": {"h3_index": "874468ac0ffffff", "total_count": 1, "source": "inaturalist"}, "geometry": {"type": "Polygon", "coordinates": [[[-95.33717128414698, 30.91657415322204], [-95.32748595529077, 30.926920920539935], [-95.33310053330509, 30.939594555793363], [-95.34840366789143, 30.9419215570404], [-95.35808964428549, 30.931573567415473], [-95.35247183917168, 30.91889979903603], [-95.33717128414698, 30.91657415322204]]]}}, {"type": "Feature", "properties": {"h3_index": "874468ac1ffffff", "total_count": 4, "source": "inaturalist"}, "geometry": {"type": "Polygon", "coordinates": [[[-95.35808964428549, 30.931573567415473], [-95.34840366789143, 30.9419215570404], [-95.35402200406605, 30.954594691980898], [-95.36932954386567, 30.956919969035525], [-95.37901616498158, 30.946570757564476], [-95.37339460219346, 30.93389749107034], [-95.35808964428549, 30.931573567415473]]]}}, {"type": "Feature", "properties": {"h3_index": "874468ac2ffffff", "total_count": 9, "source": "inaturalist"}, "geometry": {"type": "Polygon", "coordinates": [[[-95.31218722772407, 30.92459219921847], [-95.30250050085152, 30.93493575607929], [-95.30811184974053, 30.947609255869168], [-95.32341315524283, 30.94993933444735], [-95.33310053330509, 30.939594555793363], [-95.32748595529077, 30.926920920539935], [-95.31218722772407, 30.92459219921847]]]}}, {"type": "Feature", "properties": {"h3_index": "874468ac3ffffff", "total_count": 1, "source": "inaturalist"}, "geometry": {"type": "Polygon", "coordinates": [[[-95.33310053330509, 30.939594555793363], [-95.32341315524283, 30.94993933444735], [-95.32902826277383, 30.96261233549688], [-95.34433397762726, 30.96494069196888], [-95.35402200406605, 30.954594691980898], [-95.34840366789143, 30.9419215570404], [-95.33310053330509, 30.939594555793363]]]}}, {"type": "Feature", "properties": {"h3_index": "874468ac5ffffff", "total_count": 1, "source": "inaturalist"}, "geometry": {"type": "Polygon", "coordinates": [[[-95.36215576627876, 30.90854982333776], [-95.35247183917168, 30.91889979903603], [-95.35808964428549, 30.931573567415473], [-95.37339460219346, 30.93389749107034], [-95.38307917318559, 30.92354629255346], [-95.37745814300193, 30.91087239338575], [-95.36215576627876, 30.90854982333776]]]}}, {"type": "Feature", "properties": {"h3_index": "874468accffffff", "total_count": 2, "source": "inaturalist"}, "geometry": {"type": "Polygon", "coordinates": [[[-95.37901616498158, 30.946570757564476], [-95.36932954386567, 30.956919969035525], [-95.3749516392075, 30.96959259908453], [-95.39026358240736, 30.971916147828335], [-95.39995084542515, 30.961565714972764], [-95.39432552395972, 30.948892954943222], [-95.37901616498158, 30.946570757564476]]]}}, {"type": "Feature", "properties": {"h3_index": "874468ad2ffffff", "total_count": 13, "source": "inaturalist"}, "geometry": {"type": "Polygon", "coordinates": [[[-95.24132543200552, 30.925598994405863], [-95.23163658159844, 30.935934902929464], [-95.23723770760328, 30.948608615799724], [-95.25253091826254, 30.950946562042475], [-95.26222042996376, 30.940609432305266], [-95.25661607032416, 30.927935577724693], [-95.24132543200552, 30.925598994405863]]]}}, {"type": "Feature", "properties": {"h3_index": "874468ad3ffffff", "total_count": 2, "source": "inaturalist"}, "geometry": {"type": "Polygon", "coordinates": [[[-95.26222042996376, 30.940609432305266], [-95.25253091826254, 30.950946562042475], [-95.25813580283861, 30.963619783893385], [-95.27343343289515, 30.96595601633084], [-95.28312360308698, 30.955617665835064], [-95.27751548534533, 30.942944303846083], [-95.26222042996376, 30.940609432305266]]]}}, {"type": "Feature", "properties": {"h3_index": "874468ad4ffffff", "total_count": 4, "source": "inaturalist"}, "geometry": {"type": "Polygon", "coordinates": [[[-95.27038511525332, 30.894580859685185], [-95.26069969918386, 30.90492197158478], [-95.26630353383182, 30.91759645512629], [-95.28159601523957, 30.919929965560375], [-95.29128208811319, 30.909587630951258], [-95.28567502338817, 30.896913008803306], [-95.27038511525332, 30.894580859685185]]]}}, {"type": "Feature", "properties": {"h3_index": "874468ad6ffffff", "total_count": 1, "source": "inaturalist"}, "geometry": {"type": "Polygon", "coordinates": [[[-95.24541163250628, 30.902586751400072], [-95.23572482944799, 30.91292465180856], [-95.24132543200552, 30.925598994405863], [-95.25661607032416, 30.927935577724693], [-95.26630353383182, 30.91759645512629], [-95.26069969918386, 30.90492197158478], [-95.24541163250628, 30.902586751400072]]]}}, {"type": "Feature", "properties": {"h3_index": "874468ad8ffffff", "total_count": 1, "source": "inaturalist"}, "geometry": {"type": "Polygon", "coordinates": [[[-95.30403495060624, 30.9706236862998], [-95.29434412473125, 30.980963257098463], [-95.2999565295107, 30.993635483184004], [-95.31526299299657, 30.995968275647698], [-95.32495447174325, 30.985627485002503], [-95.31933883474821, 30.972955121925672], [-95.30403495060624, 30.9706236862998]]]}}, {"type": "Feature", "properties": {"h3_index": "874468adcffffff", "total_count": 2, "source": "inaturalist"}, "geometry": {"type": "Polygon", "coordinates": [[[-95.30811184974053, 30.947609255869168], [-95.29842307374521, 30.957950821478377], [-95.30403495060624, 30.9706236862998], [-95.31933883474821, 30.972955121925672], [-95.32902826277383, 30.96261233549688], [-95.32341315524283, 30.94993933444735], [-95.30811184974053, 30.947609255869168]]]}}, {"type": "Feature", "properties": {"h3_index": "874468ae3ffffff", "total_count": 2, "source": "inaturalist"}, "geometry": {"type": "Polygon", "coordinates": [[[-95.3662203708548, 30.885523467086433], [-95.35653849227732, 30.89587542529159], [-95.36215576627876, 30.90854982333776], [-95.37745814300193, 30.91087239338575], [-95.38714066462848, 30.90051921138898], [-95.38152016709982, 30.88784468332127], [-95.3662203708548, 30.885523467086433]]]}}, {"type": "Feature", "properties": {"h3_index": "874468ae4ffffff", "total_count": 4, "source": "inaturalist"}, "geometry": {"type": "Polygon", "coordinates": [[[-95.37434503098812, 30.839462947441834], [-95.36466724719907, 30.849818859950005], [-95.37028345882197, 30.862494506004992], [-95.38558067529534, 30.86481436822126], [-95.39525910046383, 30.854457229973885], [-95.38963966839614, 30.84178145543493], [-95.37434503098812, 30.839462947441834]]]}}, {"type": "Feature", "properties": {"h3_index": "874468ae5ffffff", "total_count": 9, "source": "inaturalist"}, "geometry": {"type": "Polygon", "coordinates": [[[-95.39525910046383, 30.854457229973885], [-95.38558067529534, 30.86481436822126], [-95.39120064011861, 30.877489521413388], [-95.40650225068124, 30.879807663458255], [-95.4161813144137, 30.869449299937564], [-95.41055812963725, 30.856774019830713], [-95.39525910046383, 30.854457229973885]]]}}, {"type": "Feature", "properties": {"h3_index": "874468aeeffffff", "total_count": 1, "source": "inaturalist"}, "geometry": {"type": "Polygon", "coordinates": [[[-95.38714066462848, 30.90051921138898], [-95.37745814300193, 30.91087239338575], [-95.38307917318559, 30.92354629255346], [-95.39838594865041, 30.92586713836015], [-95.40806911050834, 30.915512733035502], [-95.40244485728819, 30.902838705417423], [-95.38714066462848, 30.90051921138898]]]}}, {"type": "Feature", "properties": {"h3_index": "874468af2ffffff", "total_count": 1, "source": "inaturalist"}, "geometry": {"type": "Polygon", "coordinates": [[[-95.27446517503815, 30.87156265331553], [-95.26478180565194, 30.88190575095344], [-95.27038511525332, 30.894580859685185], [-95.28567502338817, 30.896913008803306], [-95.2953590487365, 30.886568687479564], [-95.28975251060093, 30.873893440909278], [-95.27446517503815, 30.87156265331553]]]}}, {"type": "Feature", "properties": {"h3_index": "874468af3ffffff", "total_count": 4, "source": "inaturalist"}, "geometry": {"type": "Polygon", "coordinates": [[[-95.2953590487365, 30.886568687479564], [-95.28567502338817, 30.896913008803306], [-95.29128208811319, 30.909587630951258], [-95.30657640686053, 30.91191806822959], [-95.31626108536682, 30.901572523678976], [-95.31065079258198, 30.88889776526257], [-95.2953590487365, 30.886568687479564]]]}}, {"type": "Feature", "properties": {"h3_index": "874468b03ffffff", "total_count": 2, "source": "inaturalist"}, "geometry": {"type": "Polygon", "coordinates": [[[-95.38995312091802, 30.617073582830407], [-95.38029436298608, 30.627445877410743], [-95.38590205257542, 30.6401274134446], [-95.40117170782283, 30.642436778141015], [-95.41083110246069, 30.632063248557102], [-95.40522020575892, 30.61938158946609], [-95.38995312091802, 30.617073582830407]]]}}, {"type": "Feature", "properties": {"h3_index": "874468b09ffffff", "total_count": 3, "source": "inaturalist"}, "geometry": {"type": "Polygon", "coordinates": [[[-95.45261139793384, 30.662036095940653], [-95.44295073829223, 30.67241209410671], [-95.44856964733896, 30.685092232852334], [-95.46385242227059, 30.68739649199299], [-95.47351371020224, 30.677019260249732], [-95.46789159552917, 30.66433900312849], [-95.45261139793384, 30.662036095940653]]]}}, {"type": "Feature", "properties": {"h3_index": "874468b0affffff", "total_count": 4, "source": "inaturalist"}, "geometry": {"type": "Polygon", "coordinates": [[[-95.40678313624083, 30.6551178529864], [-95.39712170138115, 30.66548943948125], [-95.40273366146606, 30.678169926285165], [-95.41801026517875, 30.680478949058962], [-95.42767233477039, 30.670106129013945], [-95.42205716653238, 30.657425519930932], [-95.40678313624083, 30.6551178529864]]]}}, {"type": "Feature", "properties": {"h3_index": "874468b0effffff", "total_count": 14, "source": "inaturalist"}, "geometry": {"type": "Polygon", "coordinates": [[[-95.41083110246069, 30.632063248557102], [-95.40117170782283, 30.642436778141015], [-95.40678313624083, 30.6551178529864], [-95.42205716653238, 30.657425519930932], [-95.43171719507475, 30.64705075581822], [-95.42610256003584, 30.634369559475434], [-95.41083110246069, 30.632063248557102]]]}}, {"type": "Feature", "properties": {"h3_index": "874468b12ffffff", "total_count": 1, "source": "inaturalist"}, "geometry": {"type": "Polygon", "coordinates": [[[-95.2983939320025, 30.603192367320712], [-95.28873367594439, 30.61355583719245], [-95.2943274686659, 30.626238022508417], [-95.30958473015635, 30.62855686899899], [-95.31924563575356, 30.61819216419867], [-95.31364863093104, 30.605509848022407], [-95.2983939320025, 30.603192367320712]]]}}, {"type": "Feature", "properties": {"h3_index": "874468b14ffffff", "total_count": 5, "source": "inaturalist"}, "geometry": {"type": "Polygon", "coordinates": [[[-95.32736785084387, 30.57209172156336], [-95.31771101979875, 30.58246030829117], [-95.32330749887703, 30.595143200458605], [-95.33856401817467, 30.597457633816116], [-95.34822149430632, 30.58708781066451], [-95.34262180666424, 30.574404790765193], [-95.32736785084387, 30.57209172156336]]]}}, {"type": "Feature", "properties": {"h3_index": "874468b18ffffff", "total_count": 1, "source": "inaturalist"}, "geometry": {"type": "Polygon", "coordinates": [[[-95.36097340805588, 30.64818534766993], [-95.35131121174821, 30.65855252091687], [-95.35691622085835, 30.671233345740315], [-95.37218663755287, 30.673547123684717], [-95.38184947502404, 30.663178716921113], [-95.37624125525022, 30.650497765915564], [-95.36097340805588, 30.64818534766993]]]}}, {"type": "Feature", "properties": {"h3_index": "874468b19ffffff", "total_count": 4, "source": "inaturalist"}, "geometry": {"type": "Polygon", "coordinates": [[[-95.38184947502404, 30.663178716921113], [-95.37218663755287, 30.673547123684717], [-95.3777953874609, 30.686227485867473], [-95.3930701856311, 30.688539566093468], [-95.40273366146606, 30.678169926285165], [-95.39712170138115, 30.66548943948125], [-95.38184947502404, 30.663178716921113]]]}}, {"type": "Feature", "properties": {"h3_index": "874468b1affffff", "total_count": 6, "source": "inaturalist"}, "geometry": {"type": "Polygon", "coordinates": [[[-95.33604517832995, 30.65623704935588], [-95.32638158674617, 30.666601041272845], [-95.33198338317685, 30.679281737572115], [-95.34725198448294, 30.681598570664466], [-95.35691622085835, 30.671233345740315], [-95.35131121174821, 30.65855252091687], [-95.33604517832995, 30.65623704935588]]]}}, {"type": "Feature", "properties": {"h3_index": "874468b1bffffff", "total_count": 2, "source": "inaturalist"}, "geometry": {"type": "Polygon", "coordinates": [[[-95.35691622085835, 30.671233345740315], [-95.34725198448294, 30.681598570664466], [-95.35285752219404, 30.694278805884167], [-95.36813050909073, 30.696593943328544], [-95.3777953874609, 30.686227485867473], [-95.37218663755287, 30.673547123684717], [-95.35691622085835, 30.671233345740315]]]}}, {"type": "Feature", "properties": {"h3_index": "874468b1dffffff", "total_count": 7, "source": "inaturalist"}, "geometry": {"type": "Polygon", "coordinates": [[[-95.38590205257542, 30.6401274134446], [-95.37624125525022, 30.650497765915564], [-95.38184947502404, 30.663178716921113], [-95.39712170138115, 30.66548943948125], [-95.40678313624083, 30.6551178529864], [-95.40117170782283, 30.642436778141015], [-95.38590205257542, 30.6401274134446]]]}}, {"type": "Feature", "properties": {"h3_index": "874468b1effffff", "total_count": 1, "source": "inaturalist"}, "geometry": {"type": "Polygon", "coordinates": [[[-95.340105461367, 30.633189827205154], [-95.33044390901864, 30.6435557664641], [-95.33604517832995, 30.65623704935588], [-95.35131121174821, 30.65855252091687], [-95.36097340805588, 30.64818534766993], [-95.35536892759794, 30.635503937035885], [-95.340105461367, 30.633189827205154]]]}}, {"type": "Feature", "properties": {"h3_index": "874468b25ffffff", "total_count": 1, "source": "inaturalist"}, "geometry": {"type": "Polygon", "coordinates": [[[-95.45191890618231, 30.531736121989745], [-95.4422690715851, 30.542120552388752], [-95.44788157334573, 30.554804059779425], [-95.46314710879521, 30.557103252969718], [-95.47279757037167, 30.546717583622062], [-95.46718187013423, 30.53403396021843], [-95.45191890618231, 30.531736121989745]]]}}, {"type": "Feature", "properties": {"h3_index": "874468b26ffffff", "total_count": 3, "source": "inaturalist"}, "geometry": {"type": "Polygon", "coordinates": [[[-95.40614231824091, 30.524833137010845], [-95.3964917103622, 30.535213163993337], [-95.40209727871462, 30.547897002157033], [-95.41735665655348, 30.550200933437047], [-95.42700789783159, 30.539819667527354], [-95.42139912848434, 30.527135709450675], [-95.40614231824091, 30.524833137010845]]]}}, {"type": "Feature", "properties": {"h3_index": "874468b28ffffff", "total_count": 1, "source": "inaturalist"}, "geometry": {"type": "Polygon", "coordinates": [[[-95.46472761429894, 30.5928525244833], [-95.45507307575754, 30.603234336178403], [-95.4606903806122, 30.6159162343551], [-95.47596542565765, 30.618216437050435], [-95.48562059001816, 30.607833388845567], [-95.48000008413045, 30.59515137464067], [-95.46472761429894, 30.5928525244833]]]}}, {"type": "Feature", "properties": {"h3_index": "874468b2dffffff", "total_count": 2, "source": "inaturalist"}, "geometry": {"type": "Polygon", "coordinates": [[[-95.4896532088098, 30.58476639482581], [-95.48000008413045, 30.59515137464067], [-95.48562059001816, 30.607833388845567], [-95.5008974202015, 30.610130537105928], [-95.51055116706927, 30.599744320283815], [-95.50492746218245, 30.587062192394047], [-95.4896532088098, 30.58476639482581]]]}}, {"type": "Feature", "properties": {"h3_index": "874468b2effffff", "total_count": 1, "source": "inaturalist"}, "geometry": {"type": "Polygon", "coordinates": [[[-95.44384273661724, 30.577869499468598], [-95.43418882670076, 30.58825007417464], [-95.43980239519655, 30.600932433643443], [-95.45507307575754, 30.603234336178403], [-95.46472761429894, 30.5928525244833], [-95.45911084426969, 30.580170047427938], [-95.44384273661724, 30.577869499468598]]]}}, {"type": "Feature", "properties": {"h3_index": "874468b36ffffff", "total_count": 2, "source": "inaturalist"}, "geometry": {"type": "Polygon", "coordinates": [[[-95.33548402451673, 30.525981247913304], [-95.3258312650237, 30.53635370215975], [-95.33142669245649, 30.549037734913256], [-95.34667808549803, 30.551349439763044], [-95.35633148841615, 30.540975747125714], [-95.3507328554777, 30.528291588215538], [-95.33548402451673, 30.525981247913304]]]}}, {"type": "Feature", "properties": {"h3_index": "874468b40ffffff", "total_count": 413, "source": "inaturalist"}, "geometry": {"type": "Polygon", "coordinates": [[[-95.54029706497909, 30.698893922608335], [-95.53063595348353, 30.709276797567288], [-95.53626929496718, 30.72195561152661], [-95.5515669506246, 30.72425166205799], [-95.56122867831436, 30.71386755446049], [-95.55559213477358, 30.701188629155283], [-95.54029706497909, 30.698893922608335]]]}}, {"type": "Feature", "properties": {"h3_index": "874468b41ffffff", "total_count": 39, "source": "inaturalist"}, "geometry": {"type": "Polygon", "coordinates": [[[-95.56122867831436, 30.71386755446049], [-95.5515669506246, 30.72425166205799], [-95.55720403633018, 30.736929985804334], [-95.57250605188574, 30.739224311920097], [-95.58216839294202, 30.728838972164674], [-95.57652810569834, 30.716160538636444], [-95.56122867831436, 30.71386755446049]]]}}, {"type": "Feature", "properties": {"h3_index": "874468b43ffffff", "total_count": 6, "source": "inaturalist"}, "geometry": {"type": "Polygon", "coordinates": [[[-95.53626929496718, 30.72195561152661], [-95.52660613905987, 30.73233654113775], [-95.53224002117466, 30.745014752760934], [-95.54754026340882, 30.747312147081242], [-95.55720403633018, 30.736929985804334], [-95.5515669506246, 30.72425166205799], [-95.53626929496718, 30.72195561152661]]]}}, {"type": "Feature", "properties": {"h3_index": "874468b44ffffff", "total_count": 6, "source": "inaturalist"}, "geometry": {"type": "Polygon", "coordinates": [[[-95.54432333201227, 30.675829693400456], [-95.53466426417106, 30.686214510107135], [-95.54029706497909, 30.698893922608335], [-95.55559213477358, 30.701188629155283], [-95.56525181798989, 30.69080257883673], [-95.55961581665747, 30.678123055768268], [-95.54432333201227, 30.675829693400456]]]}}, {"type": "Feature", "properties": {"h3_index": "874468b45ffffff", "total_count": 8, "source": "inaturalist"}, "geometry": {"type": "Polygon", "coordinates": [[[-95.56525181798989, 30.69080257883673], [-95.55559213477358, 30.701188629155283], [-95.56122867831436, 30.71386755446049], [-95.57652810569834, 30.716160538636444], [-95.58618840146325, 30.70577325518771], [-95.58054865791748, 30.69309422087827], [-95.56525181798989, 30.69080257883673]]]}}, {"type": "Feature", "properties": {"h3_index": "874468b46ffffff", "total_count": 2, "source": "inaturalist"}, "geometry": {"type": "Polygon", "coordinates": [[[-95.51937355381968, 30.683918085288784], [-95.50971306134201, 30.694299727129213], [-95.51534265957783, 30.70697902672128], [-95.53063595348353, 30.709276797567288], [-95.54029706497909, 30.698893922608335], [-95.53466426417106, 30.686214510107135], [-95.51937355381968, 30.683918085288784]]]}}, {"type": "Feature", "properties": {"h3_index": "874468b4cffffff", "total_count": 2, "source": "inaturalist"}, "geometry": {"type": "Polygon", "coordinates": [[[-95.58216839294202, 30.728838972164674], [-95.57250605188574, 30.739224311920097], [-95.57814688278457, 30.751902140872115], [-95.5934532563781, 30.754194738470837], [-95.60311620796935, 30.743808167038843], [-95.59747217605532, 30.731130229869642], [-95.58216839294202, 30.728838972164674]]]}}, {"type": "Feature", "properties": {"h3_index": "874468b50ffffff", "total_count": 3, "source": "inaturalist"}, "geometry": {"type": "Polygon", "coordinates": [[[-95.46947507311205, 30.700076155825062], [-95.45981174247963, 30.71045144154651], [-95.46543492944244, 30.723130508295277], [-95.48072465431258, 30.72543440710041], [-95.49038861124595, 30.715057889254062], [-95.48476221762644, 30.702378704912846], [-95.46947507311205, 30.700076155825062]]]}}, {"type": "Feature", "properties": {"h3_index": "874468b53ffffff", "total_count": 39, "source": "inaturalist"}, "geometry": {"type": "Polygon", "coordinates": [[[-95.46543492944244, 30.723130508295277], [-95.45576955535347, 30.733503844398943], [-95.46139327839045, 30.746182310272303], [-95.47668558432586, 30.748487558597237], [-95.4863515855406, 30.738112991343645], [-95.48072465431258, 30.72543440710041], [-95.46543492944244, 30.723130508295277]]]}}, {"type": "Feature", "properties": {"h3_index": "874468b54ffffff", "total_count": 1, "source": "inaturalist"}, "geometry": {"type": "Polygon", "coordinates": [[[-95.47351371020224, 30.677019260249732], [-95.46385242227059, 30.68739649199299], [-95.46947507311205, 30.700076155825062], [-95.48476221762644, 30.702378704912846], [-95.49442413103499, 30.69200024006921], [-95.48879827507028, 30.679320459423536], [-95.47351371020224, 30.677019260249732]]]}}, {"type": "Feature", "properties": {"h3_index": "874468b56ffffff", "total_count": 2, "source": "inaturalist"}, "geometry": {"type": "Polygon", "coordinates": [[[-95.44856964733896, 30.685092232852334], [-95.43890694582176, 30.695466285973108], [-95.44452638950385, 30.70814583064977], [-95.45981174247963, 30.71045144154651], [-95.46947507311205, 30.700076155825062], [-95.46385242227059, 30.68739649199299], [-95.44856964733896, 30.685092232852334]]]}}, {"type": "Feature", "properties": {"h3_index": "874468b5affffff", "total_count": 2, "source": "inaturalist"}, "geometry": {"type": "Polygon", "coordinates": [[[-95.482313053116, 30.761165538950955], [-95.47264500686298, 30.771538152019097], [-95.47827301316862, 30.784215524693728], [-95.49357227556767, 30.786520402065804], [-95.50324094695162, 30.776146559296535], [-95.49760973142533, 30.76346906904157], [-95.482313053116, 30.761165538950955]]]}}, {"type": "Feature", "properties": {"h3_index": "874468b5cffffff", "total_count": 1, "source": "inaturalist"}, "geometry": {"type": "Polygon", "coordinates": [[[-95.5113102608876, 30.730037424459727], [-95.50164568047146, 30.740415173954517], [-95.50727635694652, 30.75309327111345], [-95.52257482009784, 30.755393733427027], [-95.53224002117466, 30.745014752760934], [-95.52660613905987, 30.73233654113775], [-95.5113102608876, 30.730037424459727]]]}}, {"type": "Feature", "properties": {"h3_index": "874468b62ffffff", "total_count": 8, "source": "inaturalist"}, "geometry": {"type": "Polygon", "coordinates": [[[-95.54834809686808, 30.652762931302007], [-95.5386910719242, 30.663149686153563], [-95.54432333201227, 30.675829693400456], [-95.55961581665747, 30.678123055768268], [-95.56927345615811, 30.667735066331016], [-95.56363799707746, 30.655054949296833], [-95.54834809686808, 30.652762931302007]]]}}, {"type": "Feature", "properties": {"h3_index": "874468b63ffffff", "total_count": 4, "source": "inaturalist"}, "geometry": {"type": "Polygon", "coordinates": [[[-95.56927345615811, 30.667735066331016], [-95.55961581665747, 30.678123055768268], [-95.56525181798989, 30.69080257883673], [-95.58054865791748, 30.69309422087827], [-95.59020690914956, 30.682704997338096], [-95.58456770934434, 30.67002536604439], [-95.56927345615811, 30.667735066331016]]]}}, {"type": "Feature", "properties": {"h3_index": "874468b66ffffff", "total_count": 2, "source": "inaturalist"}, "geometry": {"type": "Polygon", "coordinates": [[[-95.55237136034737, 30.6296936437168], [-95.54271637754415, 30.640082333107586], [-95.54834809686808, 30.652762931302007], [-95.56363799707746, 30.655054949296833], [-95.57329359361988, 30.644665024346054], [-95.56765867683418, 30.631984317145637], [-95.55237136034737, 30.6296936437168]]]}}, {"type": "Feature", "properties": {"h3_index": "874468b6effffff", "total_count": 50, "source": "inaturalist"}, "geometry": {"type": "Polygon", "coordinates": [[[-95.59020690914956, 30.682704997338096], [-95.58054865791748, 30.69309422087827], [-95.58618840146325, 30.70577325518771], [-95.60148959481302, 30.708063172804426], [-95.61114845494724, 30.697672715644774], [-95.60550551345236, 30.684993574672877], [-95.59020690914956, 30.682704997338096]]]}}, {"type": "Feature", "properties": {"h3_index": "874468b70ffffff", "total_count": 25, "source": "inaturalist"}, "geometry": {"type": "Polygon", "coordinates": [[[-95.5024906560735, 30.645877329985613], [-95.49283282744634, 30.6562596780262], [-95.49845814571022, 30.668940051180897], [-95.51374449477152, 30.671238190171454], [-95.52340294441504, 30.660854607557667], [-95.51777442459964, 30.648174120711843], [-95.5024906560735, 30.645877329985613]]]}}, {"type": "Feature", "properties": {"h3_index": "874468b71ffffff", "total_count": 5, "source": "inaturalist"}, "geometry": {"type": "Polygon", "coordinates": [[[-95.52340294441504, 30.660854607557667], [-95.51374449477152, 30.671238190171454], [-95.51937355381968, 30.683918085288784], [-95.53466426417106, 30.686214510107135], [-95.54432333201227, 30.675829693400456], [-95.5386910719242, 30.663149686153563], [-95.52340294441504, 30.660854607557667]]]}}, {"type": "Feature", "properties": {"h3_index": "874468b74ffffff", "total_count": 10, "source": "inaturalist"}, "geometry": {"type": "Polygon", "coordinates": [[[-95.50652166292625, 30.6228120838846], [-95.49686587555634, 30.63319636811927], [-95.5024906560735, 30.645877329985613], [-95.51777442459964, 30.648174120711843], [-95.5274308321653, 30.637788600928058], [-95.52180285162756, 30.625107526152494], [-95.50652166292625, 30.6228120838846]]]}}, {"type": "Feature", "properties": {"h3_index": "874468b75ffffff", "total_count": 13, "source": "inaturalist"}, "geometry": {"type": "Polygon", "coordinates": [[[-95.5274308321653, 30.637788600928058], [-95.51777442459964, 30.648174120711843], [-95.52340294441504, 30.660854607557667], [-95.5386910719242, 30.663149686153563], [-95.54834809686808, 30.652762931302007], [-95.54271637754415, 30.640082333107586], [-95.5274308321653, 30.637788600928058]]]}}, {"type": "Feature", "properties": {"h3_index": "874468b85ffffff", "total_count": 1, "source": "inaturalist"}, "geometry": {"type": "Polygon", "coordinates": [[[-95.24449246289923, 30.642311049570253], [-95.23482740433606, 30.65266620716956], [-95.2404152879448, 30.665347541599296], [-95.25567144836106, 30.667673854944443], [-95.26533716454011, 30.657317464432204], [-95.25974606329527, 30.64463599367391], [-95.24449246289923, 30.642311049570253]]]}}, {"type": "Feature", "properties": {"h3_index": "874468b8dffffff", "total_count": 1, "source": "inaturalist"}, "geometry": {"type": "Polygon", "coordinates": [[[-95.2821189949938, 30.695359802836276], [-95.27245058416291, 30.705715469644037], [-95.27804647320058, 30.718395309925192], [-95.29331399191418, 30.720719617572147], [-95.3029830556271, 30.710362719764472], [-95.29738394835493, 30.69768274549574], [-95.2821189949938, 30.695359802836276]]]}}, {"type": "Feature", "properties": {"h3_index": "874468b96ffffff", "total_count": 9, "source": "inaturalist"}, "geometry": {"type": "Polygon", "coordinates": [[[-95.1281088479309, 30.63633722451782], [-95.11844101503229, 30.646680352070653], [-95.12401175369294, 30.659362138042628], [-95.13925355036369, 30.661700943120636], [-95.14892205727243, 30.6513565833024], [-95.14334809410369, 30.63867465085809], [-95.1281088479309, 30.63633722451782]]]}}, {"type": "Feature", "properties": {"h3_index": "874468b99ffffff", "total_count": 3, "source": "inaturalist"}, "geometry": {"type": "Polygon", "coordinates": [[[-95.20732577212115, 30.71943007710973], [-95.19765322024993, 30.72977616701216], [-95.20323944256914, 30.742455591284628], [-95.21850144160567, 30.744789066851197], [-95.22817465723782, 30.7344417475064], [-95.22258521068042, 30.721762182223564], [-95.20732577212115, 30.71943007710973]]]}}, {"type": "Feature", "properties": {"h3_index": "874468b9dffffff", "total_count": 1, "source": "inaturalist"}, "geometry": {"type": "Polygon", "coordinates": [[[-95.21141058151376, 30.69640200469819], [-95.20174006919262, 30.706750058556008], [-95.20732577212115, 30.71943007710973], [-95.22258521068042, 30.721762182223564], [-95.23225638591992, 30.711412897940274], [-95.22666746028953, 30.69873273915481], [-95.21141058151376, 30.69640200469819]]]}}, {"type": "Feature", "properties": {"h3_index": "874468ba0ffffff", "total_count": 7, "source": "inaturalist"}, "geometry": {"type": "Polygon", "coordinates": [[[-95.25264226471718, 30.596230474694995], [-95.24298128019043, 30.606589529894126], [-95.2485681215552, 30.619272024807245], [-95.26381916262562, 30.621595599468478], [-95.27348080309235, 30.611235309387872], [-95.2678907471565, 30.598552679713723], [-95.25264226471718, 30.596230474694995]]]}}, {"type": "Feature", "properties": {"h3_index": "874468ba1ffffff", "total_count": 4, "source": "inaturalist"}, "geometry": {"type": "Polygon", "coordinates": [[[-95.27348080309235, 30.611235309387872], [-95.26381916262562, 30.621595599468478], [-95.26940974124321, 30.634277651581446], [-95.28466517504039, 30.636599547002923], [-95.2943274686659, 30.626238022508417], [-95.28873367594439, 30.61355583719245], [-95.27348080309235, 30.611235309387872]]]}}, {"type": "Feature", "properties": {"h3_index": "874468ba2ffffff", "total_count": 6, "source": "inaturalist"}, "geometry": {"type": "Polygon", "coordinates": [[[-95.22773463361433, 30.604264280093947], [-95.21807227199986, 30.614620153926648], [-95.22365589679859, 30.627302511736055], [-95.23890510038478, 30.629629133002755], [-95.2485681215552, 30.619272024807245], [-95.24298128019043, 30.606589529894126], [-95.22773463361433, 30.604264280093947]]]}}, {"type": "Feature", "properties": {"h3_index": "874468ba3ffffff", "total_count": 2, "source": "inaturalist"}, "geometry": {"type": "Polygon", "coordinates": [[[-95.2485681215552, 30.619272024807245], [-95.23890510038478, 30.629629133002755], [-95.24449246289923, 30.642311049570253], [-95.25974606329527, 30.64463599367391], [-95.26940974124321, 30.634277651581446], [-95.26381916262562, 30.621595599468478], [-95.2485681215552, 30.619272024807245]]]}}, {"type": "Feature", "properties": {"h3_index": "874468ba4ffffff", "total_count": 5, "source": "inaturalist"}, "geometry": {"type": "Polygon", "coordinates": [[[-95.25671489318913, 30.57318640662292], [-95.2470559445573, 30.583547405230334], [-95.25264226471718, 30.596230474694995], [-95.2678907471565, 30.598552679713723], [-95.27755035089153, 30.58819044523983], [-95.27196081769165, 30.57550724179993], [-95.25671489318913, 30.57318640662292]]]}}, {"type": "Feature", "properties": {"h3_index": "874468babffffff", "total_count": 3, "source": "inaturalist"}, "geometry": {"type": "Polygon", "coordinates": [[[-95.28619000096579, 30.672321747651143], [-95.27652362995427, 30.682679370610874], [-95.2821189949938, 30.695359802836276], [-95.29738394835493, 30.69768274549574], [-95.30705097141161, 30.68732389055467], [-95.30145238967238, 30.674643325121473], [-95.28619000096579, 30.672321747651143]]]}}, {"type": "Feature", "properties": {"h3_index": "874468badffffff", "total_count": 24, "source": "inaturalist"}, "geometry": {"type": "Polygon", "coordinates": [[[-95.31518226067058, 30.641238605387883], [-95.3055193166714, 30.651601363828075], [-95.3111173728246, 30.6642825166353], [-95.32638158674617, 30.666601041272845], [-95.33604517832995, 30.65623704935588], [-95.33044390901864, 30.6435557664641], [-95.31518226067058, 30.641238605387883]]]}}, {"type": "Feature", "properties": {"h3_index": "874468bb3ffffff", "total_count": 2, "source": "inaturalist"}, "geometry": {"type": "Polygon", "coordinates": [[[-95.17792077422789, 30.62031321138111], [-95.1682556695553, 30.630662716226425], [-95.17383285525224, 30.643344792801223], [-95.18907836677157, 30.645677506505553], [-95.19874413822912, 30.63532676834159], [-95.19316373198755, 30.622644549978347], [-95.17792077422789, 30.62031321138111]]]}}, {"type": "Feature", "properties": {"h3_index": "874468c03ffffff", "total_count": 1, "source": "inaturalist"}, "geometry": {"type": "Polygon", "coordinates": [[[-94.60599821816592, 30.413252929773606], [-94.59633527731219, 30.423554677087026], [-94.60181945253488, 30.436242418575528], [-94.61696981241607, 30.438628601390853], [-94.62663349775265, 30.428325617056114], [-94.62114607930377, 30.415637687115595], [-94.60599821816592, 30.413252929773606]]]}}, {"type": "Feature", "properties": {"h3_index": "874468c04ffffff", "total_count": 2, "source": "inaturalist"}, "geometry": {"type": "Polygon", "coordinates": [[[-94.61435112687231, 30.36726650993291], [-94.604692223626, 30.377572161542254], [-94.61017544267573, 30.390260957768906], [-94.62532080572186, 30.39264428942685], [-94.63498045169983, 30.382337398776016], [-94.62949399247823, 30.36964841569702], [-94.61435112687231, 30.36726650993291]]]}}, {"type": "Feature", "properties": {"h3_index": "874468c32ffffff", "total_count": 7, "source": "inaturalist"}, "geometry": {"type": "Polygon", "coordinates": [[[-94.54832764043618, 30.345034149302617], [-94.53866896559839, 30.355334133836205], [-94.54414150556123, 30.368023399828687], [-94.55927596367265, 30.37041287375381], [-94.56893539012684, 30.36011164987727], [-94.56345960742843, 30.347422191607045], [-94.54832764043618, 30.345034149302617]]]}}, {"type": "Feature", "properties": {"h3_index": "874468c43ffffff", "total_count": 1, "source": "inaturalist"}, "geometry": {"type": "Polygon", "coordinates": [[[-94.75061708269358, 30.518720998057688], [-94.74094898685145, 30.529031395311844], [-94.74645924411381, 30.541716634881627], [-94.76164083848448, 30.544091655007414], [-94.77130965997546, 30.53378002380726], [-94.76579616203304, 30.52109460661504], [-94.75061708269358, 30.518720998057688]]]}}, {"type": "Feature", "properties": {"h3_index": "874468c44ffffff", "total_count": 3, "source": "inaturalist"}, "geometry": {"type": "Polygon", "coordinates": [[[-94.7589281494873, 30.472722198186972], [-94.74926410346824, 30.483036513835255], [-94.75477338421526, 30.495722850037847], [-94.76994994918579, 30.498095046816395], [-94.7796147191168, 30.487779495216305], [-94.77410220075106, 30.475092982977245], [-94.7589281494873, 30.472722198186972]]]}}, {"type": "Feature", "properties": {"h3_index": "874468c5affffff", "total_count": 4, "source": "inaturalist"}, "geometry": {"type": "Polygon", "coordinates": [[[-94.69676035228385, 30.55757119886929], [-94.6870876408249, 30.567873228530374], [-94.69259189609315, 30.580557550254962], [-94.70777210942703, 30.58294002560188], [-94.7174455545532, 30.572636764124475], [-94.71193805326276, 30.55995225930427], [-94.69676035228385, 30.55757119886929]]]}}, {"type": "Feature", "properties": {"h3_index": "874468c5dffffff", "total_count": 2, "source": "inaturalist"}, "geometry": {"type": "Polygon", "coordinates": [[[-94.74645924411381, 30.541716634881627], [-94.73678912225745, 30.552025067574586], [-94.74229986766696, 30.56470975314944], [-94.75748397773127, 30.56708618463238], [-94.76715482610614, 30.556776518995623], [-94.76164083848448, 30.544091655007414], [-94.74645924411381, 30.541716634881627]]]}}, {"type": "Feature", "properties": {"h3_index": "874468c65ffffff", "total_count": 24, "source": "inaturalist"}, "geometry": {"type": "Polygon", "coordinates": [[[-94.81274652540915, 30.433812680004053], [-94.80308710869254, 30.444135323862287], [-94.80860237134164, 30.456822550838808], [-94.82378028356239, 30.459187304699846], [-94.83344041618516, 30.44886342277227], [-94.8279219212684, 30.436176025240705], [-94.81274652540915, 30.433812680004053]]]}}, {"type": "Feature", "properties": {"h3_index": "874468c6affffff", "total_count": 3, "source": "inaturalist"}, "geometry": {"type": "Polygon", "coordinates": [[[-94.8003094644621, 30.502834816003364], [-94.79064397332347, 30.51315160311138], [-94.79616071003565, 30.525837195584092], [-94.81134617533009, 30.52820617407471], [-94.82101238496814, 30.517888151903296], [-94.8154924114003, 30.50520238649228], [-94.8003094644621, 30.502834816003364]]]}}, {"type": "Feature", "properties": {"h3_index": "874468c6cffffff", "total_count": 2, "source": "inaturalist"}, "geometry": {"type": "Polygon", "coordinates": [[[-94.82929927143344, 30.471874161983486], [-94.81963711387527, 30.48219609424296], [-94.82515659463012, 30.494882407485786], [-94.84034146693969, 30.49724695845916], [-94.85000433855754, 30.486923789579997], [-94.84448162439477, 30.47423730653477], [-94.82929927143344, 30.471874161983486]]]}}, {"type": "Feature", "properties": {"h3_index": "874468c8affffff", "total_count": 3, "source": "inaturalist"}, "geometry": {"type": "Polygon", "coordinates": [[[-94.44874273072766, 30.506579574279815], [-94.43906817554705, 30.516858178767627], [-94.44453378962477, 30.529543660924435], [-94.4596772169495, 30.53195074287274], [-94.46935253968694, 30.521670906863786], [-94.4638836681163, 30.508985220616076], [-94.44874273072766, 30.506579574279815]]]}}, {"type": "Feature", "properties": {"h3_index": "874468c90ffffff", "total_count": 20, "source": "inaturalist"}, "geometry": {"type": "Polygon", "coordinates": [[[-94.36638570165739, 30.446195280119586], [-94.35671424325486, 30.456468954278797], [-94.36216495803235, 30.46915575316482], [-94.37729039054216, 30.47156908834924], [-94.3869626271139, 30.461294180972462], [-94.38150865357578, 30.44860717181751], [-94.36638570165739, 30.446195280119586]]]}}, {"type": "Feature", "properties": {"h3_index": "874468c91ffffff", "total_count": 14, "source": "inaturalist"}, "geometry": {"type": "Polygon", "coordinates": [[[-94.3869626271139, 30.461294180972462], [-94.37729039054216, 30.47156908834924], [-94.38274482844795, 30.48425556484265], [-94.39787476194492, 30.48666734287373], [-94.40754777403872, 30.476391202702604], [-94.40209007768372, 30.46370451748336], [-94.3869626271139, 30.461294180972462]]]}}, {"type": "Feature", "properties": {"h3_index": "874468c92ffffff", "total_count": 324, "source": "inaturalist"}, "geometry": {"type": "Polygon", "coordinates": [[[-94.34159331324389, 30.45405406604343], [-94.33192061968667, 30.464324531650934], [-94.33736807386575, 30.477011117928136], [-94.35249148276871, 30.479427451395363], [-94.36216495803235, 30.46915575316482], [-94.35671424325486, 30.456468954278797], [-94.34159331324389, 30.45405406604343]]]}}, {"type": "Feature", "properties": {"h3_index": "874468c93ffffff", "total_count": 1, "source": "inaturalist"}, "geometry": {"type": "Polygon", "coordinates": [[[-94.36216495803235, 30.46915575316482], [-94.35249148276871, 30.479427451395363], [-94.35794266038326, 30.49211371682311], [-94.37307057412202, 30.494528495274643], [-94.38274482844795, 30.48425556484265], [-94.37729039054216, 30.47156908834924], [-94.36216495803235, 30.46915575316482]]]}}, {"type": "Feature", "properties": {"h3_index": "874468c94ffffff", "total_count": 5, "source": "inaturalist"}, "geometry": {"type": "Polygon", "coordinates": [[[-94.37060489207033, 30.423232305026666], [-94.3609354498046, 30.43350795155395], [-94.36638570165739, 30.446195280119586], [-94.38150865357578, 30.44860717181751], [-94.39117887311845, 30.43833029105611], [-94.38572536403476, 30.425642753019613], [-94.37060489207033, 30.423232305026666]]]}}, {"type": "Feature", "properties": {"h3_index": "874468c95ffffff", "total_count": 25, "source": "inaturalist"}, "geometry": {"type": "Polygon", "coordinates": [[[-94.39117887311845, 30.43833029105611], [-94.38150865357578, 30.44860717181751], [-94.3869626271139, 30.461294180972462], [-94.40209007768372, 30.46370451748336], [-94.41176107185716, 30.45342640291207], [-94.40630384140007, 30.440739185828402], [-94.39117887311845, 30.43833029105611]]]}}, {"type": "Feature", "properties": {"h3_index": "874468c96ffffff", "total_count": 15, "source": "inaturalist"}, "geometry": {"type": "Polygon", "coordinates": [[[-94.34581699804957, 30.431094508769863], [-94.33614632045946, 30.44136694928889], [-94.34159331324389, 30.45405406604343], [-94.35671424325486, 30.456468954278797], [-94.36638570165739, 30.446195280119586], [-94.3609354498046, 30.43350795155395], [-94.34581699804957, 30.431094508769863]]]}}, {"type": "Feature", "properties": {"h3_index": "874468c99ffffff", "total_count": 2, "source": "inaturalist"}, "geometry": {"type": "Polygon", "coordinates": [[[-94.42392924463623, 30.514449527353772], [-94.41425344013409, 30.52472492092149], [-94.41971579486422, 30.537410196647727], [-94.43485721401665, 30.539820285425265], [-94.44453378962477, 30.529543660924435], [-94.43906817554705, 30.516858178767627], [-94.42392924463623, 30.514449527353772]]]}}, {"type": "Feature", "properties": {"h3_index": "874468c9affffff", "total_count": 6, "source": "inaturalist"}, "geometry": {"type": "Polygon", "coordinates": [[[-94.37852547630852, 30.507214435328372], [-94.36884920350295, 30.517485385258187], [-94.37430456988298, 30.530170785095947], [-94.3894394711516, 30.5325854455084], [-94.3991165212642, 30.522313264813977], [-94.39365789337172, 30.50962765466026], [-94.37852547630852, 30.507214435328372]]]}}, {"type": "Feature", "properties": {"h3_index": "874468c9bffffff", "total_count": 9, "source": "inaturalist"}, "geometry": {"type": "Polygon", "coordinates": [[[-94.3991165212642, 30.522313264813977], [-94.3894394711516, 30.5325854455084], [-94.39489856468327, 30.54527051246471], [-94.41003797009765, 30.54768360768501], [-94.41971579486422, 30.537410196647727], [-94.41425344013409, 30.52472492092149], [-94.3991165212642, 30.522313264813977]]]}}, {"type": "Feature", "properties": {"h3_index": "874468c9cffffff", "total_count": 4, "source": "inaturalist"}, "geometry": {"type": "Polygon", "coordinates": [[[-94.40754777403872, 30.476391202702604], [-94.39787476194492, 30.48666734287373], [-94.4033329241118, 30.499353492449032], [-94.4184673570779, 30.50176370922354], [-94.42814114204263, 30.491486336681863], [-94.42267972174164, 30.478799979924784], [-94.40754777403872, 30.476391202702604]]]}}, {"type": "Feature", "properties": {"h3_index": "874468c9effffff", "total_count": 8, "source": "inaturalist"}, "geometry": {"type": "Polygon", "coordinates": [[[-94.38274482844795, 30.48425556484265], [-94.37307057412202, 30.494528495274643], [-94.37852547630852, 30.507214435328372], [-94.39365789337172, 30.50962765466026], [-94.4033329241118, 30.499353492449032], [-94.39787476194492, 30.48666734287373], [-94.38274482844795, 30.48425556484265]]]}}, {"type": "Feature", "properties": {"h3_index": "874468cb2ffffff", "total_count": 1, "source": "inaturalist"}, "geometry": {"type": "Polygon", "coordinates": [[[-94.37482253008265, 30.400266835229875], [-94.36515510322975, 30.410544450561854], [-94.37060489207033, 30.423232305026666], [-94.38572536403476, 30.425642753019613], [-94.39539356727315, 30.415363902436503], [-94.38994052273044, 30.402675839300326], [-94.37482253008265, 30.400266835229875]]]}}, {"type": "Feature", "properties": {"h3_index": "874468cb3ffffff", "total_count": 3, "source": "inaturalist"}, "geometry": {"type": "Polygon", "coordinates": [[[-94.39539356727315, 30.415363902436503], [-94.38572536403476, 30.425642753019613], [-94.39117887311845, 30.43833029105611], [-94.40630384140007, 30.440739185828402], [-94.41597281837876, 30.430459100419423], [-94.41051605390543, 30.417771355252697], [-94.39539356727315, 30.415363902436503]]]}}, {"type": "Feature", "properties": {"h3_index": "874468cc8ffffff", "total_count": 9, "source": "inaturalist"}, "geometry": {"type": "Polygon", "coordinates": [[[-94.61803494189655, 30.604282543071033], [-94.60835634782624, 30.614572972276676], [-94.61385133404922, 30.627256168951096], [-94.6290281681682, 30.62964912751228], [-94.63870750749994, 30.61935746920289], [-94.63320926803324, 30.60667408162395], [-94.61803494189655, 30.604282543071033]]]}}, {"type": "Feature", "properties": {"h3_index": "874468cc9ffffff", "total_count": 5, "source": "inaturalist"}, "geometry": {"type": "Polygon", "coordinates": [[[-94.63870750749994, 30.61935746920289], [-94.6290281681682, 30.62964912751228], [-94.63452688949394, 30.642331950382836], [-94.64970820362176, 30.64472330448328], [-94.65938828552122, 30.634430417501587], [-94.65388631130817, 30.62174740527959], [-94.63870750749994, 30.61935746920289]]]}}, {"type": "Feature", "properties": {"h3_index": "874468ccdffffff", "total_count": 3, "source": "inaturalist"}, "geometry": {"type": "Polygon", "coordinates": [[[-94.64288658044023, 30.596380441369064], [-94.63320926803324, 30.60667408162395], [-94.63870750749994, 30.61935746920289], [-94.65388631130817, 30.62174740527959], [-94.66356436540433, 30.61145253534882], [-94.65806287458595, 30.59876895920511], [-94.64288658044023, 30.596380441369064]]]}}, {"type": "Feature", "properties": {"h3_index": "874468cd2ffffff", "total_count": 6, "source": "inaturalist"}, "geometry": {"type": "Polygon", "coordinates": [[[-94.48576755136419, 30.559726189522543], [-94.4760894415281, 30.570005274617106], [-94.48156298353666, 30.58268951988211], [-94.49671789432784, 30.585094882027946], [-94.50639676727793, 30.574814567273954], [-94.50091996689865, 30.562130120221806], [-94.48576755136419, 30.559726189522543]]]}}, {"type": "Feature", "properties": {"h3_index": "874468cdcffffff", "total_count": 1, "source": "inaturalist"}, "geometry": {"type": "Polygon", "coordinates": [[[-94.55187396982065, 30.582017014328557], [-94.54219560352554, 30.5923017721602], [-94.54767986703419, 30.60498550647498], [-94.5628457532419, 30.60738467949382], [-94.57252487373917, 30.597098692274983], [-94.56703735440546, 30.584414761612575], [-94.55187396982065, 30.582017014328557]]]}}, {"type": "Feature", "properties": {"h3_index": "874468ceaffffff", "total_count": 29, "source": "inaturalist"}, "geometry": {"type": "Polygon", "coordinates": [[[-94.62639752147268, 30.558327670664756], [-94.61672297875955, 30.568622058191394], [-94.62221700410042, 30.581306374529884], [-94.6373888229104, 30.58369649285756], [-94.64706410912669, 30.573400874217466], [-94.64156683361144, 30.560716368551102], [-94.62639752147268, 30.558327670664756]]]}}, {"type": "Feature", "properties": {"h3_index": "874468cebffffff", "total_count": 21, "source": "inaturalist"}, "geometry": {"type": "Polygon", "coordinates": [[[-94.64706410912669, 30.573400874217466], [-94.6373888229104, 30.58369649285756], [-94.64288658044023, 30.596380441369064], [-94.65806287458595, 30.59876895920511], [-94.66773890161369, 30.588472109885107], [-94.66223789426694, 30.575787973596842], [-94.64706410912669, 30.573400874217466]]]}}, {"type": "Feature", "properties": {"h3_index": "874468d01ffffff", "total_count": 2, "source": "inaturalist"}, "geometry": {"type": "Polygon", "coordinates": [[[-94.65998440497955, 30.244313641275617], [-94.65033685957248, 30.25463216478597], [-94.65582091937264, 30.267323714291184], [-94.67095575583271, 30.269696920958697], [-94.68060403606627, 30.25937715278148], [-94.67511674559155, 30.246685422792023], [-94.65998440497955, 30.244313641275617]]]}}, {"type": "Feature", "properties": {"h3_index": "874468d08ffffff", "total_count": 3, "source": "inaturalist"}, "geometry": {"type": "Polygon", "coordinates": [[[-94.67644352786724, 30.28238814606868], [-94.66679323182392, 30.29270598340763], [-94.67228148534244, 30.305396699835917], [-94.68742326732017, 30.307769758866982], [-94.69707429638379, 30.29745067831825], [-94.69158281102888, 30.284759782136536], [-94.67644352786724, 30.28238814606868]]]}}, {"type": "Feature", "properties": {"h3_index": "874468d0effffff", "total_count": 2, "source": "inaturalist"}, "geometry": {"type": "Polygon", "coordinates": [[[-94.65582091937264, 30.267323714291184], [-94.64617135902525, 30.277640307975158], [-94.65165589886355, 30.290331351793245], [-94.66679323182392, 30.29270598340763], [-94.67644352786724, 30.28238814606868], [-94.67095575583271, 30.269696920958697], [-94.65582091937264, 30.267323714291184]]]}}, {"type": "Feature", "properties": {"h3_index": "874468d32ffffff", "total_count": 1, "source": "inaturalist"}, "geometry": {"type": "Polygon", "coordinates": [[[-94.57758745314068, 30.1840408220901], [-94.5679428737072, 30.194354362483562], [-94.57341209547918, 30.20704716426795], [-94.58852912933763, 30.209426612472754], [-94.59817445425685, 30.199111825633906], [-94.59270200040585, 30.186418837224352], [-94.57758745314068, 30.1840408220901]]]}}, {"type": "Feature", "properties": {"h3_index": "874468d4effffff", "total_count": 4, "source": "inaturalist"}, "geometry": {"type": "Polygon", "coordinates": [[[-94.80035052117852, 30.37273454479583], [-94.79069586728467, 30.38305983469318], [-94.79620642562955, 30.39574849152905], [-94.8113748680537, 30.39811202915946], [-94.82103023883188, 30.387785498736864], [-94.81551645088753, 30.375096671396943], [-94.80035052117852, 30.37273454479583]]]}}, {"type": "Feature", "properties": {"h3_index": "874468d54ffffff", "total_count": 2, "source": "inaturalist"}, "geometry": {"type": "Polygon", "coordinates": [[[-94.71771322441354, 30.312511302417757], [-94.70806146500914, 30.322831625730416], [-94.71355714914728, 30.33552167377703], [-94.72870782437711, 30.337891575372968], [-94.73836031143885, 30.327570009742836], [-94.73286139619509, 30.3148797850224], [-94.71771322441354, 30.312511302417757]]]}}, {"type": "Feature", "properties": {"h3_index": "874468d59ffffff", "total_count": 5, "source": "inaturalist"}, "geometry": {"type": "Polygon", "coordinates": [[[-94.77138323588204, 30.403705293366347], [-94.76172525908919, 30.414025459743698], [-94.76723307451357, 30.426713412474772], [-94.78240210034967, 30.429081372663703], [-94.79206079845501, 30.418759967322426], [-94.78654974999696, 30.406071840944016], [-94.77138323588204, 30.403705293366347]]]}}, {"type": "Feature", "properties": {"h3_index": "874468d5dffffff", "total_count": 2, "source": "inaturalist"}, "geometry": {"type": "Polygon", "coordinates": [[[-94.77553186422932, 30.380694699932636], [-94.76587590904431, 30.391016809378723], [-94.77138323588204, 30.403705293366347], [-94.78654974999696, 30.406071840944016], [-94.79620642562955, 30.39574849152905], [-94.79069586728467, 30.38305983469318], [-94.77553186422932, 30.380694699932636]]]}}, {"type": "Feature", "properties": {"h3_index": "874468d63ffffff", "total_count": 1, "source": "inaturalist"}, "geometry": {"type": "Polygon", "coordinates": [[[-94.8127736261224, 30.30367795289573], [-94.80312503304405, 30.314009042665255], [-94.80863412062043, 30.326699268080727], [-94.82379502688745, 30.3290585720122], [-94.83344433426558, 30.318726238701746], [-94.82793202166232, 30.306035845188674], [-94.8127736261224, 30.30367795289573]]]}}, {"type": "Feature", "properties": {"h3_index": "874468d68ffffff", "total_count": 2, "source": "inaturalist"}, "geometry": {"type": "Polygon", "coordinates": [[[-94.85412318737761, 30.33377257956138], [-94.84447316839966, 30.344106155960098], [-94.84998969079743, 30.35679567651751], [-94.86515945700921, 30.359151785877273], [-94.8748101848831, 30.348816966843657], [-94.8692904382368, 30.336127281272937], [-94.85412318737761, 30.33377257956138]]]}}, {"type": "Feature", "properties": {"h3_index": "874468d6dffffff", "total_count": 1, "source": "inaturalist"}, "geometry": {"type": "Polygon", "coordinates": [[[-94.8789391447279, 30.32579053313409], [-94.8692904382368, 30.336127281272937], [-94.8748101848831, 30.348816966843657], [-94.88998186093887, 30.3511700671312], [-94.89963127276127, 30.340832075808372], [-94.89410830378503, 30.328142227569696], [-94.8789391447279, 30.32579053313409]]]}}, {"type": "Feature", "properties": {"h3_index": "874468d92ffffff", "total_count": 16, "source": "inaturalist"}, "geometry": {"type": "Polygon", "coordinates": [[[-94.37112650629251, 30.293284963332376], [-94.36146790932243, 30.303569178441986], [-94.36691213188983, 30.31625939863518], [-94.38201820190162, 30.318665610903857], [-94.39167757433674, 30.308380156042045], [-94.38623010186214, 30.29568972885271], [-94.37112650629251, 30.293284963332376]]]}}, {"type": "Feature", "properties": {"h3_index": "874468d93ffffff", "total_count": 5, "source": "inaturalist"}, "geometry": {"type": "Polygon", "coordinates": [[[-94.39167757433674, 30.308380156042045], [-94.38201820190162, 30.318665610903857], [-94.38746613782273, 30.331355531123858], [-94.40257669634333, 30.333760202130843], [-94.41223684160609, 30.323473507945565], [-94.40678565608877, 30.310783382265654], [-94.39167757433674, 30.308380156042045]]]}}, {"type": "Feature", "properties": {"h3_index": "874468d94ffffff", "total_count": 1, "source": "inaturalist"}, "geometry": {"type": "Polygon", "coordinates": [[[-94.40009580311943, 30.262422039502333], [-94.39044045355769, 30.27271139267719], [-94.39588746249953, 30.285402323044433], [-94.41099306811974, 30.2878041042718], [-94.42064918873503, 30.27751350973474], [-94.41519893324441, 30.264822375521483], [-94.40009580311943, 30.262422039502333]]]}}, {"type": "Feature", "properties": {"h3_index": "874468d95ffffff", "total_count": 1, "source": "inaturalist"}, "geometry": {"type": "Polygon", "coordinates": [[[-94.42064918873503, 30.27751350973474], [-94.41099306811974, 30.2878041042718], [-94.41644378866638, 30.30049473611476], [-94.43155387663022, 30.30289497592032], [-94.44121076565966, 30.29260314045241], [-94.43575679888002, 30.27991230629867], [-94.42064918873503, 30.27751350973474]]]}}, {"type": "Feature", "properties": {"h3_index": "874468d9cffffff", "total_count": 1, "source": "inaturalist"}, "geometry": {"type": "Polygon", "coordinates": [[[-94.43700830990437, 30.31558530471764], [-94.42734940802691, 30.325875190780835], [-94.43280430771094, 30.33856501042941], [-94.44792135728056, 30.340965145783834], [-94.4575810258136, 30.33067402023929], [-94.4521228786916, 30.317983999010455], [-94.43700830990437, 30.31558530471764]]]}}, {"type": "Feature", "properties": {"h3_index": "874468da1ffffff", "total_count": 24, "source": "inaturalist"}, "geometry": {"type": "Polygon", "coordinates": [[[-94.51970360965214, 30.24589655851656], [-94.51005248599868, 30.256199888168123], [-94.51551618040537, 30.268891315193788], [-94.53063423787701, 30.27127960569276], [-94.54028611582878, 30.260975032779402], [-94.53481918258312, 30.24828341281762], [-94.51970360965214, 30.24589655851656]]]}}, {"type": "Feature", "properties": {"h3_index": "874468da3ffffff", "total_count": 17, "source": "inaturalist"}, "geometry": {"type": "Polygon", "coordinates": [[[-94.49493889546176, 30.253810047769537], [-94.48528651703897, 30.26411019662275], [-94.49074697075245, 30.276801428368163], [-94.50586304415357, 30.279192706729376], [-94.51551618040537, 30.268891315193788], [-94.51005248599868, 30.256199888168123], [-94.49493889546176, 30.253810047769537]]]}}, {"type": "Feature", "properties": {"h3_index": "874468da5ffffff", "total_count": 2, "source": "inaturalist"}, "geometry": {"type": "Polygon", "coordinates": [[[-94.52388949817023, 30.222899368178673], [-94.5142403863907, 30.233204632354802], [-94.51970360965214, 30.24589655851656], [-94.53481918258312, 30.24828341281762], [-94.54446904778315, 30.237976904363055], [-94.53900258720407, 30.22528478607463], [-94.52388949817023, 30.222899368178673]]]}}, {"type": "Feature", "properties": {"h3_index": "874468dacffffff", "total_count": 1, "source": "inaturalist"}, "geometry": {"type": "Polygon", "coordinates": [[[-94.54028611582878, 30.260975032779402], [-94.53063423787701, 30.27127960569276], [-94.53610164370852, 30.283970723528416], [-94.55122416656818, 30.286357460039536], [-94.56087679616316, 30.27605164430284], [-94.55540615182885, 30.263360335067013], [-94.54028611582878, 30.260975032779402]]]}}, {"type": "Feature", "properties": {"h3_index": "874468db1ffffff", "total_count": 1, "source": "inaturalist"}, "geometry": {"type": "Polygon", "coordinates": [[[-94.4496110410871, 30.24663146576243], [-94.43995817558404, 30.25692718929177], [-94.44541167578478, 30.269618525007804], [-94.46052128492597, 30.272014336542615], [-94.47017491443289, 30.261717370477985], [-94.46471817136441, 30.249025835602726], [-94.4496110410871, 30.24663146576243]]]}}, {"type": "Feature", "properties": {"h3_index": "874469c2affffff", "total_count": 2, "source": "inaturalist"}, "geometry": {"type": "Polygon", "coordinates": [[[-95.6768628558417, 31.133258994538323], [-95.66716956823714, 31.143627263631878], [-95.67284384254381, 31.15629302242704], [-95.68821462239292, 31.158590619442368], [-95.6979085111844, 31.148221134540513], [-95.69223101957353, 31.135555268615708], [-95.6768628558417, 31.133258994538323]]]}}, {"type": "Feature", "properties": {"h3_index": "874469c85ffffff", "total_count": 4, "source": "inaturalist"}, "geometry": {"type": "Polygon", "coordinates": [[[-95.48044933022139, 31.174622963938546], [-95.47074655336822, 31.184967464967112], [-95.47639447294482, 31.197632963518092], [-95.49174840240275, 31.19995408627389], [-95.50145180914402, 31.18960837242178], [-95.49580065716562, 31.176942748822125], [-95.48044933022139, 31.174622963938546]]]}}, {"type": "Feature", "properties": {"h3_index": "874469ca1ffffff", "total_count": 2, "source": "inaturalist"}, "geometry": {"type": "Polygon", "coordinates": [[[-95.50955068062692, 31.14357897935656], [-95.49985139419763, 31.153928719933997], [-95.50550200336797, 31.16659501983496], [-95.52085512837711, 31.168911701307728], [-95.53055504017595, 31.158560746444984], [-95.52490120222313, 31.145894324579416], [-95.50955068062692, 31.14357897935656]]]}}, {"type": "Feature", "properties": {"h3_index": "874469cb1ffffff", "total_count": 2, "source": "inaturalist"}, "geometry": {"type": "Polygon", "coordinates": [[[-95.43846890638045, 31.14464520994893], [-95.42876739785144, 31.15498728395416], [-95.4344077700891, 31.167653878757573], [-95.44975288489947, 31.169978527955305], [-95.45945502901388, 31.15963524020926], [-95.45381142335667, 31.146968517191166], [-95.43846890638045, 31.14464520994893]]]}}, {"type": "Feature", "properties": {"h3_index": "874469cb5ffffff", "total_count": 2, "source": "inaturalist"}, "geometry": {"type": "Polygon", "coordinates": [[[-95.44252852288427, 31.121633857849265], [-95.43282907239026, 31.13197794410165], [-95.43846890638045, 31.14464520994893], [-95.45381142335667, 31.146968517191166], [-95.4635115086003, 31.13662321623421], [-95.45786844274205, 31.12395582292448], [-95.44252852288427, 31.121633857849265]]]}}, {"type": "Feature", "properties": {"h3_index": "874469d0affffff", "total_count": 1, "source": "inaturalist"}, "geometry": {"type": "Polygon", "coordinates": [[[-95.67189899478876, 31.02613438925058], [-95.66221454715686, 31.036509404802416], [-95.66788284131226, 31.0491783942541], [-95.68323879539304, 31.05147247402918], [-95.69292384381133, 31.04109623836268], [-95.68725233799415, 31.028427143220014], [-95.67189899478876, 31.02613438925058]]]}}, {"type": "Feature", "properties": {"h3_index": "874469d22ffffff", "total_count": 4, "source": "inaturalist"}, "geometry": {"type": "Polygon", "coordinates": [[[-95.66694448546585, 30.918970612488394], [-95.65726886186083, 30.92935230921549], [-95.66293118823293, 30.94202444028819], [-95.67827234487376, 30.944314979040122], [-95.68794856886372, 30.933932057875076], [-95.68228303645763, 30.921259822580442], [-95.66694448546585, 30.918970612488394]]]}}, {"type": "Feature", "properties": {"h3_index": "874469d54ffffff", "total_count": 9, "source": "inaturalist"}, "geometry": {"type": "Polygon", "coordinates": [[[-95.7390030709576, 31.047964301560278], [-95.72931888908563, 31.058344960668546], [-95.7349979256416, 31.071012939977788], [-95.75036435316814, 31.073300360560868], [-95.76004912639281, 31.06291848181279], [-95.754366881373, 31.0502504023054], [-95.7390030709576, 31.047964301560278]]]}}, {"type": "Feature", "properties": {"h3_index": "874469d60ffffff", "total_count": 2, "source": "inaturalist"}, "geometry": {"type": "Polygon", "coordinates": [[[-95.83919071691479, 31.01553546041566], [-95.82951243022283, 31.02592891333133], [-95.83520428799449, 31.038597279419175], [-95.85057763312123, 31.04087228363009], [-95.86025649639538, 31.03047760918266], [-95.85456143859882, 31.01780915223971], [-95.83919071691479, 31.01553546041566]]]}}, {"type": "Feature", "properties": {"h3_index": "874469d62ffffff", "total_count": 1, "source": "inaturalist"}, "geometry": {"type": "Polygon", "coordinates": [[[-95.81414342759516, 31.023652118998303], [-95.80446366151227, 31.034042376683537], [-95.81015231714365, 31.04671064958034], [-95.82552394163558, 31.048988758166665], [-95.83520428799449, 31.038597279419175], [-95.82951243022283, 31.02592891333133], [-95.81414342759516, 31.023652118998303]]]}}, {"type": "Feature", "properties": {"h3_index": "874469d64ffffff", "total_count": 2, "source": "inaturalist"}, "geometry": {"type": "Polygon", "coordinates": [[[-95.84317564994217, 30.992471011865536], [-95.83349942214677, 31.002866435368574], [-95.83919071691479, 31.01553546041566], [-95.85456143859882, 31.01780915223971], [-95.86423824217184, 31.007412506249818], [-95.8585437489212, 30.99474339110638], [-95.84317564994217, 30.992471011865536]]]}}, {"type": "Feature", "properties": {"h3_index": "874469d8effffff", "total_count": 4, "source": "inaturalist"}, "geometry": {"type": "Polygon", "coordinates": [[[-95.50070085609528, 31.05953274375089], [-95.49100837012236, 31.06988728016449], [-95.49665358295034, 31.0825561264002], [-95.51199450702633, 31.084870557690564], [-95.52168761872774, 31.074514803640177], [-95.51603918124997, 31.06184583612099], [-95.50070085609528, 31.05953274375089]]]}}, {"type": "Feature", "properties": {"h3_index": "874469da4ffffff", "total_count": 2, "source": "inaturalist"}, "geometry": {"type": "Polygon", "coordinates": [[[-95.52091452209153, 30.944376157000484], [-95.511232307909, 30.95474063987581], [-95.51687481282715, 30.967412739708482], [-95.532202749474, 30.96972047433449], [-95.54188558524494, 30.959354768995336], [-95.53623986340487, 30.946682551678855], [-95.52091452209153, 30.944376157000484]]]}}, {"type": "Feature", "properties": {"h3_index": "874469da6ffffff", "total_count": 1, "source": "inaturalist"}, "geometry": {"type": "Polygon", "coordinates": [[[-95.49590875433204, 30.95243116039344], [-95.48622511257159, 30.962792439141364], [-95.4918643985096, 30.97546441915293], [-95.50719054581157, 30.977775240422602], [-95.51687481282715, 30.967412739708482], [-95.511232307909, 30.95474063987581], [-95.49590875433204, 30.95243116039344]]]}}, {"type": "Feature", "properties": {"h3_index": "87446a840ffffff", "total_count": 5, "source": "inaturalist"}, "geometry": {"type": "Polygon", "coordinates": [[[-94.0294980271356, 30.875868865125643], [-94.01978288739211, 30.886076713749], [-94.02520431460972, 30.898752518264434], [-94.04034418401174, 30.901220722074306], [-94.05006015453849, 30.891011662183356], [-94.0446354254413, 30.878335609938688], [-94.0294980271356, 30.875868865125643]]]}}, {"type": "Feature", "properties": {"h3_index": "87446a841ffffff", "total_count": 1, "source": "inaturalist"}, "geometry": {"type": "Polygon", "coordinates": [[[-94.05006015453849, 30.891011662183356], [-94.04034418401174, 30.901220722074306], [-94.04576935914088, 30.91389617667009], [-94.06091380698255, 30.916362817734274], [-94.07063060566443, 30.906152546965497], [-94.06520212891192, 30.89347684619888], [-94.05006015453849, 30.891011662183356]]]}}, {"type": "Feature", "properties": {"h3_index": "87446a843ffffff", "total_count": 9, "source": "inaturalist"}, "geometry": {"type": "Polygon", "coordinates": [[[-94.02520431460972, 30.898752518264434], [-94.0154871491784, 30.90895831048602], [-94.02090902087957, 30.921633516581053], [-94.03605136200154, 30.92410317914378], [-94.04576935914088, 30.91389617667009], [-94.04034418401174, 30.901220722074306], [-94.02520431460972, 30.898752518264434]]]}}, {"type": "Feature", "properties": {"h3_index": "87446a844ffffff", "total_count": 4, "source": "inaturalist"}, "geometry": {"type": "Polygon", "coordinates": [[[-94.03379015928193, 30.852982564391443], [-94.02407704450256, 30.863192465924485], [-94.0294980271356, 30.875868865125643], [-94.0446354254413, 30.878335609938688], [-94.05434937007999, 30.868124496122068], [-94.04892508711485, 30.855447849964577], [-94.03379015928193, 30.852982564391443]]]}}, {"type": "Feature", "properties": {"h3_index": "87446a846ffffff", "total_count": 2, "source": "inaturalist"}, "geometry": {"type": "Polygon", "coordinates": [[[-94.0089442236979, 30.86072416444477], [-93.99922991736172, 30.870930801411323], [-94.00464759786266, 30.883606951325785], [-94.01978288739211, 30.886076713749], [-94.0294980271356, 30.875868865125643], [-94.02407704450256, 30.863192465924485], [-94.0089442236979, 30.86072416444477]]]}}, {"type": "Feature", "properties": {"h3_index": "87446a84dffffff", "total_count": 5, "source": "inaturalist"}, "geometry": {"type": "Polygon", "coordinates": [[[-94.09120938026261, 30.921291510817348], [-94.08149175605773, 30.93150299207366], [-94.08692443058499, 30.944177733262716], [-94.10207803098164, 30.94664123643493], [-94.11179647807334, 30.9364285450819], [-94.10636050244618, 30.923753560841778], [-94.09120938026261, 30.921291510817348]]]}}, {"type": "Feature", "properties": {"h3_index": "87446a85cffffff", "total_count": 38, "source": "inaturalist"}, "geometry": {"type": "Polygon", "coordinates": [[[-94.00034939030203, 30.90648708736335], [-93.99063103371829, 30.916689610069785], [-93.99604960019083, 30.92936456533452], [-94.01118982903631, 30.93183724891168], [-94.02090902087957, 30.921633516581053], [-94.0154871491784, 30.90895831048602], [-94.00034939030203, 30.90648708736335]]]}}, {"type": "Feature", "properties": {"h3_index": "87446a85dffffff", "total_count": 6, "source": "inaturalist"}, "geometry": {"type": "Polygon", "coordinates": [[[-94.02090902087957, 30.921633516581053], [-94.01118982903631, 30.93183724891168], [-94.01661214511981, 30.944511852853616], [-94.0317569585855, 30.946982973924307], [-94.04147698306234, 30.936778032356575], [-94.03605136200154, 30.92410317914378], [-94.02090902087957, 30.921633516581053]]]}}, {"type": "Feature", "properties": {"h3_index": "87446a863ffffff", "total_count": 4, "source": "inaturalist"}, "geometry": {"type": "Polygon", "coordinates": [[[-94.05863700658976, 30.845234685716786], [-94.04892508711485, 30.855447849964577], [-94.05434937007999, 30.868124496122068], [-94.0694888716103, 30.870588222845942], [-94.0792016173952, 30.86037384569002], [-94.0737740359019, 30.84769695490693], [-94.05863700658976, 30.845234685716786]]]}}, {"type": "Feature", "properties": {"h3_index": "87446a875ffffff", "total_count": 8, "source": "inaturalist"}, "geometry": {"type": "Polygon", "coordinates": [[[-94.01753273349023, 30.814950667068416], [-94.00782247450995, 30.82516140432478], [-94.01323926863238, 30.83783873394809], [-94.02836962133428, 30.840305574241178], [-94.03808071187296, 30.83009362329342], [-94.03266061871128, 30.817416045932656], [-94.01753273349023, 30.814950667068416]]]}}, {"type": "Feature", "properties": {"h3_index": "87446a943ffffff", "total_count": 2, "source": "inaturalist"}, "geometry": {"type": "Polygon", "coordinates": [[[-94.05522714314971, 30.73851160006469], [-94.04552414234595, 30.748731713663982], [-94.05094290054839, 30.761411030205196], [-94.06606795272363, 30.763870476406524], [-94.07577177877943, 30.75364914543651], [-94.07034972796835, 30.740969585824637], [-94.05522714314971, 30.73851160006469]]]}}, {"type": "Feature", "properties": {"h3_index": "87446a946ffffff", "total_count": 1, "source": "inaturalist"}, "geometry": {"type": "Polygon", "coordinates": [[[-94.03897638543636, 30.700471040405333], [-94.02927623221149, 30.710691967115118], [-94.03469080861876, 30.723372180541556], [-94.04980883013343, 30.725831711286833], [-94.05950981030882, 30.715609565790807], [-94.0540919425782, 30.7029291085246], [-94.03897638543636, 30.700471040405333]]]}}, {"type": "Feature", "properties": {"h3_index": "87446a958ffffff", "total_count": 1, "source": "inaturalist"}, "geometry": {"type": "Polygon", "coordinates": [[[-94.0261149262698, 30.7691666531148], [-94.0164087117563, 30.779381476667627], [-94.02182461909503, 30.792059971043223], [-94.03695003745702, 30.794523888237336], [-94.0466570816833, 30.784307848956622], [-94.04123787839444, 30.77162910839843], [-94.0261149262698, 30.7691666531148]]]}}, {"type": "Feature", "properties": {"h3_index": "87446a95bffffff", "total_count": 196, "source": "inaturalist"}, "geometry": {"type": "Polygon", "coordinates": [[[-94.02182461909503, 30.792059971043223], [-94.01211638270911, 30.80227275319842], [-94.01753273349023, 30.814950667068416], [-94.03266061871128, 30.817416045932656], [-94.04236968573237, 30.80720204906806], [-94.03695003745702, 30.794523888237336], [-94.02182461909503, 30.792059971043223]]]}}, {"type": "Feature", "properties": {"h3_index": "87446a95cffffff", "total_count": 1, "source": "inaturalist"}, "geometry": {"type": "Polygon", "coordinates": [[[-94.03040365583705, 30.74627072053028], [-94.02069946247431, 30.75648758197664], [-94.0261149262698, 30.7691666531148], [-94.04123787839444, 30.77162910839843], [-94.05094290054839, 30.761411030205196], [-94.04552414234595, 30.748731713663982], [-94.03040365583705, 30.74627072053028]]]}}, {"type": "Feature", "properties": {"h3_index": "87446a95effffff", "total_count": 2, "source": "inaturalist"}, "geometry": {"type": "Polygon", "coordinates": [[[-94.00558107980818, 30.754023581937542], [-93.99587569762376, 30.76423718936952], [-94.00128786521785, 30.776916012772638], [-94.0164087117563, 30.779381476667627], [-94.0261149262698, 30.7691666531148], [-94.02069946247431, 30.75648758197664], [-94.00558107980818, 30.754023581937542]]]}}, {"type": "Feature", "properties": {"h3_index": "87446a962ffffff", "total_count": 3, "source": "inaturalist"}, "geometry": {"type": "Polygon", "coordinates": [[[-94.06807042158394, 30.66979771388957], [-94.05837348050106, 30.680023912639673], [-94.06379090284675, 30.692704934644016], [-94.07890855482088, 30.695159998809533], [-94.08860631840125, 30.6849325796307], [-94.08318560806994, 30.67225131690391], [-94.06807042158394, 30.66979771388957]]]}}, {"type": "Feature", "properties": {"h3_index": "87446a963ffffff", "total_count": 2, "source": "inaturalist"}, "geometry": {"type": "Polygon", "coordinates": [[[-94.08860631840125, 30.6849325796307], [-94.07890855482088, 30.695159998809533], [-94.08432971207719, 30.707840697582338], [-94.09945192119906, 30.71029421653808], [-94.10915050465728, 30.70006557732982], [-94.10372605967683, 30.687384639384007], [-94.08860631840125, 30.6849325796307]]]}}, {"type": "Feature", "properties": {"h3_index": "87446a968ffffff", "total_count": 89, "source": "inaturalist"}, "geometry": {"type": "Polygon", "coordinates": [[[-94.12970298008635, 30.715196698349967], [-94.1200035793739, 30.725426557187827], [-94.1254322099915, 30.738106595942337], [-94.14056352907494, 30.74055701211889], [-94.15026374441398, 30.73032593405184], [-94.14483182660622, 30.717645659226104], [-94.12970298008635, 30.715196698349967]]]}}, {"type": "Feature", "properties": {"h3_index": "87446a969ffffff", "total_count": 1, "source": "inaturalist"}, "geometry": {"type": "Polygon", "coordinates": [[[-94.15026374441398, 30.73032593405184], [-94.14056352907494, 30.74055701211889], [-94.14599589813848, 30.75323671408378], [-94.16113177002299, 30.755685572689107], [-94.17083279735697, 30.745453275793814], [-94.16539714137579, 30.732773339310054], [-94.15026374441398, 30.73032593405184]]]}}, {"type": "Feature", "properties": {"h3_index": "87446a96bffffff", "total_count": 3, "source": "inaturalist"}, "geometry": {"type": "Polygon", "coordinates": [[[-94.1254322099915, 30.738106595942337], [-94.11573078734413, 30.748334426854413], [-94.1211598676757, 30.761013891966922], [-94.13629365994997, 30.763465763208387], [-94.14599589813848, 30.75323671408378], [-94.14056352907494, 30.74055701211889], [-94.1254322099915, 30.738106595942337]]]}}, {"type": "Feature", "properties": {"h3_index": "87446a96cffffff", "total_count": 2, "source": "inaturalist"}, "geometry": {"type": "Polygon", "coordinates": [[[-94.1339721787805, 30.692284206456836], [-94.12427479927963, 30.70251608970402], [-94.12970298008635, 30.715196698349967], [-94.14483182660622, 30.717645659226104], [-94.15453001981996, 30.707412555732606], [-94.14909855336401, 30.694731711797978], [-94.1339721787805, 30.692284206456836]]]}}, {"type": "Feature", "properties": {"h3_index": "87446a96effffff", "total_count": 3, "source": "inaturalist"}, "geometry": {"type": "Polygon", "coordinates": [[[-94.10915050465728, 30.70006557732982], [-94.09945192119906, 30.71029421653808], [-94.10487681454681, 30.722974587561424], [-94.1200035793739, 30.725426557187827], [-94.12970298008635, 30.715196698349967], [-94.12427479927963, 30.70251608970402], [-94.10915050465728, 30.70006557732982]]]}}, {"type": "Feature", "properties": {"h3_index": "87446aa00ffffff", "total_count": 2, "source": "inaturalist"}, "geometry": {"type": "Polygon", "coordinates": [[[-94.14366206539195, 31.141998451179553], [-94.1339269251711, 31.152200252962], [-94.13937779323285, 31.164869100625957], [-94.15456711298147, 31.167336388817187], [-94.16430307194791, 31.157133385551457], [-94.15884889299025, 31.144464295765793], [-94.14366206539195, 31.141998451179553]]]}}, {"type": "Feature", "properties": {"h3_index": "87446aa06ffffff", "total_count": 1, "source": "inaturalist"}, "geometry": {"type": "Polygon", "coordinates": [[[-94.12302940778268, 31.12686151812129], [-94.1132950889665, 31.1370621180351], [-94.11874219179113, 31.14973136351496], [-94.1339269251711, 31.152200252962], [-94.14366206539195, 31.141998451179553], [-94.13821165139714, 31.129328962006777], [-94.12302940778268, 31.12686151812129]]]}}, {"type": "Feature", "properties": {"h3_index": "87446aa0dffffff", "total_count": 1, "source": "inaturalist"}, "geometry": {"type": "Polygon", "coordinates": [[[-94.2056101307217, 31.187397223508995], [-94.19587254225763, 31.197602628583176], [-94.20133471314479, 31.210270255595617], [-94.2165377831201, 31.212732715124087], [-94.22627618232805, 31.202526109725802], [-94.22081070139019, 31.18985824531099], [-94.2056101307217, 31.187397223508995]]]}}, {"type": "Feature", "properties": {"h3_index": "87446aa13ffffff", "total_count": 1, "source": "inaturalist"}, "geometry": {"type": "Polygon", "coordinates": [[[-94.06890510866059, 31.165178187647292], [-94.05916633498713, 31.175370117853255], [-94.06460725938054, 31.188038225192866], [-94.07979027439697, 31.19051465161556], [-94.08952987756382, 31.180321521793104], [-94.08408563678813, 31.16765316535255], [-94.06890510866059, 31.165178187647292]]]}}, {"type": "Feature", "properties": {"h3_index": "87446aa16ffffff", "total_count": 2, "source": "inaturalist"}, "geometry": {"type": "Polygon", "coordinates": [[[-94.05258789715211, 31.127170903913935], [-94.04285199063146, 31.137363724852268], [-94.04828870105872, 31.15003286610964], [-94.06346463365769, 31.152509436533414], [-94.0732013713921, 31.142315414590453], [-94.06776134587983, 31.129646023416505], [-94.05258789715211, 31.127170903913935]]]}}, {"type": "Feature", "properties": {"h3_index": "87446aa21ffffff", "total_count": 1, "source": "inaturalist"}, "geometry": {"type": "Polygon", "coordinates": [[[-94.19777806106104, 31.103633210129153], [-94.18804739892364, 31.113843663178695], [-94.19350442975765, 31.126513632755362], [-94.20869542896197, 31.12897338618068], [-94.21842690175374, 31.11876172941063], [-94.21296656525863, 31.10609152312374], [-94.19777806106104, 31.103633210129153]]]}}, {"type": "Feature", "properties": {"h3_index": "87446aa25ffffff", "total_count": 2, "source": "inaturalist"}, "geometry": {"type": "Polygon", "coordinates": [[[-94.20205011347093, 31.080750075280193], [-94.19232148750535, 31.090962604277355], [-94.19777806106104, 31.103633210129153], [-94.21296656525863, 31.10609152312374], [-94.22269600095998, 31.09587778940186], [-94.21723612329966, 31.0832069475981], [-94.20205011347093, 31.080750075280193]]]}}, {"type": "Feature", "properties": {"h3_index": "87446aa26ffffff", "total_count": 4, "source": "inaturalist"}, "geometry": {"type": "Polygon", "coordinates": [[[-94.15650539043523, 31.073370176403166], [-94.14677635759551, 31.08357822084315], [-94.15222586316463, 31.09624898187615], [-94.16740770836746, 31.09871193850675], [-94.17713755718614, 31.088502689567402], [-94.17168474539267, 31.075831688684918], [-94.15650539043523, 31.073370176403166]]]}}, {"type": "Feature", "properties": {"h3_index": "87446aa2affffff", "total_count": 3, "source": "inaturalist"}, "geometry": {"type": "Polygon", "coordinates": [[[-94.18922921873285, 31.149391335961628], [-94.17949448205415, 31.15959762669122], [-94.18495242715825, 31.17226631255572], [-94.20014841829006, 31.174728946101002], [-94.20988396746286, 31.164521453657752], [-94.20442271358188, 31.151852529570792], [-94.18922921873285, 31.149391335961628]]]}}, {"type": "Feature", "properties": {"h3_index": "87446aa2dffffff", "total_count": 4, "source": "inaturalist"}, "geometry": {"type": "Polygon", "coordinates": [[[-94.23908407894916, 31.133888238731895], [-94.22935179817138, 31.144101098832238], [-94.23481635898426, 31.156770258814166], [-94.25001650623194, 31.159226792450802], [-94.25974959232329, 31.149012729410952], [-94.25428172642744, 31.13634333586185], [-94.23908407894916, 31.133888238731895]]]}}, {"type": "Feature", "properties": {"h3_index": "87446aa34ffffff", "total_count": 5, "source": "inaturalist"}, "geometry": {"type": "Polygon", "coordinates": [[[-94.11098066160599, 31.06597637560525], [-94.10125123547192, 31.07617993448337], [-94.10669367185466, 31.088850840700186], [-94.12186884326684, 31.091318431972837], [-94.13159909161153, 31.0811136688267], [-94.12615334690102, 31.0684425188641], [-94.11098066160599, 31.06597637560525]]]}}, {"type": "Feature", "properties": {"h3_index": "87446aa64ffffff", "total_count": 1, "source": "inaturalist"}, "geometry": {"type": "Polygon", "coordinates": [[[-94.3260504216666, 31.17148611087577], [-94.31631697737859, 31.18170586234061], [-94.32179614614373, 31.194374002743597], [-94.33701206209705, 31.196822618387056], [-94.34674630005554, 31.186601664553532], [-94.34126382896854, 31.17393329763287], [-94.3260504216666, 31.17148611087577]]]}}, {"type": "Feature", "properties": {"h3_index": "87446aa65ffffff", "total_count": 1, "source": "inaturalist"}, "geometry": {"type": "Polygon", "coordinates": [[[-94.34674630005554, 31.186601664553532], [-94.33701206209705, 31.196822618387056], [-94.34249500081366, 31.209490331992296], [-94.35771548007976, 31.21193731689366], [-94.36745050901696, 31.201715161086025], [-94.36196426828874, 31.189047222538726], [-94.34674630005554, 31.186601664553532]]]}}, {"type": "Feature", "properties": {"h3_index": "87446aa75ffffff", "total_count": 4, "source": "inaturalist"}, "geometry": {"type": "Polygon", "coordinates": [[[-94.27616164830111, 31.187018790590052], [-94.2664257189965, 31.197231972746465], [-94.27189827752434, 31.20989965313062], [-94.2871100719828, 31.212354382719287], [-94.29684680215945, 31.20213999940579], [-94.29137093758202, 31.189472087848426], [-94.27616164830111, 31.187018790590052]]]}}, {"type": "Feature", "properties": {"h3_index": "87446aaa0ffffff", "total_count": 4, "source": "inaturalist"}, "geometry": {"type": "Polygon", "coordinates": [[[-94.00277433134231, 31.14259389770554], [-93.9930360281553, 31.152780134608076], [-93.99846610296787, 31.165448769054336], [-94.01363780024501, 31.1679314213547], [-94.02337694179452, 31.15774398470513], [-94.0179435482685, 31.145075095690455], [-94.00277433134231, 31.14259389770554]]]}}, {"type": "Feature", "properties": {"h3_index": "87446aaa4ffffff", "total_count": 4, "source": "inaturalist"}, "geometry": {"type": "Polygon", "coordinates": [[[-94.00708097075749, 31.119736295569567], [-93.99734470144637, 31.12992462464528], [-94.00277433134231, 31.14259389770554], [-94.0179435482685, 31.145075095690455], [-94.02768065501003, 31.134885565858387], [-94.02224770795893, 31.12221603898601], [-94.00708097075749, 31.119736295569567]]]}}, {"type": "Feature", "properties": {"h3_index": "87446aaadffffff", "total_count": 2, "source": "inaturalist"}, "geometry": {"type": "Polygon", "coordinates": [[[-94.06460725938054, 31.188038225192866], [-94.05486644903776, 31.19822806020099], [-94.06030782272136, 31.21089552005421], [-94.07549332525753, 31.21337339494161], [-94.08523496602292, 31.203182361323012], [-94.07979027439697, 31.19051465161556], [-94.06460725938054, 31.188038225192866]]]}}, {"type": "Feature", "properties": {"h3_index": "87446ab00ffffff", "total_count": 5, "source": "inaturalist"}, "geometry": {"type": "Polygon", "coordinates": [[[-94.17360770805223, 30.981827983748072], [-94.16388680815756, 30.992044303040952], [-94.16933449571458, 31.004717563107576], [-94.18450638374398, 31.0071747408695], [-94.19422809594036, 30.996957213048592], [-94.18877710837462, 30.98428371618198], [-94.17360770805223, 30.981827983748072]]]}}, {"type": "Feature", "properties": {"h3_index": "87446ab02ffffff", "total_count": 3, "source": "inaturalist"}, "geometry": {"type": "Polygon", "coordinates": [[[-94.14871948983559, 30.989585537721045], [-94.13899737367281, 30.999798585614297], [-94.14444175939084, 31.012471606551248], [-94.15961156367872, 31.01493181891283], [-94.16933449571458, 31.004717563107576], [-94.16388680815756, 30.992044303040952], [-94.14871948983559, 30.989585537721045]]]}}, {"type": "Feature", "properties": {"h3_index": "87446ab03ffffff", "total_count": 2, "source": "inaturalist"}, "geometry": {"type": "Polygon", "coordinates": [[[-94.16933449571458, 31.004717563107576], [-94.15961156367872, 31.01493181891283], [-94.16505970588334, 31.02760445981198], [-94.18023408225419, 31.030063082658486], [-94.18995782750983, 31.01984761933312], [-94.18450638374398, 31.0071747408695], [-94.16933449571458, 31.004717563107576]]]}}, {"type": "Feature", "properties": {"h3_index": "87446ab09ffffff", "total_count": 1, "source": "inaturalist"}, "geometry": {"type": "Polygon", "coordinates": [[[-94.23122946763132, 31.05010178961905], [-94.22150410391225, 31.060319666806805], [-94.22696352264353, 31.072991140402664], [-94.24215160637193, 31.07544496986191], [-94.25187777532655, 31.065225886332954], [-94.24641505588967, 31.052554179873933], [-94.23122946763132, 31.05010178961905]]]}}, {"type": "Feature", "properties": {"h3_index": "87446ab0bffffff", "total_count": 1, "source": "inaturalist"}, "geometry": {"type": "Polygon", "coordinates": [[[-94.20632058781467, 31.057864235410655], [-94.19659399728877, 31.068078836876634], [-94.20205011347093, 31.080750075280193], [-94.21723612329966, 31.0832069475981], [-94.22696352264353, 31.072991140402664], [-94.22150410391225, 31.060319666806805], [-94.20632058781467, 31.057864235410655]]]}}, {"type": "Feature", "properties": {"h3_index": "87446ab0cffffff", "total_count": 2, "source": "inaturalist"}, "geometry": {"type": "Polygon", "coordinates": [[[-94.21485680561041, 31.012084469443312], [-94.20513428376873, 31.022303205398767], [-94.21058948491908, 31.03497569772767], [-94.22577050792314, 31.037429687957903], [-94.23549383674968, 31.027209744261963], [-94.23003533615848, 31.014537018264352], [-94.21485680561041, 31.012084469443312]]]}}, {"type": "Feature", "properties": {"h3_index": "87446ab0dffffff", "total_count": 1, "source": "inaturalist"}, "geometry": {"type": "Polygon", "coordinates": [[[-94.23549383674968, 31.027209744261963], [-94.22577050792314, 31.037429687957903], [-94.23122946763132, 31.05010178961905], [-94.24641505588967, 31.052554179873933], [-94.2561391890366, 31.042333028832115], [-94.25067693017708, 31.029660695069307], [-94.23549383674968, 31.027209744261963]]]}}, {"type": "Feature", "properties": {"h3_index": "87446ab0effffff", "total_count": 5, "source": "inaturalist"}, "geometry": {"type": "Polygon", "coordinates": [[[-94.18995782750983, 31.01984761933312], [-94.18023408225419, 31.030063082658486], [-94.1856859821248, 31.042735338989075], [-94.20086492910103, 31.04519236818071], [-94.21058948491908, 31.03497569772767], [-94.20513428376873, 31.022303205398767], [-94.18995782750983, 31.01984761933312]]]}}, {"type": "Feature", "properties": {"h3_index": "87446ab16ffffff", "total_count": 1, "source": "inaturalist"}, "geometry": {"type": "Polygon", "coordinates": [[[-94.08263790127984, 30.967061288953598], [-94.07291621942989, 30.977268647832165], [-94.07834979152155, 30.98994217067129], [-94.09350835022927, 30.992408579406874], [-94.10323085681071, 30.98220001245563], [-94.09779398051786, 30.969526245029833], [-94.08263790127984, 30.967061288953598]]]}}, {"type": "Feature", "properties": {"h3_index": "87446ab18ffffff", "total_count": 3, "source": "inaturalist"}, "geometry": {"type": "Polygon", "coordinates": [[[-94.14016245008968, 31.0353549894851], [-94.13043626929526, 31.045563901965522], [-94.13588156110559, 31.0582356793121], [-94.15105633922435, 31.060698785022865], [-94.16078333773241, 31.050488666646963], [-94.15533474097646, 31.037816648643943], [-94.14016245008968, 31.0353549894851]]]}}, {"type": "Feature", "properties": {"h3_index": "87446ab19ffffff", "total_count": 13, "source": "inaturalist"}, "geometry": {"type": "Polygon", "coordinates": [[[-94.16078333773241, 31.050488666646963], [-94.15105633922435, 31.060698785022865], [-94.15650539043523, 31.073370176403166], [-94.17168474539267, 31.075831688684918], [-94.18141255895914, 31.06562036480326], [-94.17596020307924, 31.05294873433372], [-94.16078333773241, 31.050488666646963]]]}}, {"type": "Feature", "properties": {"h3_index": "87446ab1affffff", "total_count": 5, "source": "inaturalist"}, "geometry": {"type": "Polygon", "coordinates": [[[-94.11526606948561, 31.043099206967707], [-94.10553867656834, 31.05330484124363], [-94.11098066160599, 31.06597637560525], [-94.12615334690102, 31.0684425188641], [-94.13588156110559, 31.0582356793121], [-94.13043626929526, 31.045563901965522], [-94.11526606948561, 31.043099206967707]]]}}, {"type": "Feature", "properties": {"h3_index": "87446ab1bffffff", "total_count": 11, "source": "inaturalist"}, "geometry": {"type": "Polygon", "coordinates": [[[-94.13588156110559, 31.0582356793121], [-94.12615334690102, 31.0684425188641], [-94.13159909161153, 31.0811136688267], [-94.14677635759551, 31.08357822084315], [-94.15650539043523, 31.073370176403166], [-94.15105633922435, 31.060698785022865], [-94.13588156110559, 31.0582356793121]]]}}, {"type": "Feature", "properties": {"h3_index": "87446ab1effffff", "total_count": 2, "source": "inaturalist"}, "geometry": {"type": "Polygon", "coordinates": [[[-94.11954989632099, 31.020219341989275], [-94.10982453589138, 31.03042704818504], [-94.11526606948561, 31.043099206967707], [-94.13043626929526, 31.045563901965522], [-94.14016245008968, 31.0353549894851], [-94.13471761127691, 31.022682588479736], [-94.11954989632099, 31.020219341989275]]]}}, {"type": "Feature", "properties": {"h3_index": "87446ab25ffffff", "total_count": 3, "source": "inaturalist"}, "geometry": {"type": "Polygon", "coordinates": [[[-94.23191034075136, 30.920492794706327], [-94.22219594750695, 30.930719757766493], [-94.22764931746049, 30.943394713176808], [-94.24282037446453, 30.945842936319682], [-94.25253557103746, 30.93561476149084], [-94.24707890784836, 30.92293957547597], [-94.23191034075136, 30.920492794706327]]]}}, {"type": "Feature", "properties": {"h3_index": "87446ab26ffffff", "total_count": 1, "source": "inaturalist"}, "geometry": {"type": "Polygon", "coordinates": [[[-94.18641788835605, 30.91314322195576], [-94.1767030805092, 30.92336571076823], [-94.18214940354824, 30.936040805945584], [-94.19731383035945, 30.938493646996747], [-94.20702944775869, 30.92826994662936], [-94.20157982936286, 30.91559461695401], [-94.18641788835605, 30.91314322195576]]]}}, {"type": "Feature", "properties": {"h3_index": "87446ab2bffffff", "total_count": 7, "source": "inaturalist"}, "geometry": {"type": "Polygon", "coordinates": [[[-94.23975663082446, 31.004315011547302], [-94.23003533615848, 31.014537018264352], [-94.23549383674968, 31.027209744261963], [-94.25067693017708, 31.029660695069307], [-94.2603990282491, 31.01943748000118], [-94.25493723005984, 31.006764522664827], [-94.23975663082446, 31.004315011547302]]]}}, {"type": "Feature", "properties": {"h3_index": "87446ab2dffffff", "total_count": 2, "source": "inaturalist"}, "geometry": {"type": "Polygon", "coordinates": [[[-94.26891398648243, 30.973638337232817], [-94.25919595636311, 30.98386566988225], [-94.26465729378943, 30.996539247059868], [-94.2798399561073, 30.998985720019782], [-94.28955878514083, 30.988757177405752], [-94.28409415351517, 30.976083371984448], [-94.26891398648243, 30.973638337232817]]]}}, {"type": "Feature", "properties": {"h3_index": "87446ab34ffffff", "total_count": 3, "source": "inaturalist"}, "geometry": {"type": "Polygon", "coordinates": [[[-94.14094534375772, 30.90577982438923], [-94.13123013484045, 30.915997837912833], [-94.13666940975044, 30.92867306287377], [-94.151827191606, 30.93113051288967], [-94.1615432162881, 30.92091128803089], [-94.15610064391628, 30.908235824679757], [-94.14094534375772, 30.90577982438923]]]}}, {"type": "Feature", "properties": {"h3_index": "87446ab40ffffff", "total_count": 4, "source": "inaturalist"}, "geometry": {"type": "Polygon", "coordinates": [[[-94.3181251694337, 31.08769085429548], [-94.30839863935296, 31.09791562500192], [-94.31387264497691, 31.11058611863501], [-94.32907647921432, 31.11303206757354], [-94.33880380291703, 31.102806091105055], [-94.33332649933705, 31.090135371647865], [-94.3181251694337, 31.08769085429548]]]}}, {"type": "Feature", "properties": {"h3_index": "87446ab41ffffff", "total_count": 1, "source": "inaturalist"}, "geometry": {"type": "Polygon", "coordinates": [[[-94.33880380291703, 31.102806091105055], [-94.32907647921432, 31.11303206757354], [-94.33455424922613, 31.125702147853758], [-94.34976264116631, 31.12814647610562], [-94.35949075580626, 31.117919294272415], [-94.3540096881466, 31.10524898973979], [-94.33880380291703, 31.102806091105055]]]}}, {"type": "Feature", "properties": {"h3_index": "87446ab46ffffff", "total_count": 3, "source": "inaturalist"}, "geometry": {"type": "Polygon", "coordinates": [[[-94.29745485572248, 31.07257359252659], [-94.28772912194441, 31.082797157074218], [-94.29319936434162, 31.09546805952051], [-94.30839863935296, 31.09791562500192], [-94.3181251694337, 31.08769085429548], [-94.312651628776, 31.075019724454283], [-94.29745485572248, 31.07257359252659]]]}}, {"type": "Feature", "properties": {"h3_index": "87446ab49ffffff", "total_count": 3, "source": "inaturalist"}, "geometry": {"type": "Polygon", "coordinates": [[[-94.37594242709882, 31.155928081863024], [-94.3662114829323, 31.166154395145075], [-94.37169725447141, 31.178822986255128], [-94.38691726933561, 31.18126548613145], [-94.39664899996603, 31.171037969278007], [-94.39115992984851, 31.15836915630719], [-94.37594242709882, 31.155928081863024]]]}}, {"type": "Feature", "properties": {"h3_index": "87446ab4affffff", "total_count": 5, "source": "inaturalist"}, "geometry": {"type": "Polygon", "coordinates": [[[-94.33030312241827, 31.148595490179073], [-94.320571719062, 31.15881732012471], [-94.3260504216666, 31.17148611087577], [-94.34126382896854, 31.17393329763287], [-94.35099602508339, 31.163710264320414], [-94.34551402171586, 31.151041247805345], [-94.33030312241827, 31.148595490179073]]]}}, {"type": "Feature", "properties": {"h3_index": "87446ab4dffffff", "total_count": 1, "source": "inaturalist"}, "geometry": {"type": "Polygon", "coordinates": [[[-94.38018602772618, 31.133030455112632], [-94.37045712483774, 31.14325884191267], [-94.37594242709882, 31.155928081863024], [-94.39115992984851, 31.15836915630719], [-94.40088961829258, 31.14813956493876], [-94.3954010190113, 31.13547010388215], [-94.38018602772618, 31.133030455112632]]]}}, {"type": "Feature", "properties": {"h3_index": "87446ab50ffffff", "total_count": 3, "source": "inaturalist"}, "geometry": {"type": "Polygon", "coordinates": [[[-94.24761478629303, 31.088116045288917], [-94.23788658079758, 31.09833305782139], [-94.24335022110957, 31.11100349849018], [-94.2585453694594, 31.113457158867675], [-94.26827437843592, 31.103238941391112], [-94.26280743615524, 31.090568268669067], [-94.24761478629303, 31.088116045288917]]]}}, {"type": "Feature", "properties": {"h3_index": "87446ab54ffffff", "total_count": 4, "source": "inaturalist"}, "geometry": {"type": "Polygon", "coordinates": [[[-94.25187777532655, 31.065225886332954], [-94.24215160637193, 31.07544496986191], [-94.24761478629303, 31.088116045288917], [-94.26280743615524, 31.090568268669067], [-94.27253440767592, 31.080347979192954], [-94.26706792734188, 31.067676672471773], [-94.25187777532655, 31.065225886332954]]]}}, {"type": "Feature", "properties": {"h3_index": "87446ab55ffffff", "total_count": 1, "source": "inaturalist"}, "geometry": {"type": "Polygon", "coordinates": [[[-94.27253440767592, 31.080347979192954], [-94.26280743615524, 31.090568268669067], [-94.26827437843592, 31.103238941391112], [-94.28347159292844, 31.10568955454918], [-94.29319936434162, 31.09546805952051], [-94.28772912194441, 31.082797157074218], [-94.27253440767592, 31.080347979192954]]]}}, {"type": "Feature", "properties": {"h3_index": "87446ab56ffffff", "total_count": 6, "source": "inaturalist"}, "geometry": {"type": "Polygon", "coordinates": [[[-94.22696352264353, 31.072991140402664], [-94.21723612329966, 31.0832069475981], [-94.22269600095998, 31.09587778940186], [-94.23788658079758, 31.09833305782139], [-94.24761478629303, 31.088116045288917], [-94.24215160637193, 31.07544496986191], [-94.22696352264353, 31.072991140402664]]]}}, {"type": "Feature", "properties": {"h3_index": "87446ab5dffffff", "total_count": 1, "source": "inaturalist"}, "geometry": {"type": "Polygon", "coordinates": [[[-94.30961854684813, 31.133478672519697], [-94.29988793893715, 31.143699298703375], [-94.30536287422058, 31.156368508743167], [-94.320571719062, 31.15881732012471], [-94.33030312241827, 31.148595490179073], [-94.32482488606485, 31.135926052801587], [-94.30961854684813, 31.133478672519697]]]}}, {"type": "Feature", "properties": {"h3_index": "87446ab60ffffff", "total_count": 2, "source": "inaturalist"}, "geometry": {"type": "Polygon", "coordinates": [[[-94.35154303354821, 31.03410170644558], [-94.34182182380604, 31.044333876557562], [-94.34729819425257, 31.057005863183296], [-94.36249906800091, 31.059445901859245], [-94.3722210659545, 31.049212523381758], [-94.36674140252565, 31.036540314781632], [-94.35154303354821, 31.03410170644558]]]}}, {"type": "Feature", "properties": {"h3_index": "87446ab61ffffff", "total_count": 10, "source": "inaturalist"}, "geometry": {"type": "Polygon", "coordinates": [[[-94.3722210659545, 31.049212523381758], [-94.36249906800091, 31.059445901859245], [-94.36797919959562, 31.07211747950077], [-94.38318462239103, 31.07455589925729], [-94.39290740587025, 31.064321312815466], [-94.38742398160684, 31.051649514769185], [-94.3722210659545, 31.049212523381758]]]}}, {"type": "Feature", "properties": {"h3_index": "87446ab62ffffff", "total_count": 10, "source": "inaturalist"}, "geometry": {"type": "Polygon", "coordinates": [[[-94.32662550063549, 31.04189222310234], [-94.31690304544398, 31.052121124391594], [-94.32237612104466, 31.064792886712475], [-94.33757494725909, 31.067235972236798], [-94.34729819425257, 31.057005863183296], [-94.34182182380604, 31.044333876557562], [-94.32662550063549, 31.04189222310234]]]}}, {"type": "Feature", "properties": {"h3_index": "87446ab64ffffff", "total_count": 1, "source": "inaturalist"}, "geometry": {"type": "Polygon", "coordinates": [[[-94.35578630302884, 31.011194864155097], [-94.34606712980286, 31.02142909183234], [-94.35154303354821, 31.03410170644558], [-94.36674140252565, 31.036540314781632], [-94.37646136305608, 31.02630487773758], [-94.37098216788172, 31.013632041912118], [-94.35578630302884, 31.011194864155097]]]}}, {"type": "Feature", "properties": {"h3_index": "87446ab65ffffff", "total_count": 1, "source": "inaturalist"}, "geometry": {"type": "Polygon", "coordinates": [[[-94.37646136305608, 31.02630487773758], [-94.36674140252565, 31.036540314781632], [-94.3722210659545, 31.049212523381758], [-94.38742398160684, 31.051649514769185], [-94.39714472675692, 31.04141286876058], [-94.39166177221323, 31.028740440516856], [-94.37646136305608, 31.02630487773758]]]}}, {"type": "Feature", "properties": {"h3_index": "87446ab6affffff", "total_count": 2, "source": "inaturalist"}, "geometry": {"type": "Polygon", "coordinates": [[[-94.36373576315465, 31.09501973887065], [-94.3540096881466, 31.10524898973979], [-94.35949075580626, 31.117919294272415], [-94.37470119483193, 31.120360570046447], [-94.38442805718, 31.110130113211824], [-94.37894369374112, 31.097459586756344], [-94.36373576315465, 31.09501973887065]]]}}, {"type": "Feature", "properties": {"h3_index": "87446ab6dffffff", "total_count": 1, "source": "inaturalist"}, "geometry": {"type": "Polygon", "coordinates": [[[-94.41360205290651, 31.07942806606529], [-94.40387848659151, 31.08966386006974], [-94.40936614393708, 31.102334606118195], [-94.42458066020846, 31.104769775612574], [-94.43430500666535, 31.09453277444777], [-94.42881405728959, 31.081861811136562], [-94.41360205290651, 31.07942806606529]]]}}, {"type": "Feature", "properties": {"h3_index": "87446ab6effffff", "total_count": 3, "source": "inaturalist"}, "geometry": {"type": "Polygon", "coordinates": [[[-94.36797919959562, 31.07211747950077], [-94.35825516348292, 31.08234879591898], [-94.36373576315465, 31.09501973887065], [-94.37894369374112, 31.097459586756344], [-94.38866851628623, 31.08722706337349], [-94.38318462239103, 31.07455589925729], [-94.36797919959562, 31.07211747950077]]]}}, {"type": "Feature", "properties": {"h3_index": "87446ab70ffffff", "total_count": 26, "source": "inaturalist"}, "geometry": {"type": "Polygon", "coordinates": [[[-94.28104974265618, 31.034557954463544], [-94.27132684384566, 31.044782377486516], [-94.27679286214067, 31.057454314479212], [-94.29198507682726, 31.059902056840667], [-94.30170877370466, 31.049676426259616], [-94.29623945840291, 31.037004261063103], [-94.28104974265618, 31.034557954463544]]]}}, {"type": "Feature", "properties": {"h3_index": "87446ab71ffffff", "total_count": 4, "source": "inaturalist"}, "geometry": {"type": "Polygon", "coordinates": [[[-94.30170877370466, 31.049676426259616], [-94.29198507682726, 31.059902056840667], [-94.29745485572248, 31.07257359252659], [-94.312651628776, 31.075019724454283], [-94.32237612104466, 31.064792886712475], [-94.31690304544398, 31.052121124391594], [-94.30170877370466, 31.049676426259616]]]}}, {"type": "Feature", "properties": {"h3_index": "87446ab72ffffff", "total_count": 14, "source": "inaturalist"}, "geometry": {"type": "Polygon", "coordinates": [[[-94.2561391890366, 31.042333028832115], [-94.24641505588967, 31.052554179873933], [-94.25187777532655, 31.065225886332954], [-94.26706792734188, 31.067676672471773], [-94.27679286214067, 31.057454314479212], [-94.27132684384566, 31.044782377486516], [-94.2561391890366, 31.042333028832115]]]}}, {"type": "Feature", "properties": {"h3_index": "87446ab73ffffff", "total_count": 34, "source": "inaturalist"}, "geometry": {"type": "Polygon", "coordinates": [[[-94.27679286214067, 31.057454314479212], [-94.26706792734188, 31.067676672471773], [-94.27253440767592, 31.080347979192954], [-94.28772912194441, 31.082797157074218], [-94.29745485572248, 31.07257359252659], [-94.29198507682726, 31.059902056840667], [-94.27679286214067, 31.057454314479212]]]}}, {"type": "Feature", "properties": {"h3_index": "87446ab74ffffff", "total_count": 5, "source": "inaturalist"}, "geometry": {"type": "Polygon", "coordinates": [[[-94.28530505004791, 31.011658906364545], [-94.27558418649237, 31.02188539092899], [-94.28104974265618, 31.034557954463544], [-94.29623945840291, 31.037004261063103], [-94.30596111911377, 31.02677656793705], [-94.30049226749674, 31.014103776961], [-94.28530505004791, 31.011658906364545]]]}}, {"type": "Feature", "properties": {"h3_index": "87446ab75ffffff", "total_count": 1, "source": "inaturalist"}, "geometry": {"type": "Polygon", "coordinates": [[[-94.30596111911377, 31.02677656793705], [-94.29623945840291, 31.037004261063103], [-94.30170877370466, 31.049676426259616], [-94.31690304544398, 31.052121124391594], [-94.32662550063549, 31.04189222310234], [-94.32115289018232, 31.02921983203219], [-94.30596111911377, 31.02677656793705]]]}}, {"type": "Feature", "properties": {"h3_index": "87446ab76ffffff", "total_count": 5, "source": "inaturalist"}, "geometry": {"type": "Polygon", "coordinates": [[[-94.2603990282491, 31.01943748000118], [-94.25067693017708, 31.029660695069307], [-94.2561391890366, 31.042333028832115], [-94.27132684384566, 31.044782377486516], [-94.28104974265618, 31.034557954463544], [-94.27558418649237, 31.02188539092899], [-94.2603990282491, 31.01943748000118]]]}}, {"type": "Feature", "properties": {"h3_index": "87446ab81ffffff", "total_count": 1, "source": "inaturalist"}, "geometry": {"type": "Polygon", "coordinates": [[[-94.01999136354715, 31.051147176227648], [-94.01026119149836, 31.06134176103664], [-94.01568948603045, 31.07401292764673], [-94.03085126566064, 31.07648976117081], [-94.04058227234859, 31.066293972574368], [-94.03515066533066, 31.053622554429623], [-94.01999136354715, 31.051147176227648]]]}}, {"type": "Feature", "properties": {"h3_index": "87446ab83ffffff", "total_count": 4, "source": "inaturalist"}, "geometry": {"type": "Polygon", "coordinates": [[[-93.99510400695416, 31.058863351131738], [-93.98537264141622, 31.069054651005953], [-93.99079762165553, 31.081725563754375], [-94.00595728228812, 31.084205430678615], [-94.01568948603045, 31.07401292764673], [-94.01026119149836, 31.06134176103664], [-93.99510400695416, 31.058863351131738]]]}}, {"type": "Feature", "properties": {"h3_index": "87446ab8affffff", "total_count": 1, "source": "inaturalist"}, "geometry": {"type": "Polygon", "coordinates": [[[-94.01138602204361, 31.096875969822833], [-94.00165178588061, 31.107066387609308], [-94.00708097075749, 31.119736295569567], [-94.02224770795893, 31.12221603898601], [-94.03198278062106, 31.11202441943334], [-94.02655028014644, 31.099354258418696], [-94.01138602204361, 31.096875969822833]]]}}, {"type": "Feature", "properties": {"h3_index": "87446ab8effffff", "total_count": 11, "source": "inaturalist"}, "geometry": {"type": "Polygon", "coordinates": [[[-94.01568948603045, 31.07401292764673], [-94.00595728228812, 31.084205430678615], [-94.01138602204361, 31.096875969822833], [-94.02655028014644, 31.099354258418696], [-94.0362833194575, 31.08916055261024], [-94.03085126566064, 31.07648976117081], [-94.01568948603045, 31.07401292764673]]]}}, {"type": "Feature", "properties": {"h3_index": "87446aba3ffffff", "total_count": 6, "source": "inaturalist"}, "geometry": {"type": "Polygon", "coordinates": [[[-94.02859036248421, 31.00540757443073], [-94.01886425164238, 31.015606312377347], [-94.02429165542237, 31.028278722756887], [-94.039448479985, 31.030752645387388], [-94.04917542360924, 31.020552701630038], [-94.04374471045165, 31.007880041241286], [-94.02859036248421, 31.00540757443073]]]}}, {"type": "Feature", "properties": {"h3_index": "87446aba6ffffff", "total_count": 5, "source": "inaturalist"}, "geometry": {"type": "Polygon", "coordinates": [[[-94.01231368650464, 30.967387519865117], [-94.00259043966408, 30.977587121957804], [-94.00801364420767, 30.99026051040345], [-94.02316340423246, 30.99273454775167], [-94.03288748556022, 30.982533738450382], [-94.0274609729379, 30.969860099197952], [-94.01231368650464, 30.967387519865117]]]}}, {"type": "Feature", "properties": {"h3_index": "87446aba8ffffff", "total_count": 3, "source": "inaturalist"}, "geometry": {"type": "Polygon", "coordinates": [[[-94.06976882734025, 31.035695883336995], [-94.06004105357043, 31.04589703252019], [-94.06547597126331, 31.058568699872165], [-94.08064197215145, 31.061039465108642], [-94.09037057342589, 31.050837110885006], [-94.08493234687295, 31.038165196653594], [-94.06976882734025, 31.035695883336995]]]}}, {"type": "Feature", "properties": {"h3_index": "87446aba9ffffff", "total_count": 2, "source": "inaturalist"}, "geometry": {"type": "Polygon", "coordinates": [[[-94.09037057342589, 31.050837110885006], [-94.08064197215145, 31.061039465108642], [-94.08608064859332, 31.073710754157176], [-94.10125123547192, 31.07617993448337], [-94.11098066160599, 31.06597637560525], [-94.10553867656834, 31.05330484124363], [-94.09037057342589, 31.050837110885006]]]}}, {"type": "Feature", "properties": {"h3_index": "87446ababffffff", "total_count": 5, "source": "inaturalist"}, "geometry": {"type": "Polygon", "coordinates": [[[-94.06547597126331, 31.058568699872165], [-94.05574616539832, 31.06876777220092], [-94.06118153142528, 31.08143881360859], [-94.07635001429767, 31.08391103051662], [-94.08608064859332, 31.073710754157176], [-94.08064197215145, 31.061039465108642], [-94.06547597126331, 31.058568699872165]]]}}, {"type": "Feature", "properties": {"h3_index": "87446abaeffffff", "total_count": 1, "source": "inaturalist"}, "geometry": {"type": "Polygon", "coordinates": [[[-94.04917542360924, 31.020552701630038], [-94.039448479985, 31.030752645387388], [-94.04487964012309, 31.04342468651591], [-94.06004105357043, 31.04589703252019], [-94.06976882734025, 31.035695883336995], [-94.06433435808145, 31.023023593763657], [-94.04917542360924, 31.020552701630038]]]}}, {"type": "Feature", "properties": {"h3_index": "87446c201ffffff", "total_count": 9, "source": "inaturalist"}, "geometry": {"type": "Polygon", "coordinates": [[[-95.35400565039194, 30.019392678637335], [-95.3443953395265, 30.02979923331078], [-95.34996913468471, 30.042494948927576], [-95.3651564178866, 30.044784224773604], [-95.37476736400392, 30.03437641045612], [-95.36919039227035, 30.02168058012351], [-95.35400565039194, 30.019392678637335]]]}}, {"type": "Feature", "properties": {"h3_index": "87446c202ffffff", "total_count": 23, "source": "inaturalist"}, "geometry": {"type": "Polygon", "coordinates": [[[-95.30846369061359, 30.012519733664924], [-95.2988526421076, 30.022921913267982], [-95.30441955866362, 30.03561787313175], [-95.31960070335397, 30.037911772180415], [-95.32921239342829, 30.02750833294731], [-95.32364229784493, 30.01481225448258], [-95.30846369061359, 30.012519733664924]]]}}, {"type": "Feature", "properties": {"h3_index": "87446c203ffffff", "total_count": 1, "source": "inaturalist"}, "geometry": {"type": "Polygon", "coordinates": [[[-95.32921239342829, 30.02750833294731], [-95.31960070335397, 30.037911772180415], [-95.3251713199546, 30.050607370729605], [-95.34035680578917, 30.05289964730021], [-95.34996913468471, 30.042494948927576], [-95.3443953395265, 30.02979923331078], [-95.32921239342829, 30.02750833294731]]]}}, {"type": "Feature", "properties": {"h3_index": "87446c208ffffff", "total_count": 29, "source": "inaturalist"}, "geometry": {"type": "Polygon", "coordinates": [[[-95.37073391360364, 30.057479572987198], [-95.36112094863788, 30.06788553000813], [-95.36669896828849, 30.080580392263403], [-95.38189313111566, 30.08286941168301], [-95.39150672939682, 30.072462196505725], [-95.38592553213957, 30.059767220251906], [-95.37073391360364, 30.057479572987198]]]}}, {"type": "Feature", "properties": {"h3_index": "87446c209ffffff", "total_count": 119, "source": "inaturalist"}, "geometry": {"type": "Polygon", "coordinates": [[[-95.39150672939682, 30.072462196505725], [-95.38189313111566, 30.08286941168301], [-95.38747485376639, 30.095563898956325], [-95.40267335242902, 30.097851283701807], [-95.41228758126694, 30.087442810860825], [-95.40670268149067, 30.074748211124692], [-95.39150672939682, 30.072462196505725]]]}}, {"type": "Feature", "properties": {"h3_index": "87446c20affffff", "total_count": 18, "source": "inaturalist"}, "geometry": {"type": "Polygon", "coordinates": [[[-95.34593112342223, 30.065594879980356], [-95.33631677575625, 30.075997718391847], [-95.34189161581332, 30.088692464297313], [-95.3570839837332, 30.090984488327877], [-95.36669896828849, 30.080580392263403], [-95.36112094863788, 30.06788553000813], [-95.34593112342223, 30.065594879980356]]]}}, {"type": "Feature", "properties": {"h3_index": "87446c20bffffff", "total_count": 32, "source": "inaturalist"}, "geometry": {"type": "Polygon", "coordinates": [[[-95.36669896828849, 30.080580392263403], [-95.3570839837332, 30.090984488327877], [-95.3626625272673, 30.103678860787277], [-95.3778592350777, 30.10596925218282], [-95.38747485376639, 30.095563898956325], [-95.38189313111566, 30.08286941168301], [-95.36669896828849, 30.080580392263403]]]}}, {"type": "Feature", "properties": {"h3_index": "87446c20cffffff", "total_count": 47, "source": "inaturalist"}, "geometry": {"type": "Polygon", "coordinates": [[[-95.37476736400392, 30.03437641045612], [-95.3651564178866, 30.044784224773604], [-95.37073391360364, 30.057479572987198], [-95.38592553213957, 30.059767220251906], [-95.39553711075504, 30.04935814678333], [-95.3899564389404, 30.036662685387903], [-95.37476736400392, 30.03437641045612]]]}}, {"type": "Feature", "properties": {"h3_index": "87446c20dffffff", "total_count": 4, "source": "inaturalist"}, "geometry": {"type": "Polygon", "coordinates": [[[-95.39553711075504, 30.04935814678333], [-95.38592553213957, 30.059767220251906], [-95.39150672939682, 30.072462196505725], [-95.40670268149067, 30.074748211124692], [-95.41631488984679, 30.064337878998643], [-95.41073051697343, 30.051642791097755], [-95.39553711075504, 30.04935814678333]]]}}, {"type": "Feature", "properties": {"h3_index": "87446c210ffffff", "total_count": 12, "source": "inaturalist"}, "geometry": {"type": "Polygon", "coordinates": [[[-95.26294016567819, 30.005632947367253], [-95.2533283930517, 30.01603075027147], [-95.2588884290899, 30.0287269444112], [-95.27406341981718, 30.03102545831932], [-95.28367584031817, 30.020626395805383], [-95.27811262281644, 30.007930079180213], [-95.26294016567819, 30.005632947367253]]]}}, {"type": "Feature", "properties": {"h3_index": "87446c211ffffff", "total_count": 376, "source": "inaturalist"}, "geometry": {"type": "Polygon", "coordinates": [[[-95.28367584031817, 30.020626395805383], [-95.27406341981718, 30.03102545831932], [-95.27962715537151, 30.04372129723035], [-95.29480649302863, 30.046018194767257], [-95.30441955866362, 30.03561787313175], [-95.2988526421076, 30.022921913267982], [-95.28367584031817, 30.020626395805383]]]}}, {"type": "Feature", "properties": {"h3_index": "87446c212ffffff", "total_count": 5, "source": "inaturalist"}, "geometry": {"type": "Polygon", "coordinates": [[[-95.23815775099801, 30.013730624056556], [-95.22854461358718, 30.02412530823414], [-95.23410146619534, 30.036821377536675], [-95.24927464024256, 30.039122887686073], [-95.2588884290899, 30.0287269444112], [-95.2533283930517, 30.01603075027147], [-95.23815775099801, 30.013730624056556]]]}}, {"type": "Feature", "properties": {"h3_index": "87446c213ffffff", "total_count": 13, "source": "inaturalist"}, "geometry": {"type": "Polygon", "coordinates": [[[-95.2588884290899, 30.0287269444112], [-95.24927464024256, 30.039122887686073], [-95.25483519282454, 30.05181860329278], [-95.27001271782544, 30.05411849911608], [-95.27962715537151, 30.04372129723035], [-95.27406341981718, 30.03102545831932], [-95.2588884290899, 30.0287269444112]]]}}, {"type": "Feature", "properties": {"h3_index": "87446c214ffffff", "total_count": 4, "source": "inaturalist"}, "geometry": {"type": "Polygon", "coordinates": [[[-95.26699040338106, 29.98253661965824], [-95.25738064623776, 29.9929362785325], [-95.26294016567819, 30.005632947367253], [-95.27811262281644, 30.007930079180213], [-95.28772302701081, 29.997529159697002], [-95.28216032761472, 29.984832369196983], [-95.26699040338106, 29.98253661965824]]]}}, {"type": "Feature", "properties": {"h3_index": "87446c215ffffff", "total_count": 20, "source": "inaturalist"}, "geometry": {"type": "Polygon", "coordinates": [[[-95.28772302701081, 29.997529159697002], [-95.27811262281644, 30.007930079180213], [-95.28367584031817, 30.020626395805383], [-95.2988526421076, 30.022921913267982], [-95.30846369061359, 30.012519733664924], [-95.30289729361847, 29.99982329690623], [-95.28772302701081, 29.997529159697002]]]}}, {"type": "Feature", "properties": {"h3_index": "87446c216ffffff", "total_count": 1, "source": "inaturalist"}, "geometry": {"type": "Polygon", "coordinates": [[[-95.2422125354945, 29.990637536432065], [-95.23260141347924, 30.001034079239165], [-95.23815775099801, 30.013730624056556], [-95.2533283930517, 30.01603075027147], [-95.26294016567819, 30.005632947367253], [-95.25738064623776, 29.9929362785325], [-95.2422125354945, 29.990637536432065]]]}}, {"type": "Feature", "properties": {"h3_index": "87446c219ffffff", "total_count": 11, "source": "inaturalist"}, "geometry": {"type": "Polygon", "coordinates": [[[-95.32112874949637, 30.073704065793102], [-95.31151302278157, 30.084103783438437], [-95.31708468126187, 30.09679841064299], [-95.33227524863618, 30.099093439089973], [-95.34189161581332, 30.088692464297313], [-95.33631677575625, 30.075997718391847], [-95.32112874949637, 30.073704065793102]]]}}, {"type": "Feature", "properties": {"h3_index": "87446c21affffff", "total_count": 5, "source": "inaturalist"}, "geometry": {"type": "Polygon", "coordinates": [[[-95.27557697137911, 30.066813856475406], [-95.26596051604925, 30.077209194076637], [-95.2715252875488, 30.089904066048422], [-95.2867096989998, 30.092203723193233], [-95.29632680111068, 30.08180712846572], [-95.29075884559005, 30.069112133906682], [-95.27557697137911, 30.066813856475406]]]}}, {"type": "Feature", "properties": {"h3_index": "87446c21dffffff", "total_count": 41, "source": "inaturalist"}, "geometry": {"type": "Polygon", "coordinates": [[[-95.3251713199546, 30.050607370729605], [-95.31555761193, 30.061008950997888], [-95.32112874949637, 30.073704065793102], [-95.33631677575625, 30.075997718391847], [-95.34593112342223, 30.065594879980356], [-95.34035680578917, 30.05289964730021], [-95.3251713199546, 30.050607370729605]]]}}, {"type": "Feature", "properties": {"h3_index": "87446c21effffff", "total_count": 2, "source": "inaturalist"}, "geometry": {"type": "Polygon", "coordinates": [[[-95.27962715537151, 30.04372129723035], [-95.27001271782544, 30.05411849911608], [-95.27557697137911, 30.066813856475406], [-95.29075884559005, 30.069112133906682], [-95.30037392909321, 30.058713673897223], [-95.29480649302863, 30.046018194767257], [-95.27962715537151, 30.04372129723035]]]}}, {"type": "Feature", "properties": {"h3_index": "87446c225ffffff", "total_count": 2, "source": "inaturalist"}, "geometry": {"type": "Polygon", "coordinates": [[[-95.3908862322621, 29.941940477885694], [-95.38128335413424, 29.952355684737583], [-95.38685875361978, 29.96505293837407], [-95.40204020190706, 29.96733509524759], [-95.41164370927173, 29.9569186252615], [-95.40606513971548, 29.944221261722966], [-95.3908862322621, 29.941940477885694]]]}}, {"type": "Feature", "properties": {"h3_index": "87446c226ffffff", "total_count": 2, "source": "inaturalist"}, "geometry": {"type": "Polygon", "coordinates": [[[-95.34536173329303, 29.93508890467896], [-95.33575810762721, 29.945499743137763], [-95.34132663985109, 29.95819723830114], [-95.35650197087229, 29.96048400897813], [-95.36610623208614, 29.95007190739051], [-95.36053452733199, 29.93737429844175], [-95.34536173329303, 29.93508890467896]]]}}, {"type": "Feature", "properties": {"h3_index": "87446c228ffffff", "total_count": 2, "source": "inaturalist"}, "geometry": {"type": "Polygon", "coordinates": [[[-95.4035933938171, 30.003143035531583], [-95.39398585230872, 30.013555814593694], [-95.39956599863177, 30.026251757290158], [-95.41475685966782, 30.02853503112291], [-95.42436502928683, 30.01812099141454], [-95.4187817103638, 30.005424938706398], [-95.4035933938171, 30.003143035531583]]]}}, {"type": "Feature", "properties": {"h3_index": "87446c22affffff", "total_count": 12, "source": "inaturalist"}, "geometry": {"type": "Polygon", "coordinates": [[[-95.37879932028002, 30.01127091217204], [-95.36919039227035, 30.02168058012351], [-95.37476736400392, 30.03437641045612], [-95.3899564389404, 30.036662685387903], [-95.39956599863177, 30.026251757290158], [-95.39398585230872, 30.013555814593694], [-95.37879932028002, 30.01127091217204]]]}}, {"type": "Feature", "properties": {"h3_index": "87446c22bffffff", "total_count": 28, "source": "inaturalist"}, "geometry": {"type": "Polygon", "coordinates": [[[-95.39956599863177, 30.026251757290158], [-95.3899564389404, 30.036662685387903], [-95.39553711075504, 30.04935814678333], [-95.41073051697343, 30.051642791097755], [-95.42034070559002, 30.041230603348378], [-95.41475685966782, 30.02853503112291], [-95.39956599863177, 30.026251757290158]]]}}, {"type": "Feature", "properties": {"h3_index": "87446c22cffffff", "total_count": 4, "source": "inaturalist"}, "geometry": {"type": "Polygon", "coordinates": [[[-95.40761929710075, 29.980031989017327], [-95.39801377303444, 29.99044661537644], [-95.4035933938171, 30.003143035531583], [-95.4187817103638, 30.005424938706398], [-95.42838786172685, 29.995009050706045], [-95.42280506985088, 29.98231252135887], [-95.40761929710075, 29.980031989017327]]]}}, {"type": "Feature", "properties": {"h3_index": "87446c22dffffff", "total_count": 11, "source": "inaturalist"}, "geometry": {"type": "Polygon", "coordinates": [[[-95.42838786172685, 29.995009050706045], [-95.4187817103638, 30.005424938706398], [-95.42436502928683, 30.01812099141454], [-95.43955767078515, 30.02040126396837], [-95.44916444668682, 30.009984114824103], [-95.44357795715703, 29.997287954456574], [-95.42838786172685, 29.995009050706045]]]}}, {"type": "Feature", "properties": {"h3_index": "87446c22effffff", "total_count": 1, "source": "inaturalist"}, "geometry": {"type": "Polygon", "coordinates": [[[-95.38282978322209, 29.988163085641162], [-95.37322287257966, 29.998574603561448], [-95.37879932028002, 30.01127091217204], [-95.39398585230872, 30.013555814593694], [-95.4035933938171, 30.003143035531583], [-95.39801377303444, 29.99044661537644], [-95.38282978322209, 29.988163085641162]]]}}, {"type": "Feature", "properties": {"h3_index": "87446c230ffffff", "total_count": 3, "source": "inaturalist"}, "geometry": {"type": "Polygon", "coordinates": [[[-95.29581290879798, 29.95132771343772], [-95.28620653500299, 29.96173233587221], [-95.29176871624054, 29.974429596406054], [-95.30694044835221, 29.97672235318375], [-95.3165474648164, 29.966316468631653], [-95.31098210709926, 29.953619089606637], [-95.29581290879798, 29.95132771343772]]]}}, {"type": "Feature", "properties": {"h3_index": "87446c231ffffff", "total_count": 4, "source": "inaturalist"}, "geometry": {"type": "Polygon", "coordinates": [[[-95.3165474648164, 29.966316468631653], [-95.30694044835221, 29.97672235318375], [-95.3125063257343, 29.989419262996762], [-95.3276823961939, 29.991710405405296], [-95.33729005258614, 29.98130325922736], [-95.33172099919135, 29.968606232453812], [-95.3165474648164, 29.966316468631653]]]}}, {"type": "Feature", "properties": {"h3_index": "87446c232ffffff", "total_count": 2, "source": "inaturalist"}, "geometry": {"type": "Polygon", "coordinates": [[[-95.27103914298966, 29.959437968785863], [-95.26143140059223, 29.969839479968186], [-95.26699040338106, 29.98253661965824], [-95.28216032761472, 29.984832369196983], [-95.29176871624054, 29.974429596406054], [-95.28620653500299, 29.96173233587221], [-95.27103914298966, 29.959437968785863]]]}}, {"type": "Feature", "properties": {"h3_index": "87446c233ffffff", "total_count": 6, "source": "inaturalist"}, "geometry": {"type": "Polygon", "coordinates": [[[-95.29176871624054, 29.974429596406054], [-95.28216032761472, 29.984832369196983], [-95.28772302701081, 29.997529159697002], [-95.30289729361847, 29.99982329690623], [-95.3125063257343, 29.989419262996762], [-95.30694044835221, 29.97672235318375], [-95.29176871624054, 29.974429596406054]]]}}, {"type": "Feature", "properties": {"h3_index": "87446c236ffffff", "total_count": 1, "source": "inaturalist"}, "geometry": {"type": "Polygon", "coordinates": [[[-95.27508638529457, 29.93633700225612], [-95.26548065690604, 29.946740362081957], [-95.27103914298966, 29.959437968785863], [-95.28620653500299, 29.96173233587221], [-95.29581290879798, 29.95132771343772], [-95.29025124577167, 29.938629986712805], [-95.27508638529457, 29.93633700225612]]]}}, {"type": "Feature", "properties": {"h3_index": "87446c240ffffff", "total_count": 24, "source": "inaturalist"}, "geometry": {"type": "Polygon", "coordinates": [[[-95.47869641304399, 30.109264964742003], [-95.4690823320498, 30.119679069871417], [-95.47467834522955, 30.13237251269437], [-95.48989161366491, 30.13465195607446], [-95.4995063133311, 30.124236594269316], [-95.49390712649918, 30.111543045946107], [-95.47869641304399, 30.109264964742003]]]}}, {"type": "Feature", "properties": {"h3_index": "87446c241ffffff", "total_count": 62, "source": "inaturalist"}, "geometry": {"type": "Polygon", "coordinates": [[[-95.4995063133311, 30.124236594269316], [-95.48989161366491, 30.13465195607446], [-95.49549133325256, 30.147345004135374], [-95.51070892626839, 30.149622794539], [-95.5203242418298, 30.139206176555387], [-95.51472134909046, 30.126513024532812], [-95.4995063133311, 30.124236594269316]]]}}, {"type": "Feature", "properties": {"h3_index": "87446c242ffffff", "total_count": 36, "source": "inaturalist"}, "geometry": {"type": "Polygon", "coordinates": [[[-95.45387339000332, 30.117397977582108], [-95.44425790834327, 30.127808964269672], [-95.44985074586353, 30.140502299241618], [-95.46506224131176, 30.14278475556335], [-95.47467834522955, 30.13237251269437], [-95.4690823320498, 30.119679069871417], [-95.45387339000332, 30.117397977582108]]]}}, {"type": "Feature", "properties": {"h3_index": "87446c243ffffff", "total_count": 58, "source": "inaturalist"}, "geometry": {"type": "Polygon", "coordinates": [[[-95.47467834522955, 30.13237251269437], [-95.46506224131176, 30.14278475556335], [-95.47065878573618, 30.155477697312097], [-95.48587460985107, 30.15775850269027], [-95.49549133325256, 30.147345004135374], [-95.48989161366491, 30.13465195607446], [-95.47467834522955, 30.13237251269437]]]}}, {"type": "Feature", "properties": {"h3_index": "87446c244ffffff", "total_count": 3, "source": "inaturalist"}, "geometry": {"type": "Polygon", "coordinates": [[[-95.48271298997018, 30.086155060952517], [-95.47310093115502, 30.096571024681893], [-95.47869641304399, 30.109264964742003], [-95.49390712649918, 30.111543045946107], [-95.50351980317538, 30.10112582455078], [-95.49792114914439, 30.088431779803617], [-95.48271298997018, 30.086155060952517]]]}}, {"type": "Feature", "properties": {"h3_index": "87446c245ffffff", "total_count": 13, "source": "inaturalist"}, "geometry": {"type": "Polygon", "coordinates": [[[-95.50351980317538, 30.10112582455078], [-95.49390712649918, 30.111543045946107], [-95.4995063133311, 30.124236594269316], [-95.51472134909046, 30.126513024532812], [-95.52433464085205, 30.11609454596977], [-95.51873228237898, 30.103400894497156], [-95.50351980317538, 30.10112582455078]]]}}, {"type": "Feature", "properties": {"h3_index": "87446c246ffffff", "total_count": 50, "source": "inaturalist"}, "geometry": {"type": "Polygon", "coordinates": [[[-95.4578945418125, 30.09429129660295], [-95.4482810822632, 30.104704144560127], [-95.45387339000332, 30.117397977582108], [-95.4690823320498, 30.119679069871417], [-95.47869641304399, 30.109264964742003], [-95.47310093115502, 30.096571024681893], [-95.4578945418125, 30.09429129660295]]]}}, {"type": "Feature", "properties": {"h3_index": "87446c248ffffff", "total_count": 45, "source": "inaturalist"}, "geometry": {"type": "Polygon", "coordinates": [[[-95.51631235322955, 30.162315443273652], [-95.50669501312223, 30.17273019701822], [-95.51229897426057, 30.185422338628843], [-95.52752345027713, 30.18769982991321], [-95.53714140430857, 30.17728382147593], [-95.53153426901092, 30.16459157663303], [-95.51631235322955, 30.162315443273652]]]}}, {"type": "Feature", "properties": {"h3_index": "87446c249ffffff", "total_count": 26, "source": "inaturalist"}, "geometry": {"type": "Polygon", "coordinates": [[[-95.53714140430857, 30.17728382147593], [-95.52752345027713, 30.18769982991321], [-95.53313112122, 30.200391564606416], [-95.54835992045854, 30.202667392739492], [-95.55797848562852, 30.192250130107187], [-95.55236764103405, 30.179558293722803], [-95.53714140430857, 30.17728382147593]]]}}, {"type": "Feature", "properties": {"h3_index": "87446c24affffff", "total_count": 78, "source": "inaturalist"}, "geometry": {"type": "Polygon", "coordinates": [[[-95.49147486214906, 30.17045104665232], [-95.48185611426658, 30.180862678299604], [-95.48745689922937, 30.193554714327963], [-95.50267960886093, 30.195835224477417], [-95.51229897426057, 30.185422338628843], [-95.50669501312223, 30.17273019701822], [-95.49147486214906, 30.17045104665232]]]}}, {"type": "Feature", "properties": {"h3_index": "87446c24bffffff", "total_count": 48, "source": "inaturalist"}, "geometry": {"type": "Polygon", "coordinates": [[[-95.51229897426057, 30.185422338628843], [-95.50267960886093, 30.195835224477417], [-95.50828410413169, 30.20852685512966], [-95.523511141086, 30.21080570416033], [-95.53313112122, 30.200391564606416], [-95.52752345027713, 30.18769982991321], [-95.51229897426057, 30.185422338628843]]]}}, {"type": "Feature", "properties": {"h3_index": "87446c24cffffff", "total_count": 136, "source": "inaturalist"}, "geometry": {"type": "Polygon", "coordinates": [[[-95.5203242418298, 30.139206176555387], [-95.51070892626839, 30.149622794539], [-95.51631235322955, 30.162315443273652], [-95.53153426901092, 30.16459157663303], [-95.54115019768696, 30.1541737029689], [-95.53554359807836, 30.14148095181199], [-95.5203242418298, 30.139206176555387]]]}}, {"type": "Feature", "properties": {"h3_index": "87446c24dffffff", "total_count": 84, "source": "inaturalist"}, "geometry": {"type": "Polygon", "coordinates": [[[-95.54115019768696, 30.1541737029689], [-95.53153426901092, 30.16459157663303], [-95.53714140430857, 30.17728382147593], [-95.55236764103405, 30.179558293722803], [-95.56198418004028, 30.16913916487681], [-95.55637387260329, 30.156446819151796], [-95.54115019768696, 30.1541737029689]]]}}, {"type": "Feature", "properties": {"h3_index": "87446c24effffff", "total_count": 101, "source": "inaturalist"}, "geometry": {"type": "Polygon", "coordinates": [[[-95.49549133325256, 30.147345004135374], [-95.48587460985107, 30.15775850269027], [-95.49147486214906, 30.17045104665232], [-95.50669501312223, 30.17273019701822], [-95.51631235322955, 30.162315443273652], [-95.51070892626839, 30.149622794539], [-95.49549133325256, 30.147345004135374]]]}}, {"type": "Feature", "properties": {"h3_index": "87446c250ffffff", "total_count": 19, "source": "inaturalist"}, "geometry": {"type": "Polygon", "coordinates": [[[-95.40825877905982, 30.110545391434773], [-95.39864252899747, 30.12095200133163], [-95.40422848243422, 30.133645613224758], [-95.41943386469121, 30.13593272714737], [-95.42905074336362, 30.12552486107255], [-95.42346161177545, 30.11283113743962], [-95.40825877905982, 30.110545391434773]]]}}, {"type": "Feature", "properties": {"h3_index": "87446c251ffffff", "total_count": 9, "source": "inaturalist"}, "geometry": {"type": "Polygon", "coordinates": [[[-95.42905074336362, 30.12552486107255], [-95.41943386469121, 30.13593272714737], [-95.42502352454832, 30.148625951917747], [-95.44023324134851, 30.150911421001304], [-95.44985074586353, 30.140502299241618], [-95.44425790834327, 30.127808964269672], [-95.42905074336362, 30.12552486107255]]]}}, {"type": "Feature", "properties": {"h3_index": "87446c252ffffff", "total_count": 11, "source": "inaturalist"}, "geometry": {"type": "Polygon", "coordinates": [[[-95.38344148307256, 30.11866324663854], [-95.37382384323408, 30.12906673425739], [-95.37940661652358, 30.14176023206016], [-95.39461021040442, 30.14405035652104], [-95.40422848243422, 30.133645613224758], [-95.39864252899747, 30.12095200133163], [-95.38344148307256, 30.11866324663854]]]}}, {"type": "Feature", "properties": {"h3_index": "87446c253ffffff", "total_count": 8, "source": "inaturalist"}, "geometry": {"type": "Polygon", "coordinates": [[[-95.40422848243422, 30.133645613224758], [-95.39461021040442, 30.14405035652104], [-95.40019669059836, 30.156743468739467], [-95.41540462309192, 30.15903195040006], [-95.42502352454832, 30.148625951917747], [-95.41943386469121, 30.13593272714737], [-95.40422848243422, 30.133645613224758]]]}}, {"type": "Feature", "properties": {"h3_index": "87446c254ffffff", "total_count": 11, "source": "inaturalist"}, "geometry": {"type": "Polygon", "coordinates": [[[-95.41228758126694, 30.087442810860825], [-95.40267335242902, 30.097851283701807], [-95.40825877905982, 30.110545391434773], [-95.42346161177545, 30.11283113743962], [-95.4330764684076, 30.102421407428302], [-95.42748786513617, 30.089727188769018], [-95.41228758126694, 30.087442810860825]]]}}, {"type": "Feature", "properties": {"h3_index": "87446c255ffffff", "total_count": 18, "source": "inaturalist"}, "geometry": {"type": "Polygon", "coordinates": [[[-95.4330764684076, 30.102421407428302], [-95.42346161177545, 30.11283113743962], [-95.42905074336362, 30.12552486107255], [-95.44425790834327, 30.127808964269672], [-95.45387339000332, 30.117397977582108], [-95.4482810822632, 30.104704144560127], [-95.4330764684076, 30.102421407428302]]]}}, {"type": "Feature", "properties": {"h3_index": "87446c256ffffff", "total_count": 9, "source": "inaturalist"}, "geometry": {"type": "Polygon", "coordinates": [[[-95.38747485376639, 30.095563898956325], [-95.3778592350777, 30.10596925218282], [-95.38344148307256, 30.11866324663854], [-95.39864252899747, 30.12095200133163], [-95.40825877905982, 30.110545391434773], [-95.40267335242902, 30.097851283701807], [-95.38747485376639, 30.095563898956325]]]}}, {"type": "Feature", "properties": {"h3_index": "87446c258ffffff", "total_count": 9, "source": "inaturalist"}, "geometry": {"type": "Polygon", "coordinates": [[[-95.44582660860183, 30.163604254087474], [-95.43620708048739, 30.17401150726372], [-95.44180097742651, 30.18670383463015], [-95.4570175817725, 30.188989018479457], [-95.46663773377261, 30.178580511102098], [-95.46104065814986, 30.165888074262842], [-95.44582660860183, 30.163604254087474]]]}}, {"type": "Feature", "properties": {"h3_index": "87446c259ffffff", "total_count": 93, "source": "inaturalist"}, "geometry": {"type": "Polygon", "coordinates": [[[-95.46663773377261, 30.178580511102098], [-95.4570175817725, 30.188989018479457], [-95.46261518854712, 30.20168094657571], [-95.47783612611987, 30.203964475412906], [-95.48745689922937, 30.193554714327963], [-95.48185611426658, 30.180862678299604], [-95.46663773377261, 30.178580511102098]]]}}, {"type": "Feature", "properties": {"h3_index": "87446c25bffffff", "total_count": 2, "source": "inaturalist"}, "geometry": {"type": "Polygon", "coordinates": [[[-95.44180097742651, 30.18670383463015], [-95.43217942496776, 30.197109215570016], [-95.43777385154526, 30.20980103338452], [-95.45299301138763, 30.212087580727186], [-95.46261518854712, 30.20168094657571], [-95.4570175817725, 30.188989018479457], [-95.44180097742651, 30.18670383463015]]]}}, {"type": "Feature", "properties": {"h3_index": "87446c25cffffff", "total_count": 23, "source": "inaturalist"}, "geometry": {"type": "Polygon", "coordinates": [[[-95.44985074586353, 30.140502299241618], [-95.44023324134851, 30.150911421001304], [-95.44582660860183, 30.163604254087474], [-95.46104065814986, 30.165888074262842], [-95.47065878573618, 30.155477697312097], [-95.46506224131176, 30.14278475556335], [-95.44985074586353, 30.140502299241618]]]}}, {"type": "Feature", "properties": {"h3_index": "87446c25dffffff", "total_count": 54, "source": "inaturalist"}, "geometry": {"type": "Polygon", "coordinates": [[[-95.47065878573618, 30.155477697312097], [-95.46104065814986, 30.165888074262842], [-95.46663773377261, 30.178580511102098], [-95.48185611426658, 30.180862678299604], [-95.49147486214906, 30.17045104665232], [-95.48587460985107, 30.15775850269027], [-95.47065878573618, 30.155477697312097]]]}}, {"type": "Feature", "properties": {"h3_index": "87446c25effffff", "total_count": 23, "source": "inaturalist"}, "geometry": {"type": "Polygon", "coordinates": [[[-95.42502352454832, 30.148625951917747], [-95.41540462309192, 30.15903195040006], [-95.42099481116995, 30.17172467247346], [-95.43620708048739, 30.17401150726372], [-95.44582660860183, 30.163604254087474], [-95.44023324134851, 30.150911421001304], [-95.42502352454832, 30.148625951917747]]]}}, {"type": "Feature", "properties": {"h3_index": "87446c260ffffff", "total_count": 4, "source": "inaturalist"}, "geometry": {"type": "Polygon", "coordinates": [[[-95.51154231532131, 30.054897235564795], [-95.50193368239054, 30.065318165149804], [-95.50753180357556, 30.078012702480788], [-95.52274172692393, 30.080286411933972], [-95.53235097332268, 30.06986422320149], [-95.5267496835148, 30.057169584349563], [-95.51154231532131, 30.054897235564795]]]}}, {"type": "Feature", "properties": {"h3_index": "87446c261ffffff", "total_count": 4, "source": "inaturalist"}, "geometry": {"type": "Polygon", "coordinates": [[[-95.53235097332268, 30.06986422320149], [-95.52274172692393, 30.080286411933972], [-95.52834355108646, 30.092980559016944], [-95.54355779037593, 30.09525261753802], [-95.5531676474654, 30.084829170158997], [-95.54756265518546, 30.0721349230916], [-95.53235097332268, 30.06986422320149]]]}}, {"type": "Feature", "properties": {"h3_index": "87446c263ffffff", "total_count": 4, "source": "inaturalist"}, "geometry": {"type": "Polygon", "coordinates": [[[-95.50753180357556, 30.078012702480788], [-95.49792114914439, 30.088431779803617], [-95.50351980317538, 30.10112582455078], [-95.51873228237898, 30.103400894497156], [-95.52834355108646, 30.092980559016944], [-95.52274172692393, 30.080286411933972], [-95.50753180357556, 30.078012702480788]]]}}, {"type": "Feature", "properties": {"h3_index": "87446c264ffffff", "total_count": 5, "source": "inaturalist"}, "geometry": {"type": "Polygon", "coordinates": [[[-95.51555133920175, 30.031779431312625], [-95.50594472702711, 30.042202209491858], [-95.51154231532131, 30.054897235564795], [-95.5267496835148, 30.057169584349563], [-95.53635690834984, 30.046745546032355], [-95.5307561529405, 30.034050419254648], [-95.51555133920175, 30.031779431312625]]]}}, {"type": "Feature", "properties": {"h3_index": "87446c265ffffff", "total_count": 7, "source": "inaturalist"}, "geometry": {"type": "Polygon", "coordinates": [[[-95.53635690834984, 30.046745546032355], [-95.5267496835148, 30.057169584349563], [-95.53235097332268, 30.06986422320149], [-95.54756265518546, 30.0721349230916], [-95.55717048990479, 30.061709625138324], [-95.55156603348762, 30.049014887117192], [-95.53635690834984, 30.046745546032355]]]}}, {"type": "Feature", "properties": {"h3_index": "87446c266ffffff", "total_count": 1, "source": "inaturalist"}, "geometry": {"type": "Polygon", "coordinates": [[[-95.490741674318, 30.039928215874273], [-95.48113365762863, 30.0503478858116], [-95.4867280767983, 30.06304280882785], [-95.50193368239054, 30.065318165149804], [-95.51154231532131, 30.054897235564795], [-95.50594472702711, 30.042202209491858], [-95.490741674318, 30.039928215874273]]]}}, {"type": "Feature", "properties": {"h3_index": "87446c268ffffff", "total_count": 10, "source": "inaturalist"}, "geometry": {"type": "Polygon", "coordinates": [[[-95.54916331847548, 30.107946369808975], [-95.53955143827004, 30.118367962946632], [-95.54515750214587, 30.131061216580164], [-95.56037861595676, 30.133332976522183], [-95.56999110487796, 30.122910126227744], [-95.56438187188449, 30.1102167733341], [-95.54916331847548, 30.107946369808975]]]}}, {"type": "Feature", "properties": {"h3_index": "87446c269ffffff", "total_count": 128, "source": "inaturalist"}, "geometry": {"type": "Polygon", "coordinates": [[[-95.56999110487796, 30.122910126227744], [-95.56037861595676, 30.133332976522183], [-95.56598838619338, 30.146025827750883], [-95.58121381456921, 30.148295926592205], [-95.59082690942012, 30.13787181964238], [-95.58521397057855, 30.125178870692558], [-95.56999110487796, 30.122910126227744]]]}}, {"type": "Feature", "properties": {"h3_index": "87446c26affffff", "total_count": 5, "source": "inaturalist"}, "geometry": {"type": "Polygon", "coordinates": [[[-95.52433464085205, 30.11609454596977], [-95.51472134909046, 30.126513024532812], [-95.5203242418298, 30.139206176555387], [-95.53554359807836, 30.14148095181199], [-95.54515750214587, 30.131061216580164], [-95.53955143827004, 30.118367962946632], [-95.52433464085205, 30.11609454596977]]]}}, {"type": "Feature", "properties": {"h3_index": "87446c26bffffff", "total_count": 27, "source": "inaturalist"}, "geometry": {"type": "Polygon", "coordinates": [[[-95.54515750214587, 30.131061216580164], [-95.53554359807836, 30.14148095181199], [-95.54115019768696, 30.1541737029689], [-95.55637387260329, 30.156446819151796], [-95.56598838619338, 30.146025827750883], [-95.56037861595676, 30.133332976522183], [-95.54515750214587, 30.131061216580164]]]}}, {"type": "Feature", "properties": {"h3_index": "87446c26cffffff", "total_count": 46, "source": "inaturalist"}, "geometry": {"type": "Polygon", "coordinates": [[[-95.5531676474654, 30.084829170158997], [-95.54355779037593, 30.09525261753802], [-95.54916331847548, 30.107946369808975], [-95.56438187188449, 30.1102167733341], [-95.57399233688368, 30.099792067810192], [-95.56838364117594, 30.08709821709209], [-95.5531676474654, 30.084829170158997]]]}}, {"type": "Feature", "properties": {"h3_index": "87446c26dffffff", "total_count": 3, "source": "inaturalist"}, "geometry": {"type": "Polygon", "coordinates": [[[-95.57399233688368, 30.099792067810192], [-95.56438187188449, 30.1102167733341], [-95.56999110487796, 30.122910126227744], [-95.58521397057855, 30.125178870692558], [-95.59482504070247, 30.114752907526135], [-95.58921264061391, 30.102059457723378], [-95.57399233688368, 30.099792067810192]]]}}, {"type": "Feature", "properties": {"h3_index": "87446c26effffff", "total_count": 2, "source": "inaturalist"}, "geometry": {"type": "Polygon", "coordinates": [[[-95.52834355108646, 30.092980559016944], [-95.51873228237898, 30.103400894497156], [-95.52433464085205, 30.11609454596977], [-95.53955143827004, 30.118367962946632], [-95.54916331847548, 30.107946369808975], [-95.54355779037593, 30.09525261753802], [-95.52834355108646, 30.092980559016944]]]}}, {"type": "Feature", "properties": {"h3_index": "87446c270ffffff", "total_count": 1, "source": "inaturalist"}, "geometry": {"type": "Polygon", "coordinates": [[[-95.44112344034596, 30.056207441726517], [-95.43151262556444, 30.066620888632187], [-95.43710070047149, 30.079315598479866], [-95.45230276389935, 30.081596969368444], [-95.46191420208169, 30.071182263802523], [-95.45632295404226, 30.05848744619476], [-95.44112344034596, 30.056207441726517]]]}}, {"type": "Feature", "properties": {"h3_index": "87446c271ffffff", "total_count": 1, "source": "inaturalist"}, "geometry": {"type": "Polygon", "coordinates": [[[-95.46191420208169, 30.071182263802523], [-95.45230276389935, 30.081596969368444], [-95.4578945418125, 30.09429129660295], [-95.47310093115502, 30.096571024681893], [-95.48271298997018, 30.086155060952517], [-95.47711803941796, 30.07346062749406], [-95.46191420208169, 30.071182263802523]]]}}, {"type": "Feature", "properties": {"h3_index": "87446c272ffffff", "total_count": 4, "source": "inaturalist"}, "geometry": {"type": "Polygon", "coordinates": [[[-95.41631488984679, 30.064337878998643], [-95.40670268149067, 30.074748211124692], [-95.41228758126694, 30.087442810860825], [-95.42748786513617, 30.089727188769018], [-95.43710070047149, 30.079315598479866], [-95.43151262556444, 30.066620888632187], [-95.41631488984679, 30.064337878998643]]]}}, {"type": "Feature", "properties": {"h3_index": "87446c273ffffff", "total_count": 23, "source": "inaturalist"}, "geometry": {"type": "Polygon", "coordinates": [[[-95.43710070047149, 30.079315598479866], [-95.42748786513617, 30.089727188769018], [-95.4330764684076, 30.102421407428302], [-95.4482810822632, 30.104704144560127], [-95.4578945418125, 30.09429129660295], [-95.45230276389935, 30.081596969368444], [-95.43710070047149, 30.079315598479866]]]}}, {"type": "Feature", "properties": {"h3_index": "87446c274ffffff", "total_count": 2, "source": "inaturalist"}, "geometry": {"type": "Polygon", "coordinates": [[[-95.44514468882119, 30.033096944671907], [-95.43553589385077, 30.04351224453018], [-95.44112344034596, 30.056207441726517], [-95.45632295404226, 30.05848744619476], [-95.46593237160108, 30.048070886683636], [-95.46034165348193, 30.035375582543647], [-95.44514468882119, 30.033096944671907]]]}}, {"type": "Feature", "properties": {"h3_index": "87446c275ffffff", "total_count": 13, "source": "inaturalist"}, "geometry": {"type": "Polygon", "coordinates": [[[-95.46593237160108, 30.048070886683636], [-95.45632295404226, 30.05848744619476], [-95.46191420208169, 30.071182263802523], [-95.47711803941796, 30.07346062749406], [-95.4867280767983, 30.06304280882785], [-95.48113365762863, 30.0503478858116], [-95.46593237160108, 30.048070886683636]]]}}, {"type": "Feature", "properties": {"h3_index": "87446c276ffffff", "total_count": 1, "source": "inaturalist"}, "geometry": {"type": "Polygon", "coordinates": [[[-95.42034070559002, 30.041230603348378], [-95.41073051697343, 30.051642791097755], [-95.41631488984679, 30.064337878998643], [-95.43151262556444, 30.066620888632187], [-95.44112344034596, 30.056207441726517], [-95.43553589385077, 30.04351224453018], [-95.42034070559002, 30.041230603348378]]]}}, {"type": "Feature", "properties": {"h3_index": "87446c280ffffff", "total_count": 33, "source": "inaturalist"}, "geometry": {"type": "Polygon", "coordinates": [[[-95.15974336016482, 30.06106796472331], [-95.15012413444565, 30.07145140964386], [-95.15567193550538, 30.08414660852138], [-95.17084215369817, 30.086458495374433], [-95.18046204236573, 30.07607379390849], [-95.17491105048789, 30.063378462322298], [-95.15974336016482, 30.06106796472331]]]}}, {"type": "Feature", "properties": {"h3_index": "87446c281ffffff", "total_count": 8, "source": "inaturalist"}, "geometry": {"type": "Polygon", "coordinates": [[[-95.18046204236573, 30.07607379390849], [-95.17084215369817, 30.086458495374433], [-95.17639365753345, 30.09915334214076], [-95.19156824100656, 30.10146361880286], [-95.20118878989202, 30.091077661271964], [-95.19563409568329, 30.07838268333122], [-95.18046204236573, 30.07607379390849]]]}}, {"type": "Feature", "properties": {"h3_index": "87446c282ffffff", "total_count": 18, "source": "inaturalist"}, "geometry": {"type": "Polygon", "coordinates": [[[-95.13495828325073, 30.069137916669277], [-95.12533770744855, 30.079518231677064], [-95.13088231573798, 30.09221329549533], [-95.14605069319477, 30.09452817955253], [-95.15567193550538, 30.08414660852138], [-95.15012413444565, 30.07145140964386], [-95.13495828325073, 30.069137916669277]]]}}, {"type": "Feature", "properties": {"h3_index": "87446c283ffffff", "total_count": 24, "source": "inaturalist"}, "geometry": {"type": "Polygon", "coordinates": [[[-95.15567193550538, 30.08414660852138], [-95.14605069319477, 30.09452817955253], [-95.15159900470026, 30.107222892794013], [-95.16677175144213, 30.109536168716563], [-95.17639365753345, 30.09915334214076], [-95.17084215369817, 30.086458495374433], [-95.15567193550538, 30.08414660852138]]]}}, {"type": "Feature", "properties": {"h3_index": "87446c284ffffff", "total_count": 26, "source": "inaturalist"}, "geometry": {"type": "Polygon", "coordinates": [[[-95.16381327947278, 30.03798696887857], [-95.15419606960873, 30.04837228404076], [-95.15974336016482, 30.06106796472331], [-95.17491105048789, 30.063378462322298], [-95.18452892246879, 30.052991889613583], [-95.17897844260534, 30.04029607703983], [-95.16381327947278, 30.03798696887857]]]}}, {"type": "Feature", "properties": {"h3_index": "87446c285ffffff", "total_count": 20, "source": "inaturalist"}, "geometry": {"type": "Polygon", "coordinates": [[[-95.18452892246879, 30.052991889613583], [-95.17491105048789, 30.063378462322298], [-95.18046204236573, 30.07607379390849], [-95.19563409568329, 30.07838268333122], [-95.20525262705155, 30.06799485355737], [-95.19969844631152, 30.055299391613268], [-95.18452892246879, 30.052991889613583]]]}}, {"type": "Feature", "properties": {"h3_index": "87446c286ffffff", "total_count": 44, "source": "inaturalist"}, "geometry": {"type": "Polygon", "coordinates": [[[-95.13903274399779, 30.046060182333395], [-95.12941418395366, 30.056442370228858], [-95.13495828325073, 30.069137916669277], [-95.15012413444565, 30.07145140964386], [-95.15974336016482, 30.06106796472331], [-95.15419606960873, 30.04837228404076], [-95.13903274399779, 30.046060182333395]]]}}, {"type": "Feature", "properties": {"h3_index": "87446c288ffffff", "total_count": 4, "source": "inaturalist"}, "geometry": {"type": "Polygon", "coordinates": [[[-95.19712344862774, 30.114158108908356], [-95.18750088148727, 30.124542190549388], [-95.19305660246448, 30.137236188989494], [-95.20823808261783, 30.1395462364293], [-95.21786130807199, 30.129160900203132], [-95.2123023956572, 30.11646677130947], [-95.19712344862774, 30.114158108908356]]]}}, {"type": "Feature", "properties": {"h3_index": "87446c289ffffff", "total_count": 2, "source": "inaturalist"}, "geometry": {"type": "Polygon", "coordinates": [[[-95.21786130807199, 30.129160900203132], [-95.20823808261783, 30.1395462364293], [-95.21379750984558, 30.152239870642106], [-95.22898335411244, 30.154548297732564], [-95.23860723514099, 30.144161707402063], [-95.23304461692744, 30.131467944272533], [-95.21786130807199, 30.129160900203132]]]}}, {"type": "Feature", "properties": {"h3_index": "87446c28affffff", "total_count": 128, "source": "inaturalist"}, "geometry": {"type": "Polygon", "coordinates": [[[-95.17232376717773, 30.122230526832432], [-95.1626998429252, 30.1326114748734], [-95.16825237050381, 30.145305340509992], [-95.18343201633078, 30.14761839109637], [-95.19305660246448, 30.137236188989494], [-95.18750088148727, 30.124542190549388], [-95.17232376717773, 30.122230526832432]]]}}, {"type": "Feature", "properties": {"h3_index": "87446c28bffffff", "total_count": 10, "source": "inaturalist"}, "geometry": {"type": "Polygon", "coordinates": [[[-95.19305660246448, 30.137236188989494], [-95.18343201633078, 30.14761839109637], [-95.1889882506075, 30.160311894042696], [-95.20417226456725, 30.162623326335783], [-95.21379750984558, 30.152239870642106], [-95.20823808261783, 30.1395462364293], [-95.19305660246448, 30.137236188989494]]]}}, {"type": "Feature", "properties": {"h3_index": "87446c28cffffff", "total_count": 3, "source": "inaturalist"}, "geometry": {"type": "Polygon", "coordinates": [[[-95.20118878989202, 30.091077661271964], [-95.19156824100656, 30.10146361880286], [-95.19712344862774, 30.114158108908356], [-95.2123023956572, 30.11646677130947], [-95.22192360202615, 30.106079558194665], [-95.21636520448001, 30.093384938449855], [-95.20118878989202, 30.091077661271964]]]}}, {"type": "Feature", "properties": {"h3_index": "87446c28dffffff", "total_count": 4, "source": "inaturalist"}, "geometry": {"type": "Polygon", "coordinates": [[[-95.22192360202615, 30.106079558194665], [-95.2123023956572, 30.11646677130947], [-95.21786130807199, 30.129160900203132], [-95.23304461692744, 30.131467944272533], [-95.24266647804167, 30.12107947605564], [-95.23710437615412, 30.10838521905855], [-95.22192360202615, 30.106079558194665]]]}}, {"type": "Feature", "properties": {"h3_index": "87446c28effffff", "total_count": 13, "source": "inaturalist"}, "geometry": {"type": "Polygon", "coordinates": [[[-95.17639365753345, 30.09915334214076], [-95.16677175144213, 30.109536168716563], [-95.17232376717773, 30.122230526832432], [-95.18750088148727, 30.124542190549388], [-95.19712344862774, 30.114158108908356], [-95.19156824100656, 30.10146361880286], [-95.17639365753345, 30.09915334214076]]]}}, {"type": "Feature", "properties": {"h3_index": "87446c290ffffff", "total_count": 2, "source": "inaturalist"}, "geometry": {"type": "Polygon", "coordinates": [[[-95.08947316113769, 30.062188245591503], [-95.07985191169773, 30.072564172591495], [-95.08538962263633, 30.08525944349573], [-95.10055177875924, 30.087578926530917], [-95.1101737009878, 30.077201743555467], [-95.10463279489782, 30.064506333707886], [-95.08947316113769, 30.062188245591503]]]}}, {"type": "Feature", "properties": {"h3_index": "87446c293ffffff", "total_count": 5, "source": "inaturalist"}, "geometry": {"type": "Polygon", "coordinates": [[[-95.08538962263633, 30.08525944349573], [-95.07576635763924, 30.09563349232439], [-95.08130457454628, 30.10832827897328], [-95.09646925370711, 30.110649156740834], [-95.10609319232985, 30.100273852939573], [-95.10055177875924, 30.087578926530917], [-95.08538962263633, 30.08525944349573]]]}}, {"type": "Feature", "properties": {"h3_index": "87446c294ffffff", "total_count": 1, "source": "inaturalist"}, "geometry": {"type": "Polygon", "coordinates": [[[-95.09355519084555, 30.039114692733115], [-95.08393595622799, 30.049492494260733], [-95.08947316113769, 30.062188245591503], [-95.10463279489782, 30.064506333707886], [-95.11425270146769, 30.05412727520151], [-95.1087123029179, 30.04143138574514], [-95.09355519084555, 30.039114692733115]]]}}, {"type": "Feature", "properties": {"h3_index": "87446c295ffffff", "total_count": 9, "source": "inaturalist"}, "geometry": {"type": "Polygon", "coordinates": [[[-95.11425270146769, 30.05412727520151], [-95.10463279489782, 30.064506333707886], [-95.1101737009878, 30.077201743555467], [-95.12533770744855, 30.079518231677064], [-95.13495828325073, 30.069137916669277], [-95.12941418395366, 30.056442370228858], [-95.11425270146769, 30.05412727520151]]]}}, {"type": "Feature", "properties": {"h3_index": "87446c298ffffff", "total_count": 13, "source": "inaturalist"}, "geometry": {"type": "Polygon", "coordinates": [[[-95.12680484066487, 30.115286311336313], [-95.11718023113859, 30.125662869634812], [-95.12272585723618, 30.138356956721417], [-95.13789928925091, 30.140674622386502], [-95.14752456695473, 30.130296810066827], [-95.14197574506154, 30.11760258629065], [-95.12680484066487, 30.115286311336313]]]}}, {"type": "Feature", "properties": {"h3_index": "87446c299ffffff", "total_count": 45, "source": "inaturalist"}, "geometry": {"type": "Polygon", "coordinates": [[[-95.14752456695473, 30.130296810066827], [-95.13789928925091, 30.140674622386502], [-95.14344862147354, 30.15336835286986], [-95.1586264273523, 30.155684406374093], [-95.16825237050381, 30.145305340509992], [-95.1626998429252, 30.1326114748734], [-95.14752456695473, 30.130296810066827]]]}}, {"type": "Feature", "properties": {"h3_index": "87446c29cffffff", "total_count": 2, "source": "inaturalist"}, "geometry": {"type": "Polygon", "coordinates": [[[-95.13088231573798, 30.09221329549533], [-95.12125972344187, 30.102591733969902], [-95.12680484066487, 30.115286311336313], [-95.14197574506154, 30.11760258629065], [-95.15159900470026, 30.107222892794013], [-95.14605069319477, 30.09452817955253], [-95.13088231573798, 30.09221329549533]]]}}, {"type": "Feature", "properties": {"h3_index": "87446c29dffffff", "total_count": 67, "source": "inaturalist"}, "geometry": {"type": "Polygon", "coordinates": [[[-95.15159900470026, 30.107222892794013], [-95.14197574506154, 30.11760258629065], [-95.14752456695473, 30.130296810066827], [-95.1626998429252, 30.1326114748734], [-95.17232376717773, 30.122230526832432], [-95.16677175144213, 30.109536168716563], [-95.15159900470026, 30.107222892794013]]]}}, {"type": "Feature", "properties": {"h3_index": "87446c29effffff", "total_count": 9, "source": "inaturalist"}, "geometry": {"type": "Polygon", "coordinates": [[[-95.10609319232985, 30.100273852939573], [-95.09646925370711, 30.110649156740834], [-95.10201117469865, 30.12334359588217], [-95.11718023113859, 30.125662869634812], [-95.12680484066487, 30.115286311336313], [-95.12125972344187, 30.102591733969902], [-95.10609319232985, 30.100273852939573]]]}}, {"type": "Feature", "properties": {"h3_index": "87446c2a0ffffff", "total_count": 2, "source": "inaturalist"}, "geometry": {"type": "Polygon", "coordinates": [[[-95.19265817166142, 30.006821042769488], [-95.18304433084401, 30.017211347011116], [-95.18859429863627, 30.029907636738344], [-95.20376129368476, 30.03221375113226], [-95.21337579223086, 30.021822187823954], [-95.20782263859604, 30.0091257693758], [-95.19265817166142, 30.006821042769488]]]}}, {"type": "Feature", "properties": {"h3_index": "87446c2a1ffffff", "total_count": 43, "source": "inaturalist"}, "geometry": {"type": "Polygon", "coordinates": [[[-95.21337579223086, 30.021822187823954], [-95.20376129368476, 30.03221375113226], [-95.20931496090012, 30.044909693246076], [-95.22448631265172, 30.047214199427614], [-95.23410146619534, 30.036821377536675], [-95.22854461358718, 30.02412530823414], [-95.21337579223086, 30.021822187823954]]]}}, {"type": "Feature", "properties": {"h3_index": "87446c2a2ffffff", "total_count": 15, "source": "inaturalist"}, "geometry": {"type": "Polygon", "coordinates": [[[-95.16788169422293, 30.014903628470343], [-95.158266499478, 30.02529081022376], [-95.16381327947278, 30.03798696887857], [-95.17897844260534, 30.04029607703983], [-95.18859429863627, 30.029907636738344], [-95.18304433084401, 30.017211347011116], [-95.16788169422293, 30.014903628470343]]]}}, {"type": "Feature", "properties": {"h3_index": "87446c2a3ffffff", "total_count": 21, "source": "inaturalist"}, "geometry": {"type": "Polygon", "coordinates": [[[-95.18859429863627, 30.029907636738344], [-95.17897844260534, 30.04029607703983], [-95.18452892246879, 30.052991889613583], [-95.19969844631152, 30.055299391613268], [-95.20931496090012, 30.044909693246076], [-95.20376129368476, 30.03221375113226], [-95.18859429863627, 30.029907636738344]]]}}, {"type": "Feature", "properties": {"h3_index": "87446c2a4ffffff", "total_count": 1, "source": "inaturalist"}, "geometry": {"type": "Polygon", "coordinates": [[[-95.19672054233683, 29.983732115198112], [-95.18710871599693, 29.994124279724595], [-95.19265817166142, 30.006821042769488], [-95.20782263859604, 30.0091257693758], [-95.21743512183646, 29.998732344781253], [-95.21188248183783, 29.98603545383588], [-95.19672054233683, 29.983732115198112]]]}}, {"type": "Feature", "properties": {"h3_index": "87446c2a6ffffff", "total_count": 10, "source": "inaturalist"}, "geometry": {"type": "Polygon", "coordinates": [[[-95.17194860520839, 29.991817950986164], [-95.16233542484697, 30.00220699567777], [-95.16788169422293, 30.014903628470343], [-95.18304433084401, 30.017211347011116], [-95.19265817166142, 30.006821042769488], [-95.18710871599693, 29.994124279724595], [-95.17194860520839, 29.991817950986164]]]}}, {"type": "Feature", "properties": {"h3_index": "87446c2a8ffffff", "total_count": 11, "source": "inaturalist"}, "geometry": {"type": "Polygon", "coordinates": [[[-95.23004368029436, 30.059909789378608], [-95.22042650988033, 30.07030074532844], [-95.22598439250237, 30.08299585209295], [-95.24116263258655, 30.085300129567727], [-95.25078045608994, 30.07490791651902], [-95.24521938701835, 30.062212683281597], [-95.23004368029436, 30.059909789378608]]]}}, {"type": "Feature", "properties": {"h3_index": "87446c2a9ffffff", "total_count": 4, "source": "inaturalist"}, "geometry": {"type": "Polygon", "coordinates": [[[-95.25078045608994, 30.07490791651902], [-95.24116263258655, 30.085300129567727], [-95.2467242180934, 30.09799487660137], [-95.26190681369599, 30.100297535711533], [-95.2715252875488, 30.089904066048422], [-95.26596051604925, 30.077209194076637], [-95.25078045608994, 30.07490791651902]]]}}, {"type": "Feature", "properties": {"h3_index": "87446c2aaffffff", "total_count": 1, "source": "inaturalist"}, "geometry": {"type": "Polygon", "coordinates": [[[-95.20525262705155, 30.06799485355737], [-95.19563409568329, 30.07838268333122], [-95.20118878989202, 30.091077661271964], [-95.21636520448001, 30.093384938449855], [-95.22598439250237, 30.08299585209295], [-95.22042650988033, 30.07030074532844], [-95.20525262705155, 30.06799485355737]]]}}, {"type": "Feature", "properties": {"h3_index": "87446c2acffffff", "total_count": 21, "source": "inaturalist"}, "geometry": {"type": "Polygon", "coordinates": [[[-95.23410146619534, 30.036821377536675], [-95.22448631265172, 30.047214199427614], [-95.23004368029436, 30.059909789378608], [-95.24521938701835, 30.062212683281597], [-95.25483519282454, 30.05181860329278], [-95.24927464024256, 30.039122887686073], [-95.23410146619534, 30.036821377536675]]]}}, {"type": "Feature", "properties": {"h3_index": "87446c2adffffff", "total_count": 52, "source": "inaturalist"}, "geometry": {"type": "Polygon", "coordinates": [[[-95.25483519282454, 30.05181860329278], [-95.24521938701835, 30.062212683281597], [-95.25078045608994, 30.07490791651902], [-95.26596051604925, 30.077209194076637], [-95.27557697137911, 30.066813856475406], [-95.27001271782544, 30.05411849911608], [-95.25483519282454, 30.05181860329278]]]}}, {"type": "Feature", "properties": {"h3_index": "87446c2aeffffff", "total_count": 27, "source": "inaturalist"}, "geometry": {"type": "Polygon", "coordinates": [[[-95.20931496090012, 30.044909693246076], [-95.19969844631152, 30.055299391613268], [-95.20525262705155, 30.06799485355737], [-95.22042650988033, 30.07030074532844], [-95.23004368029436, 30.059909789378608], [-95.22448631265172, 30.047214199427614], [-95.20931496090012, 30.044909693246076]]]}}, {"type": "Feature", "properties": {"h3_index": "87446c2b1ffffff", "total_count": 4, "source": "inaturalist"}, "geometry": {"type": "Polygon", "coordinates": [[[-95.14310569877338, 30.022980099967306], [-95.13348915375174, 30.033364157102273], [-95.13903274399779, 30.046060182333395], [-95.15419606960873, 30.04837228404076], [-95.16381327947278, 30.03798696887857], [-95.158266499478, 30.02529081022376], [-95.14310569877338, 30.022980099967306]]]}}, {"type": "Feature", "properties": {"h3_index": "87446c2b3ffffff", "total_count": 1, "source": "inaturalist"}, "geometry": {"type": "Polygon", "coordinates": [[[-95.11833019456417, 30.031050455353792], [-95.1087123029179, 30.04143138574514], [-95.11425270146769, 30.05412727520151], [-95.12941418395366, 30.056442370228858], [-95.13903274399779, 30.046060182333395], [-95.13348915375174, 30.033364157102273], [-95.11833019456417, 30.031050455353792]]]}}, {"type": "Feature", "properties": {"h3_index": "87446c2b5ffffff", "total_count": 13, "source": "inaturalist"}, "geometry": {"type": "Polygon", "coordinates": [[[-95.14717714837111, 29.999897677054996], [-95.13756261763676, 30.010283599778667], [-95.14310569877338, 30.022980099967306], [-95.158266499478, 30.02529081022376], [-95.16788169422293, 30.014903628470343], [-95.16233542484697, 30.00220699567777], [-95.14717714837111, 29.999897677054996]]]}}, {"type": "Feature", "properties": {"h3_index": "87446c2b6ffffff", "total_count": 3, "source": "inaturalist"}, "geometry": {"type": "Polygon", "coordinates": [[[-95.10171472705869, 29.992960552065814], [-95.09209951988323, 30.00334209170705], [-95.0976357125545, 30.01603879239745], [-95.1127903036139, 30.01835409012051], [-95.1224061810714, 30.007971291492755], [-95.11686679777985, 29.995274454316164], [-95.10171472705869, 29.992960552065814]]]}}, {"type": "Feature", "properties": {"h3_index": "87446c2c0ffffff", "total_count": 2, "source": "inaturalist"}, "geometry": {"type": "Polygon", "coordinates": [[[-95.30494348197587, 30.16606726902904], [-95.2953196730938, 30.1764594996545], [-95.30089341470875, 30.18915213816459], [-95.3160941534353, 30.191452668187768], [-95.32571860607112, 30.18105918439435], [-95.32014167682985, 30.168366423932465], [-95.30494348197587, 30.16606726902904]]]}}, {"type": "Feature", "properties": {"h3_index": "87446c2c1ffffff", "total_count": 5, "source": "inaturalist"}, "geometry": {"type": "Polygon", "coordinates": [[[-95.32571860607112, 30.18105918439435], [-95.3160941534353, 30.191452668187768], [-95.32167160484376, 30.204144922711382], [-95.3368766966476, 30.20644381404013], [-95.34650179027963, 30.19604907756404], [-95.34092115171588, 30.18335670262853], [-95.32571860607112, 30.18105918439435]]]}}, {"type": "Feature", "properties": {"h3_index": "87446c2c3ffffff", "total_count": 3, "source": "inaturalist"}, "geometry": {"type": "Polygon", "coordinates": [[[-95.30089341470875, 30.18915213816459], [-95.29126758343153, 30.199542487916336], [-95.29684184569895, 30.21223461967871], [-95.31204512898803, 30.214536524637303], [-95.32167160484376, 30.204144922711382], [-95.3160941534353, 30.191452668187768], [-95.30089341470875, 30.18915213816459]]]}}, {"type": "Feature", "properties": {"h3_index": "87446c2ceffffff", "total_count": 13, "source": "inaturalist"}, "geometry": {"type": "Polygon", "coordinates": [[[-95.32167160484376, 30.204144922711382], [-95.31204512898803, 30.214536524637303], [-95.31762310251176, 30.22722826939523], [-95.33283074116612, 30.229528533634248], [-95.34245785884174, 30.219135680018436], [-95.3368766966476, 30.20644381404013], [-95.32167160484376, 30.204144922711382]]]}}, {"type": "Feature", "properties": {"h3_index": "87446c2d0ffffff", "total_count": 6, "source": "inaturalist"}, "geometry": {"type": "Polygon", "coordinates": [[[-95.23454648859708, 30.16724156316527], [-95.22492058691446, 30.17762627196593], [-95.2304842376151, 30.190319035874374], [-95.24567698264337, 30.19262721935916], [-95.255303537986, 30.182241257932006], [-95.24973669524073, 30.169548365833524], [-95.23454648859708, 30.16724156316527]]]}}, {"type": "Feature", "properties": {"h3_index": "87446c2d1ffffff", "total_count": 2, "source": "inaturalist"}, "geometry": {"type": "Polygon", "coordinates": [[[-95.255303537986, 30.182241257932006], [-95.24567698264337, 30.19262721935916], [-95.25124434306468, 30.205319606917342], [-95.26644145101581, 30.207626159885866], [-95.2760686572703, 30.197238946313412], [-95.27049810526326, 30.184546432104614], [-95.255303537986, 30.182241257932006]]]}}, {"type": "Feature", "properties": {"h3_index": "87446c2d2ffffff", "total_count": 2, "source": "inaturalist"}, "geometry": {"type": "Polygon", "coordinates": [[[-95.20973220655215, 30.175316462039834], [-95.20010494071032, 30.185698033559806], [-95.20566539739636, 30.198390666928933], [-95.22085631453837, 30.200701859504424], [-95.2304842376151, 30.190319035874374], [-95.22492058691446, 30.17762627196593], [-95.20973220655215, 30.175316462039834]]]}}, {"type": "Feature", "properties": {"h3_index": "87446c2d6ffffff", "total_count": 3, "source": "inaturalist"}, "geometry": {"type": "Polygon", "coordinates": [[[-95.21379750984558, 30.152239870642106], [-95.20417226456725, 30.162623326335783], [-95.20973220655215, 30.175316462039834], [-95.22492058691446, 30.17762627196593], [-95.23454648859708, 30.16724156316527], [-95.22898335411244, 30.154548297732564], [-95.21379750984558, 30.152239870642106]]]}}, {"type": "Feature", "properties": {"h3_index": "87446c2d8ffffff", "total_count": 3, "source": "inaturalist"}, "geometry": {"type": "Polygon", "coordinates": [[[-95.2720125221601, 30.220318166537865], [-95.26238329285344, 30.230703492948862], [-95.26795488308119, 30.243394988219304], [-95.28315889585764, 30.245701283183642], [-95.29278877415159, 30.235314706103154], [-95.28721399128456, 30.22262308491457], [-95.2720125221601, 30.220318166537865]]]}}, {"type": "Feature", "properties": {"h3_index": "87446c2daffffff", "total_count": 10, "source": "inaturalist"}, "geometry": {"type": "Polygon", "coordinates": [[[-95.24718364354118, 30.22839556137064], [-95.23755304301, 30.23877774682705], [-95.2431214386196, 30.251469113830762], [-95.25832362998041, 30.253778423831612], [-95.26795488308119, 30.243394988219304], [-95.26238329285344, 30.230703492948862], [-95.24718364354118, 30.22839556137064]]]}}, {"type": "Feature", "properties": {"h3_index": "87446c2dbffffff", "total_count": 8, "source": "inaturalist"}, "geometry": {"type": "Polygon", "coordinates": [[[-95.26795488308119, 30.243394988219304], [-95.25832362998041, 30.253778423831612], [-95.26389573923767, 30.266469403897535], [-95.27910229635503, 30.26877707526245], [-95.28873419927126, 30.258392389974137], [-95.28315889585764, 30.245701283183642], [-95.26795488308119, 30.243394988219304]]]}}, {"type": "Feature", "properties": {"h3_index": "87446c2dcffffff", "total_count": 4, "source": "inaturalist"}, "geometry": {"type": "Polygon", "coordinates": [[[-95.2760686572703, 30.197238946313412], [-95.26644145101581, 30.207626159885866], [-95.2720125221601, 30.220318166537865], [-95.28721399128456, 30.22262308491457], [-95.29684184569895, 30.21223461967871], [-95.29126758343153, 30.199542487916336], [-95.2760686572703, 30.197238946313412]]]}}, {"type": "Feature", "properties": {"h3_index": "87446c2ddffffff", "total_count": 5, "source": "inaturalist"}, "geometry": {"type": "Polygon", "coordinates": [[[-95.29684184569895, 30.21223461967871], [-95.28721399128456, 30.22262308491457], [-95.29278877415159, 30.235314706103154], [-95.30799460269331, 30.237617985811912], [-95.31762310251176, 30.22722826939523], [-95.31204512898803, 30.214536524637303], [-95.29684184569895, 30.21223461967871]]]}}, {"type": "Feature", "properties": {"h3_index": "87446c2deffffff", "total_count": 160, "source": "inaturalist"}, "geometry": {"type": "Polygon", "coordinates": [[[-95.25124434306468, 30.205319606917342], [-95.24161576549837, 30.215703682177967], [-95.24718364354118, 30.22839556137064], [-95.26238329285344, 30.230703492948862], [-95.2720125221601, 30.220318166537865], [-95.26644145101581, 30.207626159885866], [-95.25124434306468, 30.205319606917342]]]}}, {"type": "Feature", "properties": {"h3_index": "87446c2e0ffffff", "total_count": 3, "source": "inaturalist"}, "geometry": {"type": "Polygon", "coordinates": [[[-95.33785061106626, 30.111787694384528], [-95.32823222363689, 30.122186801903304], [-95.33380810838881, 30.134880562752446], [-95.3490055637892, 30.137175334248113], [-95.35862458974835, 30.12677497106573], [-95.353045522381, 30.11408109223802], [-95.33785061106626, 30.111787694384528]]]}}, {"type": "Feature", "properties": {"h3_index": "87446c2e1ffffff", "total_count": 14, "source": "inaturalist"}, "geometry": {"type": "Polygon", "coordinates": [[[-95.35862458974835, 30.12677497106573], [-95.3490055637892, 30.137175334248113], [-95.35458515493934, 30.149868715610104], [-95.36978695479274, 30.152161850417148], [-95.37940661652358, 30.14176023206016], [-95.37382384323408, 30.12906673425739], [-95.35862458974835, 30.12677497106573]]]}}, {"type": "Feature", "properties": {"h3_index": "87446c2e2ffffff", "total_count": 5, "source": "inaturalist"}, "geometry": {"type": "Polygon", "coordinates": [[[-95.31303911445889, 30.119890397788872], [-95.30341934814241, 30.13028637922459], [-95.30899204829464, 30.142980019744748], [-95.32418769996583, 30.145277799344964], [-95.33380810838881, 30.134880562752446], [-95.32823222363689, 30.122186801903304], [-95.31303911445889, 30.119890397788872]]]}}, {"type": "Feature", "properties": {"h3_index": "87446c2e3ffffff", "total_count": 1, "source": "inaturalist"}, "geometry": {"type": "Polygon", "coordinates": [[[-95.33380810838881, 30.134880562752446], [-95.32418769996583, 30.145277799344964], [-95.3297641069882, 30.15797106191596], [-95.3449641071652, 30.16026720687215], [-95.35458515493934, 30.149868715610104], [-95.3490055637892, 30.137175334248113], [-95.33380810838881, 30.134880562752446]]]}}, {"type": "Feature", "properties": {"h3_index": "87446c2e4ffffff", "total_count": 1, "source": "inaturalist"}, "geometry": {"type": "Polygon", "coordinates": [[[-95.34189161581332, 30.088692464297313], [-95.33227524863618, 30.099093439089973], [-95.33785061106626, 30.111787694384528], [-95.353045522381, 30.11408109223802], [-95.3626625272673, 30.103678860787277], [-95.3570839837332, 30.090984488327877], [-95.34189161581332, 30.088692464297313]]]}}, {"type": "Feature", "properties": {"h3_index": "87446c2e5ffffff", "total_count": 8, "source": "inaturalist"}, "geometry": {"type": "Polygon", "coordinates": [[[-95.3626625272673, 30.103678860787277], [-95.353045522381, 30.11408109223802], [-95.35862458974835, 30.12677497106573], [-95.37382384323408, 30.12906673425739], [-95.38344148307256, 30.11866324663854], [-95.3778592350777, 30.10596925218282], [-95.3626625272673, 30.103678860787277]]]}}, {"type": "Feature", "properties": {"h3_index": "87446c2e6ffffff", "total_count": 3, "source": "inaturalist"}, "geometry": {"type": "Polygon", "coordinates": [[[-95.31708468126187, 30.09679841064299], [-95.30746693511657, 30.107196262009925], [-95.31303911445889, 30.119890397788872], [-95.32823222363689, 30.122186801903304], [-95.33785061106626, 30.111787694384528], [-95.33227524863618, 30.099093439089973], [-95.31708468126187, 30.09679841064299]]]}}, {"type": "Feature", "properties": {"h3_index": "87446c2e8ffffff", "total_count": 2, "source": "inaturalist"}, "geometry": {"type": "Polygon", "coordinates": [[[-95.3753702533272, 30.16485484773338], [-95.3657485689611, 30.175254593176966], [-95.37133239269065, 30.187947086174848], [-95.38654108456497, 30.190239949628385], [-95.39616340275998, 30.17983895049195], [-95.39057639585778, 30.16714634178137], [-95.3753702533272, 30.16485484773338]]]}}, {"type": "Feature", "properties": {"h3_index": "87446c2e9ffffff", "total_count": 2, "source": "inaturalist"}, "geometry": {"type": "Polygon", "coordinates": [[[-95.39616340275998, 30.17983895049195], [-95.38654108456497, 30.190239949628385], [-95.3921286181263, 30.20293205099978], [-95.40734165317919, 30.205223267593546], [-95.41696460243621, 30.194821015253655], [-95.41137388618546, 30.1821287997099], [-95.39616340275998, 30.17983895049195]]]}}, {"type": "Feature", "properties": {"h3_index": "87446c2eaffffff", "total_count": 3, "source": "inaturalist"}, "geometry": {"type": "Polygon", "coordinates": [[[-95.35054422204755, 30.172960086936147], [-95.34092115171588, 30.18335670262853], [-95.34650179027963, 30.19604907756404], [-95.36170868494597, 30.198344955056136], [-95.37133239269065, 30.187947086174848], [-95.3657485689611, 30.175254593176966], [-95.35054422204755, 30.172960086936147]]]}}, {"type": "Feature", "properties": {"h3_index": "87446c2ecffffff", "total_count": 4, "source": "inaturalist"}, "geometry": {"type": "Polygon", "coordinates": [[[-95.37940661652358, 30.14176023206016], [-95.36978695479274, 30.152161850417148], [-95.3753702533272, 30.16485484773338], [-95.39057639585778, 30.16714634178137], [-95.40019669059836, 30.156743468739467], [-95.39461021040442, 30.14405035652104], [-95.37940661652358, 30.14176023206016]]]}}, {"type": "Feature", "properties": {"h3_index": "87446c2edffffff", "total_count": 8, "source": "inaturalist"}, "geometry": {"type": "Polygon", "coordinates": [[[-95.40019669059836, 30.156743468739467], [-95.39057639585778, 30.16714634178137], [-95.39616340275998, 30.17983895049195], [-95.41137388618546, 30.1821287997099], [-95.42099481116995, 30.17172467247346], [-95.41540462309192, 30.15903195040006], [-95.40019669059836, 30.156743468739467]]]}}, {"type": "Feature", "properties": {"h3_index": "87446c2eeffffff", "total_count": 1, "source": "inaturalist"}, "geometry": {"type": "Polygon", "coordinates": [[[-95.35458515493934, 30.149868715610104], [-95.3449641071652, 30.16026720687215], [-95.35054422204755, 30.172960086936147], [-95.3657485689611, 30.175254593176966], [-95.3753702533272, 30.16485484773338], [-95.36978695479274, 30.152161850417148], [-95.35458515493934, 30.149868715610104]]]}}, {"type": "Feature", "properties": {"h3_index": "87446c2f0ffffff", "total_count": 1, "source": "inaturalist"}, "geometry": {"type": "Polygon", "coordinates": [[[-95.26747210308785, 30.112991918461706], [-95.25785160997265, 30.12338351653569], [-95.263417417203, 30.13607740623193], [-95.27860690519363, 30.1383798222577], [-95.28822804673989, 30.127986969051104], [-95.28265905246536, 30.11529295513832], [-95.26747210308785, 30.112991918461706]]]}}, {"type": "Feature", "properties": {"h3_index": "87446c2f1ffffff", "total_count": 19, "source": "inaturalist"}, "geometry": {"type": "Polygon", "coordinates": [[[-95.28822804673989, 30.127986969051104], [-95.27860690519363, 30.1383798222577], [-95.28417641876561, 30.15107334009866], [-95.29937026106604, 30.153374127599093], [-95.30899204829464, 30.142980019744748], [-95.30341934814241, 30.13028637922459], [-95.28822804673989, 30.127986969051104]]]}}, {"type": "Feature", "properties": {"h3_index": "87446c2f3ffffff", "total_count": 1, "source": "inaturalist"}, "geometry": {"type": "Polygon", "coordinates": [[[-95.263417417203, 30.13607740623193], [-95.25379490408558, 30.14646712906843], [-95.25936122910049, 30.15916052188019], [-95.27455325639096, 30.16146431707159], [-95.28417641876561, 30.15107334009866], [-95.27860690519363, 30.1383798222577], [-95.263417417203, 30.13607740623193]]]}}, {"type": "Feature", "properties": {"h3_index": "87446c2f4ffffff", "total_count": 2, "source": "inaturalist"}, "geometry": {"type": "Polygon", "coordinates": [[[-95.2715252875488, 30.089904066048422], [-95.26190681369599, 30.100297535711533], [-95.26747210308785, 30.112991918461706], [-95.28265905246536, 30.11529295513832], [-95.29227817392382, 30.10489822934597], [-95.2867096989998, 30.092203723193233], [-95.2715252875488, 30.089904066048422]]]}}, {"type": "Feature", "properties": {"h3_index": "87446c2f5ffffff", "total_count": 2, "source": "inaturalist"}, "geometry": {"type": "Polygon", "coordinates": [[[-95.29227817392382, 30.10489822934597], [-95.28265905246536, 30.11529295513832], [-95.28822804673989, 30.127986969051104], [-95.30341934814241, 30.13028637922459], [-95.31303911445889, 30.119890397788872], [-95.30746693511657, 30.107196262009925], [-95.29227817392382, 30.10489822934597]]]}}, {"type": "Feature", "properties": {"h3_index": "87446c308ffffff", "total_count": 5, "source": "inaturalist"}, "geometry": {"type": "Polygon", "coordinates": [[[-95.39893671743458, 29.89570864732634], [-95.38933786886373, 29.906127528417738], [-95.3949122199377, 29.91882571169526], [-95.4100885872481, 29.92110512232269], [-95.41968806342959, 29.910684976103134], [-95.41411054529279, 29.89798668457124], [-95.39893671743458, 29.89570864732634]]]}}, {"type": "Feature", "properties": {"h3_index": "87446c309ffffff", "total_count": 3, "source": "inaturalist"}, "geometry": {"type": "Polygon", "coordinates": [[[-95.41968806342959, 29.910684976103134], [-95.4100885872481, 29.92110512232269], [-95.41566663111865, 29.933802951782525], [-95.43084731835339, 29.936080741934987], [-95.44044741939456, 29.925659331086774], [-95.43486620894514, 29.912961394901593], [-95.41968806342959, 29.910684976103134]]]}}, {"type": "Feature", "properties": {"h3_index": "87446c319ffffff", "total_count": 2, "source": "inaturalist"}, "geometry": {"type": "Polygon", "coordinates": [[[-95.34939533370103, 29.911978265877348], [-95.33979372229093, 29.922390944971077], [-95.34536173329303, 29.93508890467896], [-95.36053452733199, 29.93737429844175], [-95.37013677347373, 29.926960355220885], [-95.3645655914459, 29.914262282551437], [-95.34939533370103, 29.911978265877348]]]}}, {"type": "Feature", "properties": {"h3_index": "87446c31affffff", "total_count": 1, "source": "inaturalist"}, "geometry": {"type": "Polygon", "coordinates": [[[-95.30389680705592, 29.90511701851139], [-95.2942944607107, 29.915525329230007], [-95.29985560547325, 29.928223518301547], [-95.31502227064959, 29.930513513685337], [-95.32462525802458, 29.920103938849778], [-95.31906093979258, 29.907405632934594], [-95.30389680705592, 29.90511701851139]]]}}, {"type": "Feature", "properties": {"h3_index": "87446c31bffffff", "total_count": 18, "source": "inaturalist"}, "geometry": {"type": "Polygon", "coordinates": [[[-95.32462525802458, 29.920103938849778], [-95.31502227064959, 29.930513513685337], [-95.32058710864996, 29.943211358078305], [-95.33575810762721, 29.945499743137763], [-95.34536173329303, 29.93508890467896], [-95.33979372229093, 29.922390944971077], [-95.32462525802458, 29.920103938849778]]]}}, {"type": "Feature", "properties": {"h3_index": "87446c340ffffff", "total_count": 9, "source": "inaturalist"}, "geometry": {"type": "Polygon", "coordinates": [[[-95.50678118708699, 29.947446586050606], [-95.49718124572985, 29.957873624362385], [-95.50277353891508, 29.970570467169097], [-95.51796893716605, 29.97284037163091], [-95.52756949153436, 29.962412069703028], [-95.52197403524839, 29.949715127115898], [-95.50678118708699, 29.947446586050606]]]}}, {"type": "Feature", "properties": {"h3_index": "87446c341ffffff", "total_count": 2, "source": "inaturalist"}, "geometry": {"type": "Polygon", "coordinates": [[[-95.52756949153436, 29.962412069703028], [-95.51796893716605, 29.97284037163091], [-95.52356492652046, 29.985536840860995], [-95.53876463344957, 29.98780510659805], [-95.5483657980601, 29.977375541558185], [-95.5427666461082, 29.964678974079632], [-95.52756949153436, 29.962412069703028]]]}}, {"type": "Feature", "properties": {"h3_index": "87446c342ffffff", "total_count": 6, "source": "inaturalist"}, "geometry": {"type": "Polygon", "coordinates": [[[-95.48199015796577, 29.95560208523262], [-95.47238881547345, 29.96602602383673], [-95.47797794355436, 29.97872276450986], [-95.49317157983891, 29.980995668898995], [-95.50277353891508, 29.970570467169097], [-95.49718124572985, 29.957873624362385], [-95.48199015796577, 29.95560208523262]]]}}, {"type": "Feature", "properties": {"h3_index": "87446c343ffffff", "total_count": 4, "source": "inaturalist"}, "geometry": {"type": "Polygon", "coordinates": [[[-95.50277353891508, 29.970570467169097], [-95.49317157983891, 29.980995668898995], [-95.49876440458807, 29.993692037527655], [-95.5139623536267, 29.99596330521428], [-95.52356492652046, 29.985536840860995], [-95.51796893716605, 29.97284037163091], [-95.50277353891508, 29.970570467169097]]]}}, {"type": "Feature", "properties": {"h3_index": "87446c344ffffff", "total_count": 9, "source": "inaturalist"}, "geometry": {"type": "Polygon", "coordinates": [[[-95.51078734989079, 29.92432040170029], [-95.50118942551056, 29.93474927291511], [-95.50678118708699, 29.947446586050606], [-95.52197403524839, 29.949715127115898], [-95.53157257183413, 29.939284991291863], [-95.52597764866061, 29.926587579198248], [-95.51078734989079, 29.92432040170029]]]}}, {"type": "Feature", "properties": {"h3_index": "87446c345ffffff", "total_count": 9, "source": "inaturalist"}, "geometry": {"type": "Polygon", "coordinates": [[[-95.53157257183413, 29.939284991291863], [-95.52197403524839, 29.949715127115898], [-95.52756949153436, 29.962412069703028], [-95.5427666461082, 29.964678974079632], [-95.5523657921316, 29.95424757415146], [-95.54676717475216, 29.941550534137217], [-95.53157257183413, 29.939284991291863]]]}}, {"type": "Feature", "properties": {"h3_index": "87446c346ffffff", "total_count": 2, "source": "inaturalist"}, "geometry": {"type": "Polygon", "coordinates": [[[-95.48600088557035, 29.932479099216426], [-95.47640155998951, 29.94290487340872], [-95.48199015796577, 29.95560208523262], [-95.49718124572985, 29.957873624362385], [-95.50678118708699, 29.947446586050606], [-95.50118942551056, 29.93474927291511], [-95.48600088557035, 29.932479099216426]]]}}, {"type": "Feature", "properties": {"h3_index": "87446c348ffffff", "total_count": 20, "source": "inaturalist"}, "geometry": {"type": "Polygon", "coordinates": [[[-95.54436431993075, 30.000501197690806], [-95.53476113598946, 30.010928924164325], [-95.54036135695651, 30.023624535022883], [-95.5555679260708, 30.025892517129044], [-95.56517171828571, 30.015463529039167], [-95.55956833372286, 30.002767820645737], [-95.54436431993075, 30.000501197690806]]]}}, {"type": "Feature", "properties": {"h3_index": "87446c349ffffff", "total_count": 10, "source": "inaturalist"}, "geometry": {"type": "Polygon", "coordinates": [[[-95.56517171828571, 30.015463529039167], [-95.5555679260708, 30.025892517129044], [-95.5611718465822, 30.03858774225943], [-95.57638272300514, 30.040854075486536], [-95.58598712071598, 30.03042382628492], [-95.58038003711917, 30.01772850515408], [-95.56517171828571, 30.015463529039167]]]}}, {"type": "Feature", "properties": {"h3_index": "87446c34affffff", "total_count": 14, "source": "inaturalist"}, "geometry": {"type": "Polygon", "coordinates": [[[-95.51955887600543, 30.008659297238502], [-95.50995428384302, 30.019083920341373], [-95.51555133920175, 30.031779431312625], [-95.5307561529405, 30.034050419254648], [-95.54036135695651, 30.023624535022883], [-95.53476113598946, 30.010928924164325], [-95.51955887600543, 30.008659297238502]]]}}, {"type": "Feature", "properties": {"h3_index": "87446c34bffffff", "total_count": 7, "source": "inaturalist"}, "geometry": {"type": "Polygon", "coordinates": [[[-95.54036135695651, 30.023624535022883], [-95.5307561529405, 30.034050419254648], [-95.53635690834984, 30.046745546032355], [-95.55156603348762, 30.049014887117192], [-95.5611718465822, 30.03858774225943], [-95.5555679260708, 30.025892517129044], [-95.54036135695651, 30.023624535022883]]]}}, {"type": "Feature", "properties": {"h3_index": "87446c34cffffff", "total_count": 46, "source": "inaturalist"}, "geometry": {"type": "Polygon", "coordinates": [[[-95.5483657980601, 29.977375541558185], [-95.53876463344957, 29.98780510659805], [-95.54436431993075, 30.000501197690806], [-95.55956833372286, 30.002767820645737], [-95.56917010580283, 29.992336992998755], [-95.5635672572312, 29.979640805190236], [-95.5483657980601, 29.977375541558185]]]}}, {"type": "Feature", "properties": {"h3_index": "87446c34dffffff", "total_count": 5, "source": "inaturalist"}, "geometry": {"type": "Polygon", "coordinates": [[[-95.56917010580283, 29.992336992998755], [-95.55956833372286, 30.002767820645737], [-95.56517171828571, 30.015463529039167], [-95.58038003711917, 30.01772850515408], [-95.58998241389199, 30.00729641540558], [-95.58437586774949, 29.994600611829846], [-95.56917010580283, 29.992336992998755]]]}}, {"type": "Feature", "properties": {"h3_index": "87446c34effffff", "total_count": 7, "source": "inaturalist"}, "geometry": {"type": "Polygon", "coordinates": [[[-95.52356492652046, 29.985536840860995], [-95.5139623536267, 29.99596330521428], [-95.51955887600543, 30.008659297238502], [-95.53476113598946, 30.010928924164325], [-95.54436431993075, 30.000501197690806], [-95.53876463344957, 29.98780510659805], [-95.52356492652046, 29.985536840860995]]]}}, {"type": "Feature", "properties": {"h3_index": "87446c350ffffff", "total_count": 2, "source": "inaturalist"}, "geometry": {"type": "Polygon", "coordinates": [[[-95.43642905599239, 29.948778213022397], [-95.42682693891794, 29.959197786595286], [-95.43240920369918, 29.97189478873614], [-95.44759675375536, 29.974172323508906], [-95.45719949374521, 29.963751486802828], [-95.45161406136855, 29.951054378643878], [-95.43642905599239, 29.948778213022397]]]}}, {"type": "Feature", "properties": {"h3_index": "87446c351ffffff", "total_count": 5, "source": "inaturalist"}, "geometry": {"type": "Polygon", "coordinates": [[[-95.45719949374521, 29.963751486802828], [-95.44759675375536, 29.974172323508906], [-95.45318271473197, 29.986868959695485], [-95.46837458340885, 29.989144863849152], [-95.47797794355436, 29.97872276450986], [-95.47238881547345, 29.96602602383673], [-95.45719949374521, 29.963751486802828]]]}}, {"type": "Feature", "properties": {"h3_index": "87446c352ffffff", "total_count": 1, "source": "inaturalist"}, "geometry": {"type": "Polygon", "coordinates": [[[-95.41164370927173, 29.9569186252615], [-95.40204020190706, 29.96733509524759], [-95.40761929710075, 29.980031989017327], [-95.42280506985088, 29.98231252135887], [-95.43240920369918, 29.97189478873614], [-95.42682693891794, 29.959197786595286], [-95.41164370927173, 29.9569186252615]]]}}, {"type": "Feature", "properties": {"h3_index": "87446c354ffffff", "total_count": 2, "source": "inaturalist"}, "geometry": {"type": "Polygon", "coordinates": [[[-95.44044741939456, 29.925659331086774], [-95.43084731835339, 29.936080741934987], [-95.43642905599239, 29.948778213022397], [-95.45161406136855, 29.951054378643878], [-95.46121478451461, 29.94063170366725], [-95.45562988078449, 29.927934127384294], [-95.44044741939456, 29.925659331086774]]]}}, {"type": "Feature", "properties": {"h3_index": "87446c358ffffff", "total_count": 32, "source": "inaturalist"}, "geometry": {"type": "Polygon", "coordinates": [[[-95.47396424154856, 30.001841129523566], [-95.46435886300782, 30.012261385924013], [-95.46994905116033, 30.024957172753467], [-95.48514778657645, 30.02723280714258], [-95.49475378331839, 30.01681128960252], [-95.48916042705042, 30.004115398999442], [-95.47396424154856, 30.001841129523566]]]}}, {"type": "Feature", "properties": {"h3_index": "87446c359ffffff", "total_count": 42, "source": "inaturalist"}, "geometry": {"type": "Polygon", "coordinates": [[[-95.49475378331839, 30.01681128960252], [-95.48514778657645, 30.02723280714258], [-95.490741674318, 30.039928215874273], [-95.50594472702711, 30.042202209491858], [-95.51555133920175, 30.031779431312625], [-95.50995428384302, 30.019083920341373], [-95.49475378331839, 30.01681128960252]]]}}, {"type": "Feature", "properties": {"h3_index": "87446c35affffff", "total_count": 2, "source": "inaturalist"}, "geometry": {"type": "Polygon", "coordinates": [[[-95.44916444668682, 30.009984114824103], [-95.43955767078515, 30.02040126396837], [-95.44514468882119, 30.033096944671907], [-95.46034165348193, 30.035375582543647], [-95.46994905116033, 30.024957172753467], [-95.46435886300782, 30.012261385924013], [-95.44916444668682, 30.009984114824103]]]}}, {"type": "Feature", "properties": {"h3_index": "87446c35bffffff", "total_count": 20, "source": "inaturalist"}, "geometry": {"type": "Polygon", "coordinates": [[[-95.46994905116033, 30.024957172753467], [-95.46034165348193, 30.035375582543647], [-95.46593237160108, 30.048070886683636], [-95.48113365762863, 30.0503478858116], [-95.490741674318, 30.039928215874273], [-95.48514778657645, 30.02723280714258], [-95.46994905116033, 30.024957172753467]]]}}, {"type": "Feature", "properties": {"h3_index": "87446c35cffffff", "total_count": 5, "source": "inaturalist"}, "geometry": {"type": "Polygon", "coordinates": [[[-95.47797794355436, 29.97872276450986], [-95.46837458340885, 29.989144863849152], [-95.47396424154856, 30.001841129523566], [-95.48916042705042, 30.004115398999442], [-95.49876440458807, 29.993692037527655], [-95.49317157983891, 29.980995668898995], [-95.47797794355436, 29.97872276450986]]]}}, {"type": "Feature", "properties": {"h3_index": "87446c35dffffff", "total_count": 12, "source": "inaturalist"}, "geometry": {"type": "Polygon", "coordinates": [[[-95.49876440458807, 29.993692037527655], [-95.48916042705042, 30.004115398999442], [-95.49475378331839, 30.01681128960252], [-95.50995428384302, 30.019083920341373], [-95.51955887600543, 30.008659297238502], [-95.5139623536267, 29.99596330521428], [-95.49876440458807, 29.993692037527655]]]}}, {"type": "Feature", "properties": {"h3_index": "87446c35effffff", "total_count": 3, "source": "inaturalist"}, "geometry": {"type": "Polygon", "coordinates": [[[-95.45318271473197, 29.986868959695485], [-95.44357795715703, 29.997287954456574], [-95.44916444668682, 30.009984114824103], [-95.46435886300782, 30.012261385924013], [-95.47396424154856, 30.001841129523566], [-95.46837458340885, 29.989144863849152], [-95.45318271473197, 29.986868959695485]]]}}, {"type": "Feature", "properties": {"h3_index": "87446c360ffffff", "total_count": 2, "source": "inaturalist"}, "geometry": {"type": "Polygon", "coordinates": [[[-95.53957428143674, 29.89302394284059], [-95.52997977818899, 29.90345773541124], [-95.53557416820627, 29.916155613159084], [-95.55076622016779, 29.918419794303283], [-95.56036133124633, 29.907984735643012], [-95.55476378314084, 29.89528676211462], [-95.53957428143674, 29.89302394284059]]]}}, {"type": "Feature", "properties": {"h3_index": "87446c361ffffff", "total_count": 4, "source": "inaturalist"}, "geometry": {"type": "Polygon", "coordinates": [[[-95.56036133124633, 29.907984735643012], [-95.55076622016779, 29.918419794303283], [-95.55636430293167, 29.93111730300138], [-95.57156065496343, 29.93337984747623], [-95.58115637110333, 29.922943523234093], [-95.57555513075944, 29.910245920285316], [-95.56036133124633, 29.907984735643012]]]}}, {"type": "Feature", "properties": {"h3_index": "87446c362ffffff", "total_count": 2, "source": "inaturalist"}, "geometry": {"type": "Polygon", "coordinates": [[[-95.51479202811298, 29.90119192165055], [-95.5051961199679, 29.91162262208696], [-95.51078734989079, 29.92432040170029], [-95.52597764866061, 29.926587579198248], [-95.53557416820627, 29.916155613159084], [-95.52997977818899, 29.90345773541124], [-95.51479202811298, 29.90119192165055]]]}}, {"type": "Feature", "properties": {"h3_index": "87446c363ffffff", "total_count": 10, "source": "inaturalist"}, "geometry": {"type": "Polygon", "coordinates": [[[-95.53557416820627, 29.916155613159084], [-95.52597764866061, 29.926587579198248], [-95.53157257183413, 29.939284991291863], [-95.54676717475216, 29.941550534137217], [-95.55636430293167, 29.93111730300138], [-95.55076622016779, 29.918419794303283], [-95.53557416820627, 29.916155613159084]]]}}, {"type": "Feature", "properties": {"h3_index": "87446c365ffffff", "total_count": 5, "source": "inaturalist"}, "geometry": {"type": "Polygon", "coordinates": [[[-95.56435687786096, 29.88484987961573], [-95.55476378314084, 29.89528676211462], [-95.56036133124633, 29.907984735643012], [-95.57555513075944, 29.910245920285316], [-95.58514882973974, 29.89980777121218], [-95.57954812555586, 29.887109704257377], [-95.56435687786096, 29.88484987961573]]]}}, {"type": "Feature", "properties": {"h3_index": "87446c368ffffff", "total_count": 5, "source": "inaturalist"}, "geometry": {"type": "Polygon", "coordinates": [[[-95.57716243142544, 29.94607698256414], [-95.56756469738262, 29.956511478289855], [-95.57316700992058, 29.969208141663774], [-95.58837021568291, 29.9714704030403], [-95.59796855281466, 29.961034643232242], [-95.59236308170573, 29.948337886316224], [-95.57716243142544, 29.94607698256414]]]}}, {"type": "Feature", "properties": {"h3_index": "87446c369ffffff", "total_count": 97, "source": "inaturalist"}, "geometry": {"type": "Polygon", "coordinates": [[[-95.59796855281466, 29.961034643232242], [-95.58837021568291, 29.9714704030403], [-95.5939762243294, 29.984166685211655], [-95.6091837287749, 29.986427299770845], [-95.61878266621743, 29.975990276388735], [-95.61317349951534, 29.96329390220761], [-95.59796855281466, 29.961034643232242]]]}}, {"type": "Feature", "properties": {"h3_index": "87446c36affffff", "total_count": 3, "source": "inaturalist"}, "geometry": {"type": "Polygon", "coordinates": [[[-95.5523657921316, 29.95424757415146], [-95.5427666461082, 29.964678974079632], [-95.5483657980601, 29.977375541558185], [-95.5635672572312, 29.979640805190236], [-95.57316700992058, 29.969208141663774], [-95.56756469738262, 29.956511478289855], [-95.5523657921316, 29.95424757415146]]]}}, {"type": "Feature", "properties": {"h3_index": "87446c36bffffff", "total_count": 202, "source": "inaturalist"}, "geometry": {"type": "Polygon", "coordinates": [[[-95.57316700992058, 29.969208141663774], [-95.5635672572312, 29.979640805190236], [-95.56917010580283, 29.992336992998755], [-95.58437586774949, 29.994600611829846], [-95.5939762243294, 29.984166685211655], [-95.58837021568291, 29.9714704030403], [-95.57316700992058, 29.969208141663774]]]}}, {"type": "Feature", "properties": {"h3_index": "87446c36cffffff", "total_count": 14, "source": "inaturalist"}, "geometry": {"type": "Polygon", "coordinates": [[[-95.58115637110333, 29.922943523234093], [-95.57156065496343, 29.93337984747623], [-95.57716243142544, 29.94607698256414], [-95.59236308170573, 29.948337886316224], [-95.60195940013375, 29.937900297000738], [-95.59635446660373, 29.92520306919276], [-95.58115637110333, 29.922943523234093]]]}}, {"type": "Feature", "properties": {"h3_index": "87446c36dffffff", "total_count": 25, "source": "inaturalist"}, "geometry": {"type": "Polygon", "coordinates": [[[-95.60195940013375, 29.937900297000738], [-95.59236308170573, 29.948337886316224], [-95.59796855281466, 29.961034643232242], [-95.61317349951534, 29.96329390220761], [-95.62277041745443, 29.95285504832802], [-95.61716178979322, 29.940158200223312], [-95.60195940013375, 29.937900297000738]]]}}, {"type": "Feature", "properties": {"h3_index": "87446c36effffff", "total_count": 5, "source": "inaturalist"}, "geometry": {"type": "Polygon", "coordinates": [[[-95.55636430293167, 29.93111730300138], [-95.54676717475216, 29.941550534137217], [-95.5523657921316, 29.95424757415146], [-95.56756469738262, 29.956511478289855], [-95.57716243142544, 29.94607698256414], [-95.57156065496343, 29.93337984747623], [-95.55636430293167, 29.93111730300138]]]}}, {"type": "Feature", "properties": {"h3_index": "87446c371ffffff", "total_count": 4, "source": "inaturalist"}, "geometry": {"type": "Polygon", "coordinates": [[[-95.49001012715509, 29.909353813990215], [-95.4804128177444, 29.919781420091457], [-95.48600088557035, 29.932479099216426], [-95.50118942551056, 29.93474927291511], [-95.51078734989079, 29.92432040170029], [-95.5051961199679, 29.91162262208696], [-95.49001012715509, 29.909353813990215]]]}}, {"type": "Feature", "properties": {"h3_index": "87446c372ffffff", "total_count": 3, "source": "inaturalist"}, "geometry": {"type": "Polygon", "coordinates": [[[-95.4444642946932, 29.902538150455506], [-95.43486620894514, 29.912961394901593], [-95.44044741939456, 29.925659331086774], [-95.45562988078449, 29.927934127384294], [-95.4652285878277, 29.917509617814133], [-95.45964421279052, 29.904811577257284], [-95.4444642946932, 29.902538150455506]]]}}, {"type": "Feature", "properties": {"h3_index": "87446c375ffffff", "total_count": 1, "source": "inaturalist"}, "geometry": {"type": "Polygon", "coordinates": [[[-95.49401788350652, 29.886226237087214], [-95.48442258952491, 29.89665567141556], [-95.49001012715509, 29.909353813990215], [-95.5051961199679, 29.91162262208696], [-95.51479202811298, 29.90119192165055], [-95.50920132988819, 29.888493679412083], [-95.49401788350652, 29.886226237087214]]]}}, {"type": "Feature", "properties": {"h3_index": "87446c380ffffff", "total_count": 1, "source": "inaturalist"}, "geometry": {"type": "Polygon", "coordinates": [[[-95.18820122734803, 29.899452020193188], [-95.17859609717114, 29.909848480054535], [-95.18414032350032, 29.922546971018708], [-95.19929286086291, 29.924849129268033], [-95.20889864818332, 29.914451405844872], [-95.20335124159205, 29.901752787921804], [-95.18820122734803, 29.899452020193188]]]}}, {"type": "Feature", "properties": {"h3_index": "87446c381ffffff", "total_count": 6, "source": "inaturalist"}, "geometry": {"type": "Polygon", "coordinates": [[[-95.20889864818332, 29.914451405844872], [-95.19929286086291, 29.924849129268033], [-95.20484077980646, 29.93754728923385], [-95.21999766648025, 29.939847851395363], [-95.22960410822114, 29.929448864897626], [-95.22405300946323, 29.91675057950047], [-95.20889864818332, 29.914451405844872]]]}}, {"type": "Feature", "properties": {"h3_index": "87446c382ffffff", "total_count": 3, "source": "inaturalist"}, "geometry": {"type": "Polygon", "coordinates": [[[-95.16344791083802, 29.907544729776173], [-95.1538414299075, 29.91793807829391], [-95.15938247402578, 29.930636439946205], [-95.17453318187904, 29.932941582580302], [-95.18414032350032, 29.922546971018708], [-95.17859609717114, 29.909848480054535], [-95.16344791083802, 29.907544729776173]]]}}, {"type": "Feature", "properties": {"h3_index": "87446c383ffffff", "total_count": 1, "source": "inaturalist"}, "geometry": {"type": "Polygon", "coordinates": [[[-95.18414032350032, 29.922546971018708], [-95.17453318187904, 29.932941582580302], [-95.18007791905525, 29.94563961476193], [-95.1952329802147, 29.947943163353717], [-95.20484077980646, 29.93754728923385], [-95.19929286086291, 29.924849129268033], [-95.18414032350032, 29.922546971018708]]]}}, {"type": "Feature", "properties": {"h3_index": "87446c388ffffff", "total_count": 7, "source": "inaturalist"}, "geometry": {"type": "Polygon", "coordinates": [[[-95.22554927904024, 29.95254567581695], [-95.2159408242021, 29.962942812008833], [-95.22149295050905, 29.975640171612604], [-95.23665671311987, 29.977940519938233], [-95.2462658204765, 29.967542122161326], [-95.24071051330054, 29.954844637831197], [-95.22554927904024, 29.95254567581695]]]}}, {"type": "Feature", "properties": {"h3_index": "87446c389ffffff", "total_count": 2, "source": "inaturalist"}, "geometry": {"type": "Polygon", "coordinates": [[[-95.2462658204765, 29.967542122161326], [-95.23665671311987, 29.977940519938233], [-95.2422125354945, 29.990637536432065], [-95.25738064623776, 29.9929362785325], [-95.26699040338106, 29.98253661965824], [-95.26143140059223, 29.969839479968186], [-95.2462658204765, 29.967542122161326]]]}}, {"type": "Feature", "properties": {"h3_index": "87446c38affffff", "total_count": 18, "source": "inaturalist"}, "geometry": {"type": "Polygon", "coordinates": [[[-95.20078141145464, 29.960640861519632], [-95.1911715988565, 29.971034882673088], [-95.19672054233683, 29.983732115198112], [-95.21188248183783, 29.98603545383588], [-95.22149295050905, 29.975640171612604], [-95.2159408242021, 29.962942812008833], [-95.20078141145464, 29.960640861519632]]]}}, {"type": "Feature", "properties": {"h3_index": "87446c38cffffff", "total_count": 5, "source": "inaturalist"}, "geometry": {"type": "Polygon", "coordinates": [[[-95.22960410822114, 29.929448864897626], [-95.21999766648025, 29.939847851395363], [-95.22554927904024, 29.95254567581695], [-95.24071051330054, 29.954844637831197], [-95.25031760673507, 29.94444438874683], [-95.24476281481219, 29.931746440422277], [-95.22960410822114, 29.929448864897626]]]}}, {"type": "Feature", "properties": {"h3_index": "87446c38effffff", "total_count": 17, "source": "inaturalist"}, "geometry": {"type": "Polygon", "coordinates": [[[-95.20484077980646, 29.93754728923385], [-95.1952329802147, 29.947943163353717], [-95.20078141145464, 29.960640861519632], [-95.2159408242021, 29.962942812008833], [-95.22554927904024, 29.95254567581695], [-95.21999766648025, 29.939847851395363], [-95.20484077980646, 29.93754728923385]]]}}, {"type": "Feature", "properties": {"h3_index": "87446c390ffffff", "total_count": 11, "source": "inaturalist"}, "geometry": {"type": "Polygon", "coordinates": [[[-95.11801572889154, 29.900624340557375], [-95.10840856779886, 29.911013312585496], [-95.11394273527584, 29.92371186597311], [-95.12908724902883, 29.9260215807121], [-95.13869507707219, 29.915631345677145], [-95.1331577250035, 29.90293265909786], [-95.11801572889154, 29.900624340557375]]]}}, {"type": "Feature", "properties": {"h3_index": "87446c395ffffff", "total_count": 48, "source": "inaturalist"}, "geometry": {"type": "Polygon", "coordinates": [[[-95.14276354252686, 29.892540574108832], [-95.1331577250035, 29.90293265909786], [-95.13869507707219, 29.915631345677145], [-95.1538414299075, 29.91793807829391], [-95.16344791083802, 29.907544729776173], [-95.15790737611859, 29.89484591235813], [-95.14276354252686, 29.892540574108832]]]}}, {"type": "Feature", "properties": {"h3_index": "87446c396ffffff", "total_count": 1, "source": "inaturalist"}, "geometry": {"type": "Polygon", "coordinates": [[[-95.09734443017193, 29.885615433187393], [-95.08773793873974, 29.89600314172619], [-95.09326841474606, 29.908702013972377], [-95.10840856779886, 29.911013312585496], [-95.11801572889154, 29.900624340557375], [-95.11248206786152, 29.887925333593373], [-95.09734443017193, 29.885615433187393]]]}}, {"type": "Feature", "properties": {"h3_index": "87446c398ffffff", "total_count": 34, "source": "inaturalist"}, "geometry": {"type": "Polygon", "coordinates": [[[-95.15531553520498, 29.95372583954956], [-95.14570503084092, 29.964115482487664], [-95.15124709358412, 29.97681292108484], [-95.1664028465086, 29.979120847892048], [-95.17601401322179, 29.968729943917943], [-95.17046876525532, 29.95603237436024], [-95.15531553520498, 29.95372583954956]]]}}, {"type": "Feature", "properties": {"h3_index": "87446c399ffffff", "total_count": 64, "source": "inaturalist"}, "geometry": {"type": "Polygon", "coordinates": [[[-95.17601401322179, 29.968729943917943], [-95.1664028465086, 29.979120847892048], [-95.17194860520839, 29.991817950986164], [-95.18710871599693, 29.994124279724595], [-95.19672054233683, 29.983732115198112], [-95.1911715988565, 29.971034882673088], [-95.17601401322179, 29.968729943917943]]]}}, {"type": "Feature", "properties": {"h3_index": "87446c39bffffff", "total_count": 5, "source": "inaturalist"}, "geometry": {"type": "Polygon", "coordinates": [[[-95.15124709358412, 29.97681292108484], [-95.14163457640217, 29.987200705743764], [-95.14717714837111, 29.999897677054996], [-95.16233542484697, 30.00220699567777], [-95.17194860520839, 29.991817950986164], [-95.1664028465086, 29.979120847892048], [-95.15124709358412, 29.97681292108484]]]}}, {"type": "Feature", "properties": {"h3_index": "87446c39dffffff", "total_count": 23, "source": "inaturalist"}, "geometry": {"type": "Polygon", "coordinates": [[[-95.18007791905525, 29.94563961476193], [-95.17046876525532, 29.95603237436024], [-95.17601401322179, 29.968729943917943], [-95.1911715988565, 29.971034882673088], [-95.20078141145464, 29.960640861519632], [-95.1952329802147, 29.947943163353717], [-95.18007791905525, 29.94563961476193]]]}}, {"type": "Feature", "properties": {"h3_index": "87446c3a8ffffff", "total_count": 4, "source": "inaturalist"}, "geometry": {"type": "Polygon", "coordinates": [[[-95.25841668624376, 29.898241994518262], [-95.24881361844517, 29.908645935220008], [-95.2543678950608, 29.92134434369543], [-95.26952841596963, 29.92363893238151], [-95.27913213108589, 29.913233727579364], [-95.27357467857288, 29.90053519837892], [-95.25841668624376, 29.898241994518262]]]}}, {"type": "Feature", "properties": {"h3_index": "87446c3a9ffffff", "total_count": 2, "source": "inaturalist"}, "geometry": {"type": "Polygon", "coordinates": [[[-95.27913213108589, 29.913233727579364], [-95.26952841596963, 29.92363893238151], [-95.27508638529457, 29.93633700225612], [-95.29025124577167, 29.938629986712805], [-95.29985560547325, 29.928223518301547], [-95.2942944607107, 29.915525329230007], [-95.27913213108589, 29.913233727579364]]]}}, {"type": "Feature", "properties": {"h3_index": "87446c3abffffff", "total_count": 17, "source": "inaturalist"}, "geometry": {"type": "Polygon", "coordinates": [[[-95.2543678950608, 29.92134434369543], [-95.24476281481219, 29.931746440422277], [-95.25031760673507, 29.94444438874683], [-95.26548065690604, 29.946740362081957], [-95.27508638529457, 29.93633700225612], [-95.26952841596963, 29.92363893238151], [-95.2543678950608, 29.92134434369543]]]}}, {"type": "Feature", "properties": {"h3_index": "87446c3adffffff", "total_count": 2, "source": "inaturalist"}, "geometry": {"type": "Polygon", "coordinates": [[[-95.28317638115317, 29.89012815227024], [-95.27357467857288, 29.90053519837892], [-95.27913213108589, 29.913233727579364], [-95.2942944607107, 29.915525329230007], [-95.30389680705592, 29.90511701851139], [-95.29833618060948, 29.892418370939396], [-95.28317638115317, 29.89012815227024]]]}}, {"type": "Feature", "properties": {"h3_index": "87446c605ffffff", "total_count": 1, "source": "inaturalist"}, "geometry": {"type": "Polygon", "coordinates": [[[-94.86644840439548, 30.004181394657916], [-94.85682599876957, 30.014537241639694], [-94.8623287056936, 30.027233868095088], [-94.87745702413503, 30.029574805287577], [-94.88708013294237, 30.01921770165258], [-94.88157422070995, 30.00652091766665], [-94.86644840439548, 30.004181394657916]]]}}, {"type": "Feature", "properties": {"h3_index": "87446c60affffff", "total_count": 3, "source": "inaturalist"}, "geometry": {"type": "Polygon", "coordinates": [[[-94.85408475108015, 30.073331751111198], [-94.8444563131475, 30.083681939233497], [-94.8499604935733, 30.09637714577693], [-94.86509632236036, 30.098722324375302], [-94.87472546602854, 30.088370882631853], [-94.86921807575773, 30.075675516099412], [-94.85408475108015, 30.073331751111198]]]}}, {"type": "Feature", "properties": {"h3_index": "87446c618ffffff", "total_count": 4, "source": "inaturalist"}, "geometry": {"type": "Polygon", "coordinates": [[[-94.80869740620325, 30.06629135029522], [-94.79906837727688, 30.076637138264203], [-94.80456564423964, 30.089332496545516], [-94.81969515284167, 30.09168223091539], [-94.82932489372618, 30.081335189413707], [-94.82382441463221, 30.06863966726324], [-94.80869740620325, 30.06629135029522]]]}}, {"type": "Feature", "properties": {"h3_index": "87446c61affffff", "total_count": 33, "source": "inaturalist"}, "geometry": {"type": "Polygon", "coordinates": [[[-94.78394328358593, 30.074285838828484], [-94.77431295890722, 30.08462847866459], [-94.77980701184472, 30.097323670727995], [-94.79493460406698, 30.099676389361623], [-94.80456564423964, 30.089332496545516], [-94.79906837727688, 30.076637138264203], [-94.78394328358593, 30.074285838828484]]]}}, {"type": "Feature", "properties": {"h3_index": "87446c61cffffff", "total_count": 1, "source": "inaturalist"}, "geometry": {"type": "Polygon", "coordinates": [[[-94.81282764579024, 30.043247837576846], [-94.80320062738208, 30.053595517071418], [-94.80869740620325, 30.06629135029522], [-94.82382441463221, 30.06863966726324], [-94.83345214414355, 30.058290733224116], [-94.82795215470426, 30.045594736949937], [-94.81282764579024, 30.043247837576846]]]}}, {"type": "Feature", "properties": {"h3_index": "87446c61effffff", "total_count": 3, "source": "inaturalist"}, "geometry": {"type": "Polygon", "coordinates": [[[-94.7880780315657, 30.05124563702761], [-94.77844971727653, 30.061590171004152], [-94.78394328358593, 30.074285838828484], [-94.79906837727688, 30.076637138264203], [-94.80869740620325, 30.06629135029522], [-94.80320062738208, 30.053595517071418], [-94.7880780315657, 30.05124563702761]]]}}, {"type": "Feature", "properties": {"h3_index": "87446c62effffff", "total_count": 1, "source": "inaturalist"}, "geometry": {"type": "Polygon", "coordinates": [[[-94.89119531935566, 29.996161934004355], [-94.88157422070995, 30.00652091766665], [-94.88708013294237, 30.01921770165258], [-94.90221034780849, 30.02155565734479], [-94.91183214610028, 30.011195416484433], [-94.90632303046384, 29.9984984773182], [-94.89119531935566, 29.996161934004355]]]}}, {"type": "Feature", "properties": {"h3_index": "87446c648ffffff", "total_count": 5, "source": "inaturalist"}, "geometry": {"type": "Polygon", "coordinates": [[[-95.02353610891704, 30.17053614008696], [-95.01390411891389, 30.180898242159323], [-95.01943744512616, 30.193591261638158], [-95.03460596702061, 30.195922326130844], [-95.04423864028952, 30.185558973155256], [-95.03870210899018, 30.172865806777796], [-95.02353610891704, 30.17053614008696]]]}}, {"type": "Feature", "properties": {"h3_index": "87446c664ffffff", "total_count": 1, "source": "inaturalist"}, "geometry": {"type": "Polygon", "coordinates": [[[-95.02332739213651, 30.04020459504231], [-95.01370616431049, 30.050574876107806], [-95.01923327511875, 30.063270678009907], [-95.03438481228058, 30.06559634339318], [-95.04400672187542, 30.05522480593308], [-95.03847641312959, 30.04252885967216], [-95.02332739213651, 30.04020459504231]]]}}, {"type": "Feature", "properties": {"h3_index": "87446c668ffffff", "total_count": 1, "source": "inaturalist"}, "geometry": {"type": "Polygon", "coordinates": [[[-95.05651647165134, 30.11637657172555], [-95.04688985135707, 30.12674559985031], [-95.05242537405356, 30.139439755492333], [-95.06759071775511, 30.141765026121625], [-95.07721801607184, 30.13139474455605], [-95.07167929325705, 30.118700445989585], [-95.05651647165134, 30.11637657172555]]]}}, {"type": "Feature", "properties": {"h3_index": "87446c669ffffff", "total_count": 1, "source": "inaturalist"}, "geometry": {"type": "Polygon", "coordinates": [[[-95.07721801607184, 30.13139474455605], [-95.06759071775511, 30.141765026121625], [-95.07312994641681, 30.154458832780346], [-95.08829967367961, 30.15678249944967], [-95.09792764729846, 30.146410964916008], [-95.09238521894592, 30.133717016868612], [-95.07721801607184, 30.13139474455605]]]}}, {"type": "Feature", "properties": {"h3_index": "87446c66cffffff", "total_count": 1, "source": "inaturalist"}, "geometry": {"type": "Polygon", "coordinates": [[[-95.0606060574554, 30.09331101461387], [-95.050981453349, 30.10368192718635], [-95.05651647165134, 30.11637657172555], [-95.07167929325705, 30.118700445989585], [-95.08130457454628, 30.10832827897328], [-95.07576635763924, 30.09563349232439], [-95.0606060574554, 30.09331101461387]]]}}, {"type": "Feature", "properties": {"h3_index": "87446c68bffffff", "total_count": 1, "source": "inaturalist"}, "geometry": {"type": "Polygon", "coordinates": [[[-94.70138359031162, 30.144285852758106], [-94.6917453782042, 30.154615221082313], [-94.6972307416855, 30.167308932531753], [-94.71235754057, 30.16967345073879], [-94.72199648049897, 30.159342833133213], [-94.71650789430038, 30.146648946790467], [-94.70138359031162, 30.144285852758106]]]}}, {"type": "Feature", "properties": {"h3_index": "87446c69cffffff", "total_count": 5, "source": "inaturalist"}, "geometry": {"type": "Polygon", "coordinates": [[[-94.6395937467262, 30.099103728188133], [-94.62995773408517, 30.109429345963626], [-94.6354319857678, 30.122123972074817], [-94.65054547446152, 30.124493160087695], [-94.6601822229211, 30.11416629167916], [-94.6547047474437, 30.10147148607952], [-94.6395937467262, 30.099103728188133]]]}}, {"type": "Feature", "properties": {"h3_index": "87446c6adffffff", "total_count": 1, "source": "inaturalist"}, "geometry": {"type": "Polygon", "coordinates": [[[-94.76332904011032, 30.059237310575767], [-94.75369943360174, 30.069578696973792], [-94.75918978550949, 30.082274197049784], [-94.77431295890722, 30.08462847866459], [-94.78394328358593, 30.074285838828484], [-94.77844971727653, 30.061590171004152], [-94.76332904011032, 30.059237310575767]]]}}, {"type": "Feature", "properties": {"h3_index": "87446c6b2ffffff", "total_count": 2, "source": "inaturalist"}, "geometry": {"type": "Polygon", "coordinates": [[[-94.60677198305747, 30.022929303976483], [-94.59714146351922, 30.03325622376093], [-94.6026073632086, 30.045952374921477], [-94.61770700447644, 30.048321787393398], [-94.62733826340838, 30.03799361404097], [-94.6218691422516, 30.02529728197355], [-94.60677198305747, 30.022929303976483]]]}}, {"type": "Feature", "properties": {"h3_index": "87446c6c2ffffff", "total_count": 4, "source": "inaturalist"}, "geometry": {"type": "Polygon", "coordinates": [[[-94.78802335663414, 30.181473267987396], [-94.77838426418866, 30.191809543972564], [-94.7838839707941, 30.204502470277152], [-94.799025990138, 30.206859288727955], [-94.80866579882817, 30.19652176426327], [-94.80316287251233, 30.18382867001551], [-94.78802335663414, 30.181473267987396]]]}}, {"type": "Feature", "properties": {"h3_index": "87446c6c4ffffff", "total_count": 1, "source": "inaturalist"}, "geometry": {"type": "Polygon", "coordinates": [[[-94.81693400854792, 30.150454305306656], [-94.8072982291693, 30.16079564744538], [-94.81280066618163, 30.17348923490573], [-94.827942099449, 30.175841645198968], [-94.83757859066935, 30.165499053018124], [-94.83207293736386, 30.152805300774336], [-94.81693400854792, 30.150454305306656]]]}}, {"type": "Feature", "properties": {"h3_index": "87446c6c6ffffff", "total_count": 4, "source": "inaturalist"}, "geometry": {"type": "Polygon", "coordinates": [[[-94.79216121609804, 30.15844166203761], [-94.78252413781455, 30.168779847658076], [-94.78802335663414, 30.181473267987396], [-94.80316287251233, 30.18382867001551], [-94.81280066618163, 30.17348923490573], [-94.8072982291693, 30.16079564744538], [-94.79216121609804, 30.15844166203761]]]}}, {"type": "Feature", "properties": {"h3_index": "87446c6c8ffffff", "total_count": 3, "source": "inaturalist"}, "geometry": {"type": "Polygon", "coordinates": [[[-94.84997507583937, 30.22661302502437], [-94.84033384272786, 30.23695304508111], [-94.8458446793589, 30.2496449705278], [-94.86099996824102, 30.251997039438088], [-94.87064190952138, 30.241655772270093], [-94.86512785433655, 30.228963683491035], [-94.84997507583937, 30.22661302502437]]]}}, {"type": "Feature", "properties": {"h3_index": "87446c6cbffffff", "total_count": 1, "source": "inaturalist"}, "geometry": {"type": "Polygon", "coordinates": [[[-94.8458446793589, 30.2496449705278], [-94.83620142877973, 30.25998307431016], [-94.84171275747133, 30.272674492919712], [-94.85687055740188, 30.2750279720751], [-94.86651451700645, 30.264688622187894], [-94.86099996824102, 30.251997039438088], [-94.8458446793589, 30.2496449705278]]]}}, {"type": "Feature", "properties": {"h3_index": "87446c6ccffffff", "total_count": 4, "source": "inaturalist"}, "geometry": {"type": "Polygon", "coordinates": [[[-94.85410394771438, 30.20357866383185], [-94.8444647313384, 30.213920596550327], [-94.84997507583937, 30.22661302502437], [-94.86512785433655, 30.228963683491035], [-94.8747677780256, 30.21862050265447], [-94.86925421648998, 30.205927911657316], [-94.85410394771438, 30.20357866383185]]]}}, {"type": "Feature", "properties": {"h3_index": "87446c6d0ffffff", "total_count": 1, "source": "inaturalist"}, "geometry": {"type": "Polygon", "coordinates": [[[-94.7426175076608, 30.17439793525313], [-94.73297784258374, 30.18472980168821], [-94.73847061933428, 30.19742288071375], [-94.75360628372306, 30.199784265317955], [-94.76324667127085, 30.18945115050585], [-94.75775067253977, 30.17675789965489], [-94.7426175076608, 30.17439793525313]]]}}, {"type": "Feature", "properties": {"h3_index": "87446c6d9ffffff", "total_count": 3, "source": "inaturalist"}, "geometry": {"type": "Polygon", "coordinates": [[[-94.80039148595519, 30.242579592543663], [-94.79074764503129, 30.252913284880393], [-94.79625203883204, 30.26560487662262], [-94.81140349650838, 30.267962944241624], [-94.82104805270696, 30.257628005897203], [-94.81554043653853, 30.244936246129537], [-94.80039148595519, 30.242579592543663]]]}}, {"type": "Feature", "properties": {"h3_index": "87446c6dcffffff", "total_count": 3, "source": "inaturalist"}, "geometry": {"type": "Polygon", "coordinates": [[[-94.7838839707941, 30.204502470277152], [-94.7742428634568, 30.214836833013145], [-94.77974305777636, 30.227529261481862], [-94.79488758124494, 30.229887496156742], [-94.80452940568655, 30.219551885950647], [-94.799025990138, 30.206859288727955], [-94.7838839707941, 30.204502470277152]]]}}, {"type": "Feature", "properties": {"h3_index": "87446c6ddffffff", "total_count": 3, "source": "inaturalist"}, "geometry": {"type": "Polygon", "coordinates": [[[-94.80452940568655, 30.219551885950647], [-94.79488758124494, 30.229887496156742], [-94.80039148595519, 30.242579592543663], [-94.81554043653853, 30.244936246129537], [-94.82518297539539, 30.23459938890777], [-94.81967584983747, 30.221907125303904], [-94.80452940568655, 30.219551885950647]]]}}, {"type": "Feature", "properties": {"h3_index": "87446c6e4ffffff", "total_count": 18, "source": "inaturalist"}, "geometry": {"type": "Polygon", "coordinates": [[[-94.8499604935733, 30.09637714577693], [-94.84033004341356, 30.10672544035091], [-94.84583471486862, 30.119420165946313], [-94.86097304842627, 30.121766757961787], [-94.87060420517446, 30.11141721077655], [-94.86509632236036, 30.098722324375302], [-94.8499604935733, 30.09637714577693]]]}}, {"type": "Feature", "properties": {"h3_index": "87446c6edffffff", "total_count": 1, "source": "inaturalist"}, "geometry": {"type": "Polygon", "coordinates": [[[-94.90779918558509, 30.164537425808266], [-94.89816460822122, 30.17488757662995], [-94.903680889644, 30.187580825397205], [-94.91883496070713, 30.189924080547698], [-94.92847023742632, 30.179572679508382], [-94.92295074431422, 30.166879273724142], [-94.90779918558509, 30.164537425808266]]]}}, {"type": "Feature", "properties": {"h3_index": "87446c6eeffffff", "total_count": 3, "source": "inaturalist"}, "geometry": {"type": "Polygon", "coordinates": [[[-94.86235712085201, 30.157502724091746], [-94.85272193575214, 30.167848471285033], [-94.85823129578505, 30.180541894377175], [-94.87337905550226, 30.182889731364764], [-94.88301494620599, 30.17254273403849], [-94.8775023721739, 30.159849150045677], [-94.86235712085201, 30.157502724091746]]]}}, {"type": "Feature", "properties": {"h3_index": "87446c6f0ffffff", "total_count": 1, "source": "inaturalist"}, "geometry": {"type": "Polygon", "coordinates": [[[-94.77566921554273, 30.120359125282498], [-94.76603486790165, 30.130697965965343], [-94.77152989388011, 30.14339219505277], [-94.7866624851358, 30.145747751496497], [-94.7962975499867, 30.13540765985732], [-94.7907993069532, 30.122713262919095], [-94.77566921554273, 30.120359125282498]]]}}, {"type": "Feature", "properties": {"h3_index": "87446c6f2ffffff", "total_count": 3, "source": "inaturalist"}, "geometry": {"type": "Polygon", "coordinates": [[[-94.75090670007464, 30.128340842563475], [-94.74127106060823, 30.138676527838616], [-94.74676286764044, 30.15137058672746], [-94.76189353366556, 30.15372913072813], [-94.77152989388011, 30.14339219505277], [-94.76603486790165, 30.130697965965343], [-94.75090670007464, 30.128340842563475]]]}}, {"type": "Feature", "properties": {"h3_index": "87446c6f6ffffff", "total_count": 14, "source": "inaturalist"}, "geometry": {"type": "Polygon", "coordinates": [[[-94.7550490057642, 30.10530871019237], [-94.74541537801116, 30.115646299462778], [-94.75090670007464, 30.128340842563475], [-94.76603486790165, 30.130697965965343], [-94.77566921554273, 30.120359125282498], [-94.77017467604881, 30.10766441279865], [-94.7550490057642, 30.10530871019237]]]}}, {"type": "Feature", "properties": {"h3_index": "87446c71bffffff", "total_count": 2, "source": "inaturalist"}, "geometry": {"type": "Polygon", "coordinates": [[[-94.83345603599982, 29.927995037924024], [-94.8238390592728, 29.93835212054444], [-94.8293333963312, 29.95105027112083], [-94.84444791376372, 29.953391498202016], [-94.85406559733073, 29.943033155971836], [-94.84856805720582, 29.93033484645881], [-94.83345603599982, 29.927995037924024]]]}}, {"type": "Feature", "properties": {"h3_index": "87446c71effffff", "total_count": 5, "source": "inaturalist"}, "geometry": {"type": "Polygon", "coordinates": [[[-94.81697866913775, 29.889898493371042], [-94.80736440722895, 29.90025618460719], [-94.81285456515074, 29.912955075691134], [-94.82796218750359, 29.915296435361114], [-94.837577158074, 29.90493748303444], [-94.83208379820935, 29.892238432317], [-94.81697866913775, 29.889898493371042]]]}}, {"type": "Feature", "properties": {"h3_index": "87446c740ffffff", "total_count": 3, "source": "inaturalist"}, "geometry": {"type": "Polygon", "coordinates": [[[-95.01493847225322, 29.955972952992337], [-95.00532396330314, 29.96634758870205], [-95.0108458734374, 29.97904512508199], [-95.02598548693642, 29.9813681693656], [-95.03560067784049, 29.970992273767042], [-95.03007557387991, 29.95829459396173], [-95.01493847225322, 29.955972952992337]]]}}, {"type": "Feature", "properties": {"h3_index": "87446c744ffffff", "total_count": 2, "source": "inaturalist"}, "geometry": {"type": "Polygon", "coordinates": [[[-95.01902956142459, 29.932898456980293], [-95.009417062479, 29.943274955896214], [-95.01493847225322, 29.955972952992337], [-95.03007557387991, 29.95829459396173], [-95.03968875394052, 29.947916834148966], [-95.03416415184762, 29.935218694451695], [-95.01902956142459, 29.932898456980293]]]}}, {"type": "Feature", "properties": {"h3_index": "87446c74effffff", "total_count": 2, "source": "inaturalist"}, "geometry": {"type": "Polygon", "coordinates": [[[-95.03151109270257, 29.9940653854437], [-95.02189389022335, 30.004439413177895], [-95.02741999773274, 30.017136161695255], [-95.04256650322775, 30.019459025385167], [-95.05218438579612, 30.009083739244318], [-95.04665508336994, 29.996386848008097], [-95.03151109270257, 29.9940653854437]]]}}, {"type": "Feature", "properties": {"h3_index": "87446c753ffffff", "total_count": 1, "source": "inaturalist"}, "geometry": {"type": "Polygon", "coordinates": [[[-94.94069089253937, 29.980104671646068], [-94.93107241881665, 29.990469922413535], [-94.936584735949, 30.00316701440955], [-94.95171872697388, 30.005499006305303], [-94.96133789326892, 29.99513249725674], [-94.95582237655248, 29.982435254781695], [-94.94069089253937, 29.980104671646068]]]}}, {"type": "Feature", "properties": {"h3_index": "87446c758ffffff", "total_count": 41, "source": "inaturalist"}, "geometry": {"type": "Polygon", "coordinates": [[[-94.9819929771958, 30.0101584320964], [-94.97237312102357, 30.020526198955434], [-94.97789283292036, 30.033222654982282], [-94.99303560034546, 30.03555149175873], [-95.002656143696, 30.02518246756048], [-94.99713323303097, 30.012485864113007], [-94.9819929771958, 30.0101584320964]]]}}, {"type": "Feature", "properties": {"h3_index": "87446c761ffffff", "total_count": 3, "source": "inaturalist"}, "geometry": {"type": "Polygon", "coordinates": [[[-95.0685216093086, 29.91677359244531], [-95.05891177200206, 29.927156332160944], [-95.06443956448746, 29.93985461210734], [-95.0795803833319, 29.942170290422887], [-95.08919089467322, 29.931786288750928], [-95.08365991372524, 29.919087870907674], [-95.0685216093086, 29.91677359244531]]]}}, {"type": "Feature", "properties": {"h3_index": "87446c765ffffff", "total_count": 5, "source": "inaturalist"}, "geometry": {"type": "Polygon", "coordinates": [[[-95.07260214807965, 29.893690263298005], [-95.06299432025905, 29.90407485726978], [-95.0685216093086, 29.91677359244531], [-95.08365991372524, 29.919087870907674], [-95.09326841474606, 29.908702013972377], [-95.08773793873974, 29.89600314172619], [-95.07260214807965, 29.893690263298005]]]}}, {"type": "Feature", "properties": {"h3_index": "87446c769ffffff", "total_count": 3, "source": "inaturalist"}, "geometry": {"type": "Polygon", "coordinates": [[[-95.1057922351517, 29.96987997922383], [-95.0961790405966, 29.980263382445766], [-95.10171472705869, 29.992960552065814], [-95.11686679777985, 29.995274454316164], [-95.12648066178299, 29.984889791103214], [-95.12094178620914, 29.97219248581865], [-95.1057922351517, 29.96987997922383]]]}}, {"type": "Feature", "properties": {"h3_index": "87446c76affffff", "total_count": 1, "source": "inaturalist"}, "geometry": {"type": "Polygon", "coordinates": [[[-95.06035601282375, 29.962933314788188], [-95.05074215435059, 29.97331233502123], [-95.05627095352447, 29.986009692996262], [-95.07141680323876, 29.98832817047147], [-95.08103133741814, 29.97794789029536], [-95.07549934676733, 29.965250392774983], [-95.06035601282375, 29.962933314788188]]]}}, {"type": "Feature", "properties": {"h3_index": "87446c76bffffff", "total_count": 4, "source": "inaturalist"}, "geometry": {"type": "Polygon", "coordinates": [[[-95.08103133741814, 29.97794789029536], [-95.07141680323876, 29.98832817047147], [-95.07694929865039, 30.001025202075326], [-95.09209951988323, 30.00334209170705], [-95.10171472705869, 29.992960552065814], [-95.0961790405966, 29.980263382445766], [-95.08103133741814, 29.97794789029536]]]}}, {"type": "Feature", "properties": {"h3_index": "87446c76effffff", "total_count": 1, "source": "inaturalist"}, "geometry": {"type": "Polygon", "coordinates": [[[-95.06443956448746, 29.93985461210734], [-95.0548277169635, 29.950235493909204], [-95.06035601282375, 29.962933314788188], [-95.07549934676733, 29.965250392774983], [-95.08511186916142, 29.95486825002364], [-95.0795803833319, 29.942170290422887], [-95.06443956448746, 29.93985461210734]]]}}, {"type": "Feature", "properties": {"h3_index": "87446c78affffff", "total_count": 3, "source": "inaturalist"}, "geometry": {"type": "Polygon", "coordinates": [[[-94.70982680215594, 29.96800549400082], [-94.70020337935641, 29.978346893875045], [-94.70568167278506, 29.991044214510563], [-94.72078660207592, 29.993400306148967], [-94.73041074932996, 29.983057649433192], [-94.72492924341483, 29.970360158109372], [-94.70982680215594, 29.96800549400082]]]}}, {"type": "Feature", "properties": {"h3_index": "87446c7a9ffffff", "total_count": 12, "source": "inaturalist"}, "geometry": {"type": "Polygon", "coordinates": [[[-94.78813258440431, 29.9209665689683], [-94.77851502419475, 29.931319259654238], [-94.78400246390379, 29.94401753894388], [-94.79911066973828, 29.946363290548387], [-94.80872894298295, 29.936009340337936], [-94.80323829793666, 29.923310898236195], [-94.78813258440431, 29.9209665689683]]]}}, {"type": "Feature", "properties": {"h3_index": "87446c7adffffff", "total_count": 21, "source": "inaturalist"}, "geometry": {"type": "Polygon", "coordinates": [[[-94.7922611853443, 29.89791327786438], [-94.78264563031222, 29.90826783986916], [-94.78813258440431, 29.9209665689683], [-94.80323829793666, 29.923310898236195], [-94.81285456515074, 29.912955075691134], [-94.80736440722895, 29.90025618460719], [-94.7922611853443, 29.89791327786438]]]}}, {"type": "Feature", "properties": {"h3_index": "87446d095ffffff", "total_count": 2, "source": "inaturalist"}, "geometry": {"type": "Polygon", "coordinates": [[[-95.87149772065547, 30.41649053409026], [-95.861870325289, 30.426926549431723], [-95.86753748204063, 30.439611151496425], [-95.88283519979501, 30.44185981533846], [-95.89246316120808, 30.43142255386398], [-95.88679283944987, 30.41873787486483], [-95.87149772065547, 30.41649053409026]]]}}, {"type": "Feature", "properties": {"h3_index": "87446d0b2ffffff", "total_count": 3, "source": "inaturalist"}, "geometry": {"type": "Polygon", "coordinates": [[[-95.85450221034058, 30.378434019951673], [-95.84487742122882, 30.388870668574185], [-95.85054029531194, 30.401556306362032], [-95.8658311231933, 30.403805373404115], [-95.87545648040766, 30.393367477167544], [-95.8697904422665, 30.380681761687406], [-95.85450221034058, 30.378434019951673]]]}}, {"type": "Feature", "properties": {"h3_index": "87446d192ffffff", "total_count": 8, "source": "inaturalist"}, "geometry": {"type": "Polygon", "coordinates": [[[-95.84940143219714, 30.270988159943048], [-95.83978535273452, 30.28143103968925], [-95.8454422787573, 30.294119321916625], [-95.86071844343236, 30.296364800629767], [-95.87033509067803, 30.285920668864478], [-95.86467500609206, 30.27323231058981], [-95.84940143219714, 30.270988159943048]]]}}, {"type": "Feature", "properties": {"h3_index": "87446d194ffffff", "total_count": 2, "source": "inaturalist"}, "geometry": {"type": "Polygon", "coordinates": [[[-95.87824267402657, 30.23964957495386], [-95.86863009317241, 30.250097426322277], [-95.8742896197638, 30.262786317190038], [-95.88956488280714, 30.26502742977017], [-95.89917802703297, 30.25457832494798], [-95.8935153454709, 30.241889361184022], [-95.87824267402657, 30.23964957495386]]]}}, {"type": "Feature", "properties": {"h3_index": "87446d196ffffff", "total_count": 2, "source": "inaturalist"}, "geometry": {"type": "Polygon", "coordinates": [[[-95.8533591093334, 30.24785460391463], [-95.84374506265613, 30.258299344320317], [-95.84940143219714, 30.270988159943048], [-95.86467500609206, 30.27323231058981], [-95.8742896197638, 30.262786317190038], [-95.86863009317241, 30.250097426322277], [-95.8533591093334, 30.24785460391463]]]}}, {"type": "Feature", "properties": {"h3_index": "87446d19effffff", "total_count": 1, "source": "inaturalist"}, "geometry": {"type": "Polygon", "coordinates": [[[-95.89127674659096, 30.300851003967264], [-95.88165953439966, 30.31129638723791], [-95.88732389439022, 30.323983744116767], [-95.90260862462564, 30.32622579086168], [-95.91222639892139, 30.315779156600154], [-95.90655888150589, 30.30309172676904], [-95.89127674659096, 30.300851003967264]]]}}, {"type": "Feature", "properties": {"h3_index": "87446d1b6ffffff", "total_count": 3, "source": "inaturalist"}, "geometry": {"type": "Polygon", "coordinates": [[[-95.8861443612316, 30.193368948830962], [-95.8765358437451, 30.203820505128455], [-95.88219425425358, 30.216510449663506], [-95.89746433482432, 30.21874890937272], [-95.90707341411147, 30.20829609767119], [-95.90141185165392, 30.195606081849117], [-95.8861443612316, 30.193368948830962]]]}}, {"type": "Feature", "properties": {"h3_index": "87446d404ffffff", "total_count": 3, "source": "inaturalist"}, "geometry": {"type": "Polygon", "coordinates": [[[-95.60053370549662, 30.352667906099438], [-95.59090316949224, 30.363079527715062], [-95.59652839626673, 30.375766920327727], [-95.61178733882944, 30.378042791036002], [-95.62141847882222, 30.367629922130643], [-95.61579007288184, 30.354942429992185], [-95.60053370549662, 30.352667906099438]]]}}, {"type": "Feature", "properties": {"h3_index": "87446d408ffffff", "total_count": 2, "source": "inaturalist"}, "geometry": {"type": "Polygon", "coordinates": [[[-95.63431166724439, 30.42878858361731], [-95.62467585591126, 30.439198909647377], [-95.63030961600643, 30.451884301526896], [-95.6455823692089, 30.454159465576968], [-95.6552187805185, 30.443747895205977], [-95.64958183926969, 30.43106240531104], [-95.63431166724439, 30.42878858361731]]]}}, {"type": "Feature", "properties": {"h3_index": "87446d409ffffff", "total_count": 7, "source": "inaturalist"}, "geometry": {"type": "Polygon", "coordinates": [[[-95.6552187805185, 30.443747895205977], [-95.6455823692089, 30.454159465576968], [-95.65121985613676, 30.466844397355743], [-95.66649693561766, 30.46911785541111], [-95.67613394408323, 30.458705041194808], [-95.67049327653355, 30.44602001295356], [-95.6552187805185, 30.443747895205977]]]}}, {"type": "Feature", "properties": {"h3_index": "87446d40bffffff", "total_count": 4, "source": "inaturalist"}, "geometry": {"type": "Polygon", "coordinates": [[[-95.63030961600643, 30.451884301526896], [-95.6206717684609, 30.46229272726876], [-95.62630607271298, 30.474977560239363], [-95.64158140780712, 30.477254066461448], [-95.65121985613676, 30.466844397355743], [-95.6455823692089, 30.454159465576968], [-95.63030961600643, 30.451884301526896]]]}}, {"type": "Feature", "properties": {"h3_index": "87446d40cffffff", "total_count": 1, "source": "inaturalist"}, "geometry": {"type": "Polygon", "coordinates": [[[-95.63831222722177, 30.40569041396352], [-95.62867845134683, 30.41610263664683], [-95.63431166724439, 30.42878858361731], [-95.64958183926969, 30.43106240531104], [-95.65921621431426, 30.420648937309224], [-95.65357981878422, 30.407962893117425], [-95.63831222722177, 30.40569041396352]]]}}, {"type": "Feature", "properties": {"h3_index": "87446d40dffffff", "total_count": 1, "source": "inaturalist"}, "geometry": {"type": "Polygon", "coordinates": [[[-95.65921621431426, 30.420648937309224], [-95.64958183926969, 30.43106240531104], [-95.6552187805185, 30.443747895205977], [-95.67049327653355, 30.44602001295356], [-95.68012824792841, 30.43560530012991], [-95.67448812757931, 30.422919714565634], [-95.65921621431426, 30.420648937309224]]]}}, {"type": "Feature", "properties": {"h3_index": "87446d410ffffff", "total_count": 51, "source": "inaturalist"}, "geometry": {"type": "Polygon", "coordinates": [[[-95.5258792580273, 30.377051565379904], [-95.51624445659152, 30.38745376690867], [-95.52186013364253, 30.400140846861703], [-95.53711379801983, 30.40242583203841], [-95.5467492142899, 30.39202238468354], [-95.54113035196376, 30.379335198163744], [-95.5258792580273, 30.377051565379904]]]}}, {"type": "Feature", "properties": {"h3_index": "87446d411ffffff", "total_count": 1, "source": "inaturalist"}, "geometry": {"type": "Polygon", "coordinates": [[[-95.5467492142899, 30.39202238468354], [-95.53711379801983, 30.40242583203841], [-95.54273319858562, 30.415112471743715], [-95.55799120080087, 30.41739576929624], [-95.56762722910292, 30.406991076606296], [-95.56200464377419, 30.394304331884463], [-95.5467492142899, 30.39202238468354]]]}}, {"type": "Feature", "properties": {"h3_index": "87446d412ffffff", "total_count": 3, "source": "inaturalist"}, "geometry": {"type": "Polygon", "coordinates": [[[-95.50099513188634, 30.385167098190248], [-95.49135891599042, 30.395566155363497], [-95.49697140573726, 30.408253126403093], [-95.51222329929871, 30.410541149368612], [-95.52186013364253, 30.400140846861703], [-95.51624445659152, 30.38745376690867], [-95.50099513188634, 30.385167098190248]]]}}, {"type": "Feature", "properties": {"h3_index": "87446d414ffffff", "total_count": 3, "source": "inaturalist"}, "geometry": {"type": "Polygon", "coordinates": [[[-95.52989688701804, 30.353959844718837], [-95.52026411773952, 30.364363941634913], [-95.5258792580273, 30.377051565379904], [-95.54113035196376, 30.379335198163744], [-95.55076373526327, 30.368929854439344], [-95.5451454112205, 30.356242124925135], [-95.52989688701804, 30.353959844718837]]]}}, {"type": "Feature", "properties": {"h3_index": "87446d416ffffff", "total_count": 4, "source": "inaturalist"}, "geometry": {"type": "Polygon", "coordinates": [[[-95.5050173611851, 30.362078627349174], [-95.49538317738201, 30.372479582561514], [-95.50099513188634, 30.385167098190248], [-95.51624445659152, 30.38745376690867], [-95.5258792580273, 30.377051565379904], [-95.52026411773952, 30.364363941634913], [-95.5050173611851, 30.362078627349174]]]}}, {"type": "Feature", "properties": {"h3_index": "87446d418ffffff", "total_count": 8, "source": "inaturalist"}, "geometry": {"type": "Polygon", "coordinates": [[[-95.56361432584683, 30.43008196418059], [-95.55397626300973, 30.440484755886175], [-95.55959992772976, 30.45317039711534], [-95.57486484167345, 30.455453351084238], [-95.58450351454817, 30.445049315515035], [-95.57887666405931, 30.432363570026023], [-95.56361432584683, 30.43008196418059]]]}}, {"type": "Feature", "properties": {"h3_index": "87446d41dffffff", "total_count": 1, "source": "inaturalist"}, "geometry": {"type": "Polygon", "coordinates": [[[-95.58851330158718, 30.421957632492738], [-95.57887666405931, 30.432363570026023], [-95.58450351454817, 30.445049315515035], [-95.59977018691058, 30.447329225569984], [-95.60940743085425, 30.436922043685822], [-95.6037773966383, 30.42423619628297], [-95.58851330158718, 30.421957632492738]]]}}, {"type": "Feature", "properties": {"h3_index": "87446d421ffffff", "total_count": 1, "source": "inaturalist"}, "geometry": {"type": "Polygon", "coordinates": [[[-95.6503049675316, 30.336381269134808], [-95.64067729350934, 30.34679915994094], [-95.6463088765718, 30.35948674925792], [-95.66157130935079, 30.361756542785134], [-95.6711995801267, 30.35133740372497], [-95.66556482198962, 30.3386497195769], [-95.6503049675316, 30.336381269134808]]]}}, {"type": "Feature", "properties": {"h3_index": "87446d423ffffff", "total_count": 1, "source": "inaturalist"}, "geometry": {"type": "Polygon", "coordinates": [[[-95.62541917973029, 30.34452767269117], [-95.61579007288184, 30.354942429992185], [-95.62141847882222, 30.367629922130643], [-95.63667916935194, 30.36990275433197], [-95.6463088765718, 30.35948674925792], [-95.64067729350934, 30.34679915994094], [-95.62541917973029, 30.34452767269117]]]}}, {"type": "Feature", "properties": {"h3_index": "87446d42affffff", "total_count": 1, "source": "inaturalist"}, "geometry": {"type": "Polygon", "coordinates": [[[-95.64231129673297, 30.38258980002303], [-95.63267955556232, 30.39300391572191], [-95.63831222722177, 30.40569041396352], [-95.65357981878422, 30.407962893117425], [-95.66321215831842, 30.397547531122008], [-95.65757630854671, 30.384860936454473], [-95.64231129673297, 30.38258980002303]]]}}, {"type": "Feature", "properties": {"h3_index": "87446d42bffffff", "total_count": 1, "source": "inaturalist"}, "geometry": {"type": "Polygon", "coordinates": [[[-95.66321215831842, 30.397547531122008], [-95.65357981878422, 30.407962893117425], [-95.65921621431426, 30.420648937309224], [-95.67448812757931, 30.422919714565634], [-95.68412106265883, 30.412503106771343], [-95.67848148954914, 30.39981696770468], [-95.66321215831842, 30.397547531122008]]]}}, {"type": "Feature", "properties": {"h3_index": "87446d42cffffff", "total_count": 4, "source": "inaturalist"}, "geometry": {"type": "Polygon", "coordinates": [[[-95.6711995801267, 30.35133740372497], [-95.66157130935079, 30.361756542785134], [-95.6672066133248, 30.374443684105366], [-95.68247336323668, 30.376711779832597], [-95.6921022279503, 30.366291393018123], [-95.68646374943503, 30.353604158415905], [-95.6711995801267, 30.35133740372497]]]}}, {"type": "Feature", "properties": {"h3_index": "87446d42dffffff", "total_count": 32, "source": "inaturalist"}, "geometry": {"type": "Polygon", "coordinates": [[[-95.6921022279503, 30.366291393018123], [-95.68247336323668, 30.376711779832597], [-95.68811238906838, 30.389398468579206], [-95.70338345423954, 30.391664862428566], [-95.71301291007111, 30.381243228360223], [-95.70737071023537, 30.368556447881495], [-95.6921022279503, 30.366291393018123]]]}}, {"type": "Feature", "properties": {"h3_index": "87446d431ffffff", "total_count": 11, "source": "inaturalist"}, "geometry": {"type": "Polygon", "coordinates": [[[-95.5796569776574, 30.337703760582464], [-95.57002704844801, 30.348114134412818], [-95.57564855421354, 30.360801967349023], [-95.59090316949224, 30.363079527715062], [-95.60053370549662, 30.352667906099438], [-95.59490902004418, 30.339979972088596], [-95.5796569776574, 30.337703760582464]]]}}, {"type": "Feature", "properties": {"h3_index": "87446d432ffffff", "total_count": 6, "source": "inaturalist"}, "geometry": {"type": "Polygon", "coordinates": [[[-95.53391302140969, 30.33086569233642], [-95.52428228353797, 30.34127168100251], [-95.52989688701804, 30.353959844718837], [-95.5451454112205, 30.356242124925135], [-95.55477676230066, 30.345834888468037], [-95.54915897658486, 30.33314661978137], [-95.53391302140969, 30.33086569233642]]]}}, {"type": "Feature", "properties": {"h3_index": "87446d433ffffff", "total_count": 1, "source": "inaturalist"}, "geometry": {"type": "Polygon", "coordinates": [[[-95.55477676230066, 30.345834888468037], [-95.5451454112205, 30.356242124925135], [-95.55076373526327, 30.368929854439344], [-95.56601659272498, 30.371210451104062], [-95.57564855421354, 30.360801967349023], [-95.57002704844801, 30.348114134412818], [-95.55477676230066, 30.345834888468037]]]}}, {"type": "Feature", "properties": {"h3_index": "87446d434ffffff", "total_count": 2, "source": "inaturalist"}, "geometry": {"type": "Polygon", "coordinates": [[[-95.56279833774462, 30.29963767919454], [-95.55317104885104, 30.310048690195767], [-95.55878829619648, 30.322737494231106], [-95.57403601173748, 30.325015389273048], [-95.58366390941895, 30.314603129009168], [-95.57804348338713, 30.301914223151655], [-95.56279833774462, 30.29963767919454]]]}}, {"type": "Feature", "properties": {"h3_index": "87446d435ffffff", "total_count": 4, "source": "inaturalist"}, "geometry": {"type": "Polygon", "coordinates": [[[-95.58366390941895, 30.314603129009168], [-95.57403601173748, 30.325015389273048], [-95.5796569776574, 30.337703760582464], [-95.59490902004418, 30.339979972088596], [-95.60453752371188, 30.329566463057883], [-95.59891337962321, 30.316877991473437], [-95.58366390941895, 30.314603129009168]]]}}, {"type": "Feature", "properties": {"h3_index": "87446d436ffffff", "total_count": 3, "source": "inaturalist"}, "geometry": {"type": "Polygon", "coordinates": [[[-95.53792766199666, 30.307769115695113], [-95.52829895478169, 30.318176992471223], [-95.53391302140969, 30.33086569233642], [-95.54915897658486, 30.33314661978137], [-95.55878829619648, 30.322737494231106], [-95.55317104885104, 30.310048690195767], [-95.53792766199666, 30.307769115695113]]]}}, {"type": "Feature", "properties": {"h3_index": "87446d440ffffff", "total_count": 24, "source": "inaturalist"}, "geometry": {"type": "Polygon", "coordinates": [[[-95.74291261857574, 30.48046133883786], [-95.73327587508487, 30.490879783139903], [-95.73892772720778, 30.503563398939992], [-95.75421950037995, 30.505828660076965], [-95.76385682890499, 30.495408972946915], [-95.75820179984935, 30.48272526769261], [-95.74291261857574, 30.48046133883786]]]}}, {"type": "Feature", "properties": {"h3_index": "87446d441ffffff", "total_count": 33, "source": "inaturalist"}, "geometry": {"type": "Polygon", "coordinates": [[[-95.76385682890499, 30.495408972946915], [-95.75421950037995, 30.505828660076965], [-95.75987508257502, 30.5185117958996], [-95.77517117030304, 30.52077533267544], [-95.78480908102358, 30.510354403217654], [-95.77915032244734, 30.497671179496372], [-95.76385682890499, 30.495408972946915]]]}}, {"type": "Feature", "properties": {"h3_index": "87446d442ffffff", "total_count": 32, "source": "inaturalist"}, "geometry": {"type": "Polygon", "coordinates": [[[-95.71798841836853, 30.488612801725573], [-95.708350224068, 30.499028102142717], [-95.71399889718776, 30.511711626143466], [-95.72928894423599, 30.513979941711238], [-95.73892772720778, 30.503563398939992], [-95.73327587508487, 30.490879783139903], [-95.71798841836853, 30.488612801725573]]]}}, {"type": "Feature", "properties": {"h3_index": "87446d443ffffff", "total_count": 15, "source": "inaturalist"}, "geometry": {"type": "Polygon", "coordinates": [[[-95.73892772720778, 30.503563398939992], [-95.72928894423599, 30.513979941711238], [-95.73494134797527, 30.52666298729032], [-95.75023571376799, 30.528929580526416], [-95.75987508257502, 30.5185117958996], [-95.75421950037995, 30.505828660076965], [-95.73892772720778, 30.503563398939992]]]}}, {"type": "Feature", "properties": {"h3_index": "87446d446ffffff", "total_count": 12, "source": "inaturalist"}, "geometry": {"type": "Polygon", "coordinates": [[[-95.72197645100094, 30.46551150955613], [-95.71234029537906, 30.475928710530642], [-95.71798841836853, 30.488612801725573], [-95.73327587508487, 30.490879783139903], [-95.74291261857574, 30.48046133883786], [-95.73726131810584, 30.467777156633858], [-95.72197645100094, 30.46551150955613]]]}}, {"type": "Feature", "properties": {"h3_index": "87446d448ffffff", "total_count": 45, "source": "inaturalist"}, "geometry": {"type": "Polygon", "coordinates": [[[-95.78083048350629, 30.533457983936895], [-95.77119053170387, 30.54387700992007], [-95.77685039949907, 30.556559084905736], [-95.79215339707419, 30.558822221222563], [-95.80179392902826, 30.54840195438299], [-95.79613088388359, 30.53571979226751], [-95.78083048350629, 30.533457983936895]]]}}, {"type": "Feature", "properties": {"h3_index": "87446d449ffffff", "total_count": 21, "source": "inaturalist"}, "geometry": {"type": "Polygon", "coordinates": [[[-95.80179392902826, 30.54840195438299], [-95.79215339707419, 30.558822221222563], [-95.79781699830032, 30.571503804034283], [-95.81312430890011, 30.573765205762793], [-95.82276541815827, 30.563343698567508], [-95.81709864014164, 30.55066203018385], [-95.80179392902826, 30.54840195438299]]]}}, {"type": "Feature", "properties": {"h3_index": "87446d44cffffff", "total_count": 17, "source": "inaturalist"}, "geometry": {"type": "Polygon", "coordinates": [[[-95.78480908102358, 30.510354403217654], [-95.77517117030304, 30.52077533267544], [-95.78083048350629, 30.533457983936895], [-95.79613088388359, 30.53571979226751], [-95.80576937395705, 30.525297620982965], [-95.8001068849281, 30.512614883379104], [-95.78480908102358, 30.510354403217654]]]}}, {"type": "Feature", "properties": {"h3_index": "87446d44effffff", "total_count": 9, "source": "inaturalist"}, "geometry": {"type": "Polygon", "coordinates": [[[-95.75987508257502, 30.5185117958996], [-95.75023571376799, 30.528929580526416], [-95.75589184906664, 30.541612143100842], [-95.77119053170387, 30.54387700992007], [-95.78083048350629, 30.533457983936895], [-95.77517117030304, 30.52077533267544], [-95.75987508257502, 30.5185117958996]]]}}, {"type": "Feature", "properties": {"h3_index": "87446d450ffffff", "total_count": 11, "source": "inaturalist"}, "geometry": {"type": "Polygon", "coordinates": [[[-95.672138150329, 30.481802322510593], [-95.66249910403693, 30.492213234485526], [-95.6681408658708, 30.504897136626386], [-95.68342485622863, 30.507170222676958], [-95.69306449765762, 30.496758068328113], [-95.68741955421473, 30.484074070487594], [-95.672138150329, 30.481802322510593]]]}}, {"type": "Feature", "properties": {"h3_index": "87446d451ffffff", "total_count": 5, "source": "inaturalist"}, "geometry": {"type": "Polygon", "coordinates": [[[-95.69306449765762, 30.496758068328113], [-95.68342485622863, 30.507170222676958], [-95.68907034827858, 30.5198536525334], [-95.70435866345127, 30.522125022370204], [-95.71399889718776, 30.511711626143466], [-95.708350224068, 30.499028102142717], [-95.69306449765762, 30.496758068328113]]]}}, {"type": "Feature", "properties": {"h3_index": "87446d453ffffff", "total_count": 7, "source": "inaturalist"}, "geometry": {"type": "Polygon", "coordinates": [[[-95.6681408658708, 30.504897136626386], [-95.65849978099611, 30.515306142728683], [-95.66414208991321, 30.527989476095943], [-95.67942866746091, 30.53026390003505], [-95.68907034827858, 30.5198536525334], [-95.68342485622863, 30.507170222676958], [-95.6681408658708, 30.504897136626386]]]}}, {"type": "Feature", "properties": {"h3_index": "87446d454ffffff", "total_count": 31, "source": "inaturalist"}, "geometry": {"type": "Polygon", "coordinates": [[[-95.67613394408323, 30.458705041194808], [-95.66649693561766, 30.46911785541111], [-95.672138150329, 30.481802322510593], [-95.68741955421473, 30.484074070487594], [-95.69705715701191, 30.473660012922345], [-95.69141276221443, 30.46097545091406], [-95.67613394408323, 30.458705041194808]]]}}, {"type": "Feature", "properties": {"h3_index": "87446d455ffffff", "total_count": 45, "source": "inaturalist"}, "geometry": {"type": "Polygon", "coordinates": [[[-95.69705715701191, 30.473660012922345], [-95.68741955421473, 30.484074070487594], [-95.69306449765762, 30.496758068328113], [-95.708350224068, 30.499028102142717], [-95.71798841836853, 30.488612801725573], [-95.71234029537906, 30.475928710530642], [-95.69705715701191, 30.473660012922345]]]}}, {"type": "Feature", "properties": {"h3_index": "87446d456ffffff", "total_count": 16, "source": "inaturalist"}, "geometry": {"type": "Polygon", "coordinates": [[[-95.65121985613676, 30.466844397355743], [-95.64158140780712, 30.477254066461448], [-95.64721944037414, 30.489938436306655], [-95.66249910403693, 30.492213234485526], [-95.672138150329, 30.481802322510593], [-95.66649693561766, 30.46911785541111], [-95.65121985613676, 30.466844397355743]]]}}, {"type": "Feature", "properties": {"h3_index": "87446d459ffffff", "total_count": 2, "source": "inaturalist"}, "geometry": {"type": "Polygon", "coordinates": [[[-95.73095348008339, 30.549760096441084], [-95.72131061587532, 30.560172825255737], [-95.72696412273675, 30.572854718949177], [-95.74226367593732, 30.575123975830806], [-95.75190712758506, 30.56471000710395], [-95.74625043921884, 30.552028021592346], [-95.73095348008339, 30.549760096441084]]]}}, {"type": "Feature", "properties": {"h3_index": "87446d45bffffff", "total_count": 9, "source": "inaturalist"}, "geometry": {"type": "Polygon", "coordinates": [[[-95.70601538600118, 30.55790184193406], [-95.69637107111951, 30.56831141889178], [-95.70202139440404, 30.58099321842308], [-95.71731921677258, 30.583265535343543], [-95.72696412273675, 30.572854718949177], [-95.72131061587532, 30.560172825255737], [-95.70601538600118, 30.55790184193406]]]}}, {"type": "Feature", "properties": {"h3_index": "87446d45cffffff", "total_count": 1, "source": "inaturalist"}, "geometry": {"type": "Polygon", "coordinates": [[[-95.71399889718776, 30.511711626143466], [-95.70435866345127, 30.522125022370204], [-95.71000788666377, 30.53480797536102], [-95.72530052476455, 30.537077624898174], [-95.73494134797527, 30.52666298729032], [-95.72928894423599, 30.513979941711238], [-95.71399889718776, 30.511711626143466]]]}}, {"type": "Feature", "properties": {"h3_index": "87446d45dffffff", "total_count": 5, "source": "inaturalist"}, "geometry": {"type": "Polygon", "coordinates": [[[-95.73494134797527, 30.52666298729032], [-95.72530052476455, 30.537077624898174], [-95.73095348008339, 30.549760096441084], [-95.74625043921884, 30.552028021592346], [-95.75589184906664, 30.541612143100842], [-95.75023571376799, 30.528929580526416], [-95.73494134797527, 30.52666298729032]]]}}, {"type": "Feature", "properties": {"h3_index": "87446d461ffffff", "total_count": 4, "source": "inaturalist"}, "geometry": {"type": "Polygon", "coordinates": [[[-95.79673596257567, 30.441028857083417], [-95.78710417054712, 30.451455475148144], [-95.7927618197648, 30.464139832333693], [-95.80805443289819, 30.46639765561134], [-95.81768680188796, 30.45596979280592], [-95.81202598141029, 30.443285351648118], [-95.79673596257567, 30.441028857083417]]]}}, {"type": "Feature", "properties": {"h3_index": "87446d462ffffff", "total_count": 2, "source": "inaturalist"}, "geometry": {"type": "Polygon", "coordinates": [[[-95.75087794089477, 30.434249833192276], [-95.74124527409305, 30.444672069647332], [-95.7468960228735, 30.457356814436285], [-95.76218261297032, 30.45961941082656], [-95.77181586320634, 30.44919592959721], [-95.76616194053643, 30.436511096936645], [-95.75087794089477, 30.434249833192276]]]}}, {"type": "Feature", "properties": {"h3_index": "87446d463ffffff", "total_count": 1, "source": "inaturalist"}, "geometry": {"type": "Polygon", "coordinates": [[[-95.77181586320634, 30.44919592959721], [-95.76218261297032, 30.45961941082656], [-95.76783708885085, 30.472303681694136], [-95.78312798893084, 30.474564557835006], [-95.7927618197648, 30.464139832333693], [-95.78710417054712, 30.451455475148144], [-95.77181586320634, 30.44919592959721]]]}}, {"type": "Feature", "properties": {"h3_index": "87446d464ffffff", "total_count": 2, "source": "inaturalist"}, "geometry": {"type": "Polygon", "coordinates": [[[-95.77976895831854, 30.402973072717757], [-95.77013978334075, 30.413400333485306], [-95.77579315276468, 30.4260857241167], [-95.7910788680892, 30.428343938897214], [-95.80070862207042, 30.417915431911556], [-95.79505208234954, 30.4052299565482], [-95.77976895831854, 30.402973072717757]]]}}, {"type": "Feature", "properties": {"h3_index": "87446d466ffffff", "total_count": 2, "source": "inaturalist"}, "geometry": {"type": "Polygon", "coordinates": [[[-95.75485837343282, 30.4111404025674], [-95.74522774384009, 30.42156452963921], [-95.75087794089477, 30.434249833192276], [-95.76616194053643, 30.436511096936645], [-95.77579315276468, 30.4260857241167], [-95.77013978334075, 30.413400333485306], [-95.75485837343282, 30.4111404025674]]]}}, {"type": "Feature", "properties": {"h3_index": "87446d468ffffff", "total_count": 14, "source": "inaturalist"}, "geometry": {"type": "Polygon", "coordinates": [[[-95.81371580959346, 30.479081532738263], [-95.80408140100178, 30.48950750200846], [-95.80974333388087, 30.502190811283445], [-95.82504284820097, 30.504448234681295], [-95.83467783170629, 30.494021022146], [-95.82901272660632, 30.48133762966242], [-95.81371580959346, 30.479081532738263]]]}}, {"type": "Feature", "properties": {"h3_index": "87446d469ffffff", "total_count": 2, "source": "inaturalist"}, "geometry": {"type": "Polygon", "coordinates": [[[-95.83467783170629, 30.494021022146], [-95.82504284820097, 30.504448234681295], [-95.83070851097307, 30.517131056282867], [-95.84601232953688, 30.519386747186402], [-95.85564788510789, 30.508958291890533], [-95.84997905067891, 30.496275388636082], [-95.83467783170629, 30.494021022146]]]}}, {"type": "Feature", "properties": {"h3_index": "87446d46affffff", "total_count": 1, "source": "inaturalist"}, "geometry": {"type": "Polygon", "coordinates": [[[-95.78878619284518, 30.48724835019829], [-95.77915032244734, 30.497671179496372], [-95.78480908102358, 30.510354403217654], [-95.8001068849281, 30.512614883379104], [-95.80974333388087, 30.502190811283445], [-95.80408140100178, 30.48950750200846], [-95.78878619284518, 30.48724835019829]]]}}, {"type": "Feature", "properties": {"h3_index": "87446d46cffffff", "total_count": 4, "source": "inaturalist"}, "geometry": {"type": "Polygon", "coordinates": [[[-95.81768680188796, 30.45596979280592], [-95.80805443289819, 30.46639765561134], [-95.81371580959346, 30.479081532738263], [-95.82901272660632, 30.48133762966242], [-95.83864566971445, 30.470908522621126], [-95.83298112231961, 30.458224563076037], [-95.81768680188796, 30.45596979280592]]]}}, {"type": "Feature", "properties": {"h3_index": "87446d46effffff", "total_count": 2, "source": "inaturalist"}, "geometry": {"type": "Polygon", "coordinates": [[[-95.7927618197648, 30.464139832333693], [-95.78312798893084, 30.474564557835006], [-95.78878619284518, 30.48724835019829], [-95.80408140100178, 30.48950750200846], [-95.81371580959346, 30.479081532738263], [-95.80805443289819, 30.46639765561134], [-95.7927618197648, 30.464139832333693]]]}}, {"type": "Feature", "properties": {"h3_index": "87446d471ffffff", "total_count": 3, "source": "inaturalist"}, "geometry": {"type": "Polygon", "coordinates": [[[-95.72596299587931, 30.442407757088553], [-95.71632887817921, 30.452826854984643], [-95.72197645100094, 30.46551150955613], [-95.73726131810584, 30.467777156633858], [-95.7468960228735, 30.457356814436285], [-95.74124527409305, 30.444672069647332], [-95.72596299587931, 30.442407757088553]]]}}, {"type": "Feature", "properties": {"h3_index": "87446d472ffffff", "total_count": 11, "source": "inaturalist"}, "geometry": {"type": "Polygon", "coordinates": [[[-95.68012824792841, 30.43560530012991], [-95.67049327653355, 30.44602001295356], [-95.67613394408323, 30.458705041194808], [-95.69141276221443, 30.46097545091406], [-95.70104832713635, 30.450559493765923], [-95.69540448102244, 30.43787437140805], [-95.68012824792841, 30.43560530012991]]]}}, {"type": "Feature", "properties": {"h3_index": "87446d473ffffff", "total_count": 11, "source": "inaturalist"}, "geometry": {"type": "Polygon", "coordinates": [[[-95.70104832713635, 30.450559493765923], [-95.69141276221443, 30.46097545091406], [-95.69705715701191, 30.473660012922345], [-95.71234029537906, 30.475928710530642], [-95.72197645100094, 30.46551150955613], [-95.71632887817921, 30.452826854984643], [-95.70104832713635, 30.450559493765923]]]}}, {"type": "Feature", "properties": {"h3_index": "87446d480ffffff", "total_count": 33, "source": "inaturalist"}, "geometry": {"type": "Polygon", "coordinates": [[[-95.42230743232038, 30.432552849605344], [-95.41266496248019, 30.442940551200792], [-95.41826840880594, 30.455626630629492], [-95.43351752047634, 30.45792512539599], [-95.44316062042174, 30.447536180942027], [-95.4375539792036, 30.434849984766004], [-95.42230743232038, 30.432552849605344]]]}}, {"type": "Feature", "properties": {"h3_index": "87446d485ffffff", "total_count": 1, "source": "inaturalist"}, "geometry": {"type": "Polygon", "coordinates": [[[-95.44719504569238, 30.424459129724966], [-95.4375539792036, 30.434849984766004], [-95.44316062042174, 30.447536180942027], [-95.45841152161547, 30.44983163666435], [-95.46805321459652, 30.43943953826492], [-95.46244338050451, 30.426753227687414], [-95.44719504569238, 30.424459129724966]]]}}, {"type": "Feature", "properties": {"h3_index": "87446d489ffffff", "total_count": 2, "source": "inaturalist"}, "geometry": {"type": "Polygon", "coordinates": [[[-95.48086151670931, 30.500572664045738], [-95.47121512908632, 30.510962176593388], [-95.4768302943577, 30.523646367462828], [-95.49209504278946, 30.525941158849683], [-95.5017420529478, 30.51555040587532], [-95.49612369275455, 30.50286610212643], [-95.48086151670931, 30.500572664045738]]]}}, {"type": "Feature", "properties": {"h3_index": "87446d494ffffff", "total_count": 1, "source": "inaturalist"}, "geometry": {"type": "Polygon", "coordinates": [[[-95.35574806955981, 30.410661567167004], [-95.34610547584016, 30.421043627026272], [-95.35169827325235, 30.43373044467828], [-95.36693686287, 30.436035324852362], [-95.37658009587447, 30.42565202167613], [-95.37098410058553, 30.412965081828947], [-95.35574806955981, 30.410661567167004]]]}}, {"type": "Feature", "properties": {"h3_index": "87446d495ffffff", "total_count": 3, "source": "inaturalist"}, "geometry": {"type": "Polygon", "coordinates": [[[-95.37658009587447, 30.42565202167613], [-95.36693686287, 30.436035324852362], [-95.37253338578986, 30.448721716129974], [-95.38777633971822, 30.451024925061898], [-95.39742020922566, 30.44064037904866], [-95.39182048891193, 30.42795386712657], [-95.37658009587447, 30.42565202167613]]]}}, {"type": "Feature", "properties": {"h3_index": "87446d498ffffff", "total_count": 1, "source": "inaturalist"}, "geometry": {"type": "Polygon", "coordinates": [[[-95.38933146479332, 30.486778920488117], [-95.37968352791628, 30.497159631159867], [-95.38528483539584, 30.509844476893996], [-95.40053728032157, 30.512148732820084], [-95.41018585256516, 30.501766781759734], [-95.40458134512808, 30.489081815347863], [-95.38933146479332, 30.486778920488117]]]}}, {"type": "Feature", "properties": {"h3_index": "87446d49bffffff", "total_count": 4, "source": "inaturalist"}, "geometry": {"type": "Polygon", "coordinates": [[[-95.38528483539584, 30.509844476893996], [-95.37563486370951, 30.520223264471017], [-95.38123670014471, 30.532907547193673], [-95.3964917103622, 30.535213163993337], [-95.40614231824091, 30.524833137010845], [-95.40053728032157, 30.512148732820084], [-95.38528483539584, 30.509844476893996]]]}}, {"type": "Feature", "properties": {"h3_index": "87446d4a0ffffff", "total_count": 2, "source": "inaturalist"}, "geometry": {"type": "Polygon", "coordinates": [[[-95.4552593953665, 30.378297663855808], [-95.44562239354158, 30.38869232919303], [-95.45122797040825, 30.401379621548703], [-95.4664737395418, 30.403672361562943], [-95.47611136622031, 30.39327645089996], [-95.47050259952422, 30.380589045734393], [-95.4552593953665, 30.378297663855808]]]}}, {"type": "Feature", "properties": {"h3_index": "87446d4a3ffffff", "total_count": 5, "source": "inaturalist"}, "geometry": {"type": "Polygon", "coordinates": [[[-95.45122797040825, 30.401379621548703], [-95.4415889366262, 30.411772383551735], [-95.44719504569238, 30.424459129724966], [-95.46244338050451, 30.426753227687414], [-95.47208303995912, 30.416359221342542], [-95.4664737395418, 30.403672361562943], [-95.45122797040825, 30.401379621548703]]]}}, {"type": "Feature", "properties": {"h3_index": "87446d4a5ffffff", "total_count": 9, "source": "inaturalist"}, "geometry": {"type": "Polygon", "coordinates": [[[-95.48013819417659, 30.370191234383366], [-95.47050259952422, 30.380589045734393], [-95.47611136622031, 30.39327645089996], [-95.49135891599042, 30.395566155363497], [-95.50099513188634, 30.385167098190248], [-95.49538317738201, 30.372479582561514], [-95.48013819417659, 30.370191234383366]]]}}, {"type": "Feature", "properties": {"h3_index": "87446d4a8ffffff", "total_count": 1, "source": "inaturalist"}, "geometry": {"type": "Polygon", "coordinates": [[[-95.49294618194182, 30.431336704537937], [-95.4833058996087, 30.441731954738817], [-95.4889194597035, 30.454417825149626], [-95.50417649309473, 30.456708556049097], [-95.51381739550845, 30.44631206247875], [-95.50820064506523, 30.433626081564093], [-95.49294618194182, 30.431336704537937]]]}}, {"type": "Feature", "properties": {"h3_index": "87446d4acffffff", "total_count": 3, "source": "inaturalist"}, "geometry": {"type": "Polygon", "coordinates": [[[-95.49697140573726, 30.408253126403093], [-95.4873331569981, 30.41865028190495], [-95.49294618194182, 30.431336704537937], [-95.50820064506523, 30.433626081564093], [-95.51783951306824, 30.42322768171091], [-95.51222329929871, 30.410541149368612], [-95.49697140573726, 30.408253126403093]]]}}, {"type": "Feature", "properties": {"h3_index": "87446d4b2ffffff", "total_count": 73, "source": "inaturalist"}, "geometry": {"type": "Polygon", "coordinates": [[[-95.35979636111477, 30.387590233833386], [-95.35015579830576, 30.397974203961756], [-95.35574806955981, 30.410661567167004], [-95.37098410058553, 30.412965081828947], [-95.38062530185364, 30.40257986739698], [-95.3750298342458, 30.38989238279287], [-95.35979636111477, 30.387590233833386]]]}}, {"type": "Feature", "properties": {"h3_index": "87446d4b4ffffff", "total_count": 1, "source": "inaturalist"}, "geometry": {"type": "Polygon", "coordinates": [[[-95.38871120468765, 30.356428209112902], [-95.37907406464873, 30.366817235182374], [-95.38466900452549, 30.379505260728916], [-95.39990427787728, 30.381804378646574], [-95.40954205194762, 30.371414106781938], [-95.4039439192443, 30.358725962980966], [-95.38871120468765, 30.356428209112902]]]}}, {"type": "Feature", "properties": {"h3_index": "87446d4b5ffffff", "total_count": 9, "source": "inaturalist"}, "geometry": {"type": "Polygon", "coordinates": [[[-95.40954205194762, 30.371414106781938], [-95.39990427787728, 30.381804378646574], [-95.40550293983318, 30.394491982303133], [-95.42074256880859, 30.396789430986953], [-95.43038097412793, 30.386397913810903], [-95.42477911983346, 30.373710193448506], [-95.40954205194762, 30.371414106781938]]]}}, {"type": "Feature", "properties": {"h3_index": "87446d4b6ffffff", "total_count": 2, "source": "inaturalist"}, "geometry": {"type": "Polygon", "coordinates": [[[-95.36384314871536, 30.36451645211478], [-95.35420461606978, 30.374902328888055], [-95.35979636111477, 30.387590233833386], [-95.3750298342458, 30.38989238279287], [-95.38466900452549, 30.379505260728916], [-95.37907406464873, 30.366817235182374], [-95.36384314871536, 30.36451645211478]]]}}, {"type": "Feature", "properties": {"h3_index": "87446d4c0ffffff", "total_count": 7, "source": "inaturalist"}, "geometry": {"type": "Polygon", "coordinates": [[[-95.56844941649686, 30.53739138674861], [-95.55880259469684, 30.54778777818438], [-95.5644321505262, 30.560470702148994], [-95.57971172012319, 30.562757340730347], [-95.58935915239991, 30.55235970983235], [-95.58372640522256, 30.539676680000472], [-95.56844941649686, 30.53739138674861]]]}}, {"type": "Feature", "properties": {"h3_index": "87446d4c1ffffff", "total_count": 7, "source": "inaturalist"}, "geometry": {"type": "Polygon", "coordinates": [[[-95.58935915239991, 30.55235970983235], [-95.57971172012319, 30.562757340730347], [-95.58534500976656, 30.57543979561321], [-95.60062892313356, 30.577724724093272], [-95.61027696306735, 30.567325854221057], [-95.60464048259779, 30.55464329502817], [-95.58935915239991, 30.55235970983235]]]}}, {"type": "Feature", "properties": {"h3_index": "87446d4c2ffffff", "total_count": 9, "source": "inaturalist"}, "geometry": {"type": "Polygon", "coordinates": [[[-95.54352737072364, 30.545499433592735], [-95.53387912391409, 30.555892665967413], [-95.53950548635095, 30.568575481720575], [-95.5547832896086, 30.57086517349584], [-95.5644321505262, 30.560470702148994], [-95.55880259469684, 30.54778777818438], [-95.54352737072364, 30.545499433592735]]]}}, {"type": "Feature", "properties": {"h3_index": "87446d4c3ffffff", "total_count": 4, "source": "inaturalist"}, "geometry": {"type": "Polygon", "coordinates": [[[-95.5644321505262, 30.560470702148994], [-95.5547832896086, 30.57086517349584], [-95.56041338637694, 30.583547521724743], [-95.57569553755775, 30.585835505446003], [-95.58534500976656, 30.57543979561321], [-95.57971172012319, 30.562757340730347], [-95.5644321505262, 30.560470702148994]]]}}, {"type": "Feature", "properties": {"h3_index": "87446d4c4ffffff", "total_count": 3, "source": "inaturalist"}, "geometry": {"type": "Polygon", "coordinates": [[[-95.57246518508704, 30.514309582950826], [-95.56282040164976, 30.524707890856053], [-95.56844941649686, 30.53739138674861], [-95.58372640522256, 30.539676680000472], [-95.59337179832285, 30.52927713165625], [-95.58773959365384, 30.516593530684453], [-95.57246518508704, 30.514309582950826]]]}}, {"type": "Feature", "properties": {"h3_index": "87446d4c5ffffff", "total_count": 8, "source": "inaturalist"}, "geometry": {"type": "Polygon", "coordinates": [[[-95.59337179832285, 30.52927713165625], [-95.58372640522256, 30.539676680000472], [-95.58935915239991, 30.55235970983235], [-95.60464048259779, 30.55464329502817], [-95.61428648254258, 30.544242506733994], [-95.60865054606548, 30.531559373379153], [-95.59337179832285, 30.52927713165625]]]}}, {"type": "Feature", "properties": {"h3_index": "87446d4c6ffffff", "total_count": 4, "source": "inaturalist"}, "geometry": {"type": "Polygon", "coordinates": [[[-95.54754775625, 30.522420893637705], [-95.53790154774242, 30.53281604512398], [-95.54352737072364, 30.545499433592735], [-95.55880259469684, 30.54778777818438], [-95.56844941649686, 30.53739138674861], [-95.56282040164976, 30.524707890856053], [-95.54754775625, 30.522420893637705]]]}}, {"type": "Feature", "properties": {"h3_index": "87446d4c8ffffff", "total_count": 1, "source": "inaturalist"}, "geometry": {"type": "Polygon", "coordinates": [[[-95.60626594755406, 30.590406705315704], [-95.59661586687486, 30.600803653147462], [-95.60225343520459, 30.61348505259281], [-95.61754427666389, 30.615769607928286], [-95.62719496298887, 30.605371422585208], [-95.62155420283075, 30.592689919603032], [-95.60626594755406, 30.590406705315704]]]}}, {"type": "Feature", "properties": {"h3_index": "87446d4cbffffff", "total_count": 2, "source": "inaturalist"}, "geometry": {"type": "Polygon", "coordinates": [[[-95.60225343520459, 30.61348505259281], [-95.59260131302318, 30.623880074768373], [-95.59823942522021, 30.636560888631966], [-95.61353285357798, 30.638846784825283], [-95.62318558221807, 30.628450526112122], [-95.61754427666389, 30.615769607928286], [-95.60225343520459, 30.61348505259281]]]}}, {"type": "Feature", "properties": {"h3_index": "87446d4ccffffff", "total_count": 3, "source": "inaturalist"}, "geometry": {"type": "Polygon", "coordinates": [[[-95.61027696306735, 30.567325854221057], [-95.60062892313356, 30.577724724093272], [-95.60626594755406, 30.590406705315704], [-95.62155420283075, 30.592689919603032], [-95.63120284759815, 30.58228981124529], [-95.62556263287703, 30.569607727270824], [-95.61027696306735, 30.567325854221057]]]}}, {"type": "Feature", "properties": {"h3_index": "87446d4cdffffff", "total_count": 2, "source": "inaturalist"}, "geometry": {"type": "Polygon", "coordinates": [[[-95.63120284759815, 30.58228981124529], [-95.62155420283075, 30.592689919603032], [-95.62719496298887, 30.605371422585208], [-95.64248755830828, 30.607652918587977], [-95.65213680508182, 30.597251572234125], [-95.64649285515264, 30.584569968058602], [-95.63120284759815, 30.58228981124529]]]}}, {"type": "Feature", "properties": {"h3_index": "87446d4d1ffffff", "total_count": 4, "source": "inaturalist"}, "geometry": {"type": "Polygon", "coordinates": [[[-95.51860567042672, 30.553601270230164], [-95.50895600229931, 30.563991341396196], [-95.51457916930282, 30.57667404659389], [-95.52985520048495, 30.57896679136644], [-95.53950548635095, 30.568575481720575], [-95.53387912391409, 30.555892665967413], [-95.51860567042672, 30.553601270230164]]]}}, {"type": "Feature", "properties": {"h3_index": "87446d4d4ffffff", "total_count": 3, "source": "inaturalist"}, "geometry": {"type": "Polygon", "coordinates": [[[-95.5017420529478, 30.51555040587532], [-95.49209504278946, 30.525941158849683], [-95.49771393947513, 30.53862489592197], [-95.51298304135167, 30.540917991529597], [-95.52263067124017, 30.530525998612646], [-95.51700858013855, 30.517842150216175], [-95.5017420529478, 30.51555040587532]]]}}, {"type": "Feature", "properties": {"h3_index": "87446d4d8ffffff", "total_count": 18, "source": "inaturalist"}, "geometry": {"type": "Polygon", "coordinates": [[[-95.53548210233322, 30.59164903059759], [-95.52582977665598, 30.602038413900196], [-95.53145721787125, 30.61472007280484], [-95.54674018183155, 30.6170124583749], [-95.55639312325042, 30.60662183805331], [-95.55076248558652, 30.593940069365946], [-95.53548210233322, 30.59164903059759]]]}}, {"type": "Feature", "properties": {"h3_index": "87446d4d9ffffff", "total_count": 4, "source": "inaturalist"}, "geometry": {"type": "Polygon", "coordinates": [[[-95.55639312325042, 30.60662183805331], [-95.54674018183155, 30.6170124583749], [-95.55237136034737, 30.6296936437168], [-95.56765867683418, 30.631984317145637], [-95.57731223117548, 30.621592460289225], [-95.57167785672775, 30.608911166724013], [-95.55639312325042, 30.60662183805331]]]}}, {"type": "Feature", "properties": {"h3_index": "87446d4daffffff", "total_count": 105, "source": "inaturalist"}, "geometry": {"type": "Polygon", "coordinates": [[[-95.51055116706927, 30.599744320283815], [-95.5008974202015, 30.610130537105928], [-95.50652166292625, 30.6228120838846], [-95.52180285162756, 30.625107526152494], [-95.53145721787125, 30.61472007280484], [-95.52582977665598, 30.602038413900196], [-95.51055116706927, 30.599744320283815]]]}}, {"type": "Feature", "properties": {"h3_index": "87446d4dbffffff", "total_count": 253, "source": "inaturalist"}, "geometry": {"type": "Polygon", "coordinates": [[[-95.53145721787125, 30.61472007280484], [-95.52180285162756, 30.625107526152494], [-95.5274308321653, 30.637788600928058], [-95.54271637754415, 30.640082333107586], [-95.55237136034737, 30.6296936437168], [-95.54674018183155, 30.6170124583749], [-95.53145721787125, 30.61472007280484]]]}}, {"type": "Feature", "properties": {"h3_index": "87446d4deffffff", "total_count": 1, "source": "inaturalist"}, "geometry": {"type": "Polygon", "coordinates": [[[-95.51457916930282, 30.57667404659389], [-95.50492746218245, 30.587062192394047], [-95.51055116706927, 30.599744320283815], [-95.52582977665598, 30.602038413900196], [-95.53548210233322, 30.59164903059759], [-95.52985520048495, 30.57896679136644], [-95.51457916930282, 30.57667404659389]]]}}, {"type": "Feature", "properties": {"h3_index": "87446d4e1ffffff", "total_count": 6, "source": "inaturalist"}, "geometry": {"type": "Polygon", "coordinates": [[[-95.62230103656862, 30.49806835230639], [-95.61265911433406, 30.50847296657792], [-95.6182945067773, 30.5211566702843], [-95.63357500779908, 30.52343586029399], [-95.64321753243522, 30.51303000461141], [-95.63757895426912, 30.500346200515313], [-95.62230103656862, 30.49806835230639]]]}}, {"type": "Feature", "properties": {"h3_index": "87446d4e3ffffff", "total_count": 11, "source": "inaturalist"}, "geometry": {"type": "Polygon", "coordinates": [[[-95.59738294833295, 30.506192068515766], [-95.58773959365384, 30.516593530684453], [-95.59337179832285, 30.52927713165625], [-95.60865054606548, 30.531559373379153], [-95.6182945067773, 30.5211566702843], [-95.61265911433406, 30.50847296657792], [-95.59738294833295, 30.506192068515766]]]}}, {"type": "Feature", "properties": {"h3_index": "87446d4e6ffffff", "total_count": 1, "source": "inaturalist"}, "geometry": {"type": "Polygon", "coordinates": [[[-95.58049223331591, 30.468138539895218], [-95.57085152434091, 30.478540669869894], [-95.57647945709436, 30.491225298187526], [-95.59175128621442, 30.49350790021501], [-95.6013926032273, 30.48310452784635], [-95.59576148370122, 30.470419796029528], [-95.58049223331591, 30.468138539895218]]]}}, {"type": "Feature", "properties": {"h3_index": "87446d4e8ffffff", "total_count": 46, "source": "inaturalist"}, "geometry": {"type": "Polygon", "coordinates": [[[-95.63921413152399, 30.536119094827352], [-95.62956956760067, 30.546523038357606], [-95.63520923684399, 30.559205699516433], [-95.65049665735056, 30.561484516951772], [-95.66014182166028, 30.55107933347762], [-95.65449896569943, 30.538396572697057], [-95.63921413152399, 30.536119094827352]]]}}, {"type": "Feature", "properties": {"h3_index": "87446d4e9ffffff", "total_count": 3, "source": "inaturalist"}, "geometry": {"type": "Polygon", "coordinates": [[[-95.66014182166028, 30.55107933347762], [-95.65049665735056, 30.561484516951772], [-95.6561400603155, 30.57416670133445], [-95.67143181439698, 30.576443800492143], [-95.68107757626407, 30.566037377566303], [-95.6754309871158, 30.553355095119382], [-95.66014182166028, 30.55107933347762]]]}}, {"type": "Feature", "properties": {"h3_index": "87446d4eaffffff", "total_count": 12, "source": "inaturalist"}, "geometry": {"type": "Polygon", "coordinates": [[[-95.61428648254258, 30.544242506733994], [-95.60464048259779, 30.55464329502817], [-95.61027696306735, 30.567325854221057], [-95.62556263287703, 30.569607727270824], [-95.63520923684399, 30.559205699516433], [-95.62956956760067, 30.546523038357606], [-95.61428648254258, 30.544242506733994]]]}}, {"type": "Feature", "properties": {"h3_index": "87446d4ebffffff", "total_count": 21, "source": "inaturalist"}, "geometry": {"type": "Polygon", "coordinates": [[[-95.63520923684399, 30.559205699516433], [-95.62556263287703, 30.569607727270824], [-95.63120284759815, 30.58228981124529], [-95.64649285515264, 30.584569968058602], [-95.6561400603155, 30.57416670133445], [-95.65049665735056, 30.561484516951772], [-95.63520923684399, 30.559205699516433]]]}}, {"type": "Feature", "properties": {"h3_index": "87446d4ecffffff", "total_count": 5, "source": "inaturalist"}, "geometry": {"type": "Polygon", "coordinates": [[[-95.64321753243522, 30.51303000461141], [-95.63357500779908, 30.52343586029399], [-95.63921413152399, 30.536119094827352], [-95.65449896569943, 30.538396572697057], [-95.66414208991321, 30.527989476095943], [-95.65849978099611, 30.515306142728683], [-95.64321753243522, 30.51303000461141]]]}}, {"type": "Feature", "properties": {"h3_index": "87446d4edffffff", "total_count": 5, "source": "inaturalist"}, "geometry": {"type": "Polygon", "coordinates": [[[-95.66414208991321, 30.527989476095943], [-95.65449896569943, 30.538396572697057], [-95.66014182166028, 30.55107933347762], [-95.6754309871158, 30.553355095119382], [-95.68507470807937, 30.542946758092985], [-95.67942866746091, 30.53026390003505], [-95.66414208991321, 30.527989476095943]]]}}, {"type": "Feature", "properties": {"h3_index": "87446d4eeffffff", "total_count": 34, "source": "inaturalist"}, "geometry": {"type": "Polygon", "coordinates": [[[-95.6182945067773, 30.5211566702843], [-95.60865054606548, 30.531559373379153], [-95.61428648254258, 30.544242506733994], [-95.62956956760067, 30.546523038357606], [-95.63921413152399, 30.536119094827352], [-95.63357500779908, 30.52343586029399], [-95.6182945067773, 30.5211566702843]]]}}, {"type": "Feature", "properties": {"h3_index": "87446d4f0ffffff", "total_count": 2, "source": "inaturalist"}, "geometry": {"type": "Polygon", "coordinates": [[[-95.53067617512986, 30.484367999319527], [-95.52103261945847, 30.494763824882497], [-95.52665417254183, 30.507448239166003], [-95.54192247276846, 30.509736936261653], [-95.55156664372815, 30.499339869283755], [-95.54594189979015, 30.48665534681061], [-95.53067617512986, 30.484367999319527]]]}}, {"type": "Feature", "properties": {"h3_index": "87446d4f1ffffff", "total_count": 4, "source": "inaturalist"}, "geometry": {"type": "Polygon", "coordinates": [[[-95.55156664372815, 30.499339869283755], [-95.54192247276846, 30.509736936261653], [-95.54754775625, 30.522420893637705], [-95.56282040164976, 30.524707890856053], [-95.57246518508704, 30.514309582950826], [-95.5668367112653, 30.501625518939967], [-95.55156664372815, 30.499339869283755]]]}}, {"type": "Feature", "properties": {"h3_index": "87446d4f3ffffff", "total_count": 1, "source": "inaturalist"}, "geometry": {"type": "Polygon", "coordinates": [[[-95.52665417254183, 30.507448239166003], [-95.51700858013855, 30.517842150216175], [-95.52263067124017, 30.530525998612646], [-95.53790154774242, 30.53281604512398], [-95.54754775625, 30.522420893637705], [-95.54192247276846, 30.509736936261653], [-95.52665417254183, 30.507448239166003]]]}}, {"type": "Feature", "properties": {"h3_index": "87446d4f4ffffff", "total_count": 7, "source": "inaturalist"}, "geometry": {"type": "Polygon", "coordinates": [[[-95.53469667980187, 30.461285286507184], [-95.52505516010939, 30.471683022959738], [-95.53067617512986, 30.484367999319527], [-95.54594189979015, 30.48665534681061], [-95.55558403395572, 30.47625636796378], [-95.54995982960494, 30.46357128420564], [-95.53469667980187, 30.461285286507184]]]}}, {"type": "Feature", "properties": {"h3_index": "87446d500ffffff", "total_count": 5, "source": "inaturalist"}, "geometry": {"type": "Polygon", "coordinates": [[[-95.62453427731705, 30.21402307721025], [-95.61491592406527, 30.224445968602417], [-95.6205379022855, 30.23713655219873], [-95.63578140444311, 30.239404339302563], [-95.64540035684894, 30.228980194730525], [-95.63977520855981, 30.216289516420105], [-95.62453427731705, 30.21402307721025]]]}}, {"type": "Feature", "properties": {"h3_index": "87446d501ffffff", "total_count": 5, "source": "inaturalist"}, "geometry": {"type": "Polygon", "coordinates": [[[-95.64540035684894, 30.228980194730525], [-95.63578140444311, 30.239404339302563], [-95.64140709577481, 30.25209449616128], [-95.65665490967177, 30.254360601803707], [-95.666274458428, 30.24393520455412], [-95.6606455975546, 30.23124495452514], [-95.64540035684894, 30.228980194730525]]]}}, {"type": "Feature", "properties": {"h3_index": "87446d502ffffff", "total_count": 3, "source": "inaturalist"}, "geometry": {"type": "Polygon", "coordinates": [[[-95.59967673550102, 30.22217650410791], [-95.59005695642598, 30.23259627363433], [-95.59567576254057, 30.245286760167218], [-95.61091752045168, 30.24755757442278], [-95.6205379022855, 30.23713655219873], [-95.61491592406527, 30.224445968602417], [-95.59967673550102, 30.22217650410791]]]}}, {"type": "Feature", "properties": {"h3_index": "87446d504ffffff", "total_count": 10, "source": "inaturalist"}, "geometry": {"type": "Polygon", "coordinates": [[[-95.628529166086, 30.190907218287812], [-95.61891284066638, 30.20133197519069], [-95.62453427731705, 30.21402307721025], [-95.63977520855981, 30.216289516420105], [-95.64939213233039, 30.205863505354102], [-95.64376752712373, 30.193172309426984], [-95.628529166086, 30.190907218287812]]]}}, {"type": "Feature", "properties": {"h3_index": "87446d505ffffff", "total_count": 21, "source": "inaturalist"}, "geometry": {"type": "Polygon", "coordinates": [[[-95.64939213233039, 30.205863505354102], [-95.63977520855981, 30.216289516420105], [-95.64540035684894, 30.228980194730525], [-95.6606455975546, 30.23124495452514], [-95.67026311687364, 30.220817689799343], [-95.66463480055609, 30.20812691912424], [-95.64939213233039, 30.205863505354102]]]}}, {"type": "Feature", "properties": {"h3_index": "87446d506ffffff", "total_count": 3, "source": "inaturalist"}, "geometry": {"type": "Polygon", "coordinates": [[[-95.60367622074054, 30.19906386063487], [-95.59405846944257, 30.209485498345597], [-95.59967673550102, 30.22217650410791], [-95.61491592406527, 30.224445968602417], [-95.62453427731705, 30.21402307721025], [-95.61891284066638, 30.20133197519069], [-95.60367622074054, 30.19906386063487]]]}}, {"type": "Feature", "properties": {"h3_index": "87446d508ffffff", "total_count": 40, "source": "inaturalist"}, "geometry": {"type": "Polygon", "coordinates": [[[-95.6622843150619, 30.267050327352045], [-95.6526627361171, 30.277473853468887], [-95.65829268598468, 30.29016305070389], [-95.67354738594129, 30.292428814436427], [-95.68316955923052, 30.282004037125873], [-95.67753643883772, 30.269314747461873], [-95.6622843150619, 30.267050327352045]]]}}, {"type": "Feature", "properties": {"h3_index": "87446d509ffffff", "total_count": 45, "source": "inaturalist"}, "geometry": {"type": "Polygon", "coordinates": [[[-95.68316955923052, 30.282004037125873], [-95.67354738594129, 30.292428814436427], [-95.67918105228759, 30.305117572758206], [-95.69444006253399, 30.307381644837474], [-95.70406282735519, 30.29695561683599], [-95.69842599101814, 30.28426676763145], [-95.68316955923052, 30.282004037125873]]]}}, {"type": "Feature", "properties": {"h3_index": "87446d50affffff", "total_count": 2, "source": "inaturalist"}, "geometry": {"type": "Polygon", "coordinates": [[[-95.63741234831734, 30.27520640215618], [-95.6277893363888, 30.285626802772015], [-95.63341611368534, 30.2983159052295], [-95.6486690760996, 30.300584702034115], [-95.65829268598468, 30.29016305070389], [-95.6526627361171, 30.277473853468887], [-95.63741234831734, 30.27520640215618]]]}}, {"type": "Feature", "properties": {"h3_index": "87446d50bffffff", "total_count": 10, "source": "inaturalist"}, "geometry": {"type": "Polygon", "coordinates": [[[-95.65829268598468, 30.29016305070389], [-95.6486690760996, 30.300584702034115], [-95.65429957040514, 30.31327336712489], [-95.66955684725576, 30.3155404743018], [-95.67918105228759, 30.305117572758206], [-95.67354738594129, 30.292428814436427], [-95.65829268598468, 30.29016305070389]]]}}, {"type": "Feature", "properties": {"h3_index": "87446d50cffffff", "total_count": 6, "source": "inaturalist"}, "geometry": {"type": "Polygon", "coordinates": [[[-95.666274458428, 30.24393520455412], [-95.65665490967177, 30.254360601803707], [-95.6622843150619, 30.267050327352045], [-95.67753643883772, 30.269314747461873], [-95.68715658113685, 30.25888809803778], [-95.68152400673605, 30.246198280863748], [-95.666274458428, 30.24393520455412]]]}}, {"type": "Feature", "properties": {"h3_index": "87446d50dffffff", "total_count": 8, "source": "inaturalist"}, "geometry": {"type": "Polygon", "coordinates": [[[-95.68715658113685, 30.25888809803778], [-95.67753643883772, 30.269314747461873], [-95.68316955923052, 30.282004037125873], [-95.69842599101814, 30.28426676763145], [-95.70804672404883, 30.273838866536632], [-95.70241043518023, 30.26114948679225], [-95.68715658113685, 30.25888809803778]]]}}, {"type": "Feature", "properties": {"h3_index": "87446d50effffff", "total_count": 2, "source": "inaturalist"}, "geometry": {"type": "Polygon", "coordinates": [[[-95.64140709577481, 30.25209449616128], [-95.63178611398311, 30.262516770582383], [-95.63741234831734, 30.27520640215618], [-95.6526627361171, 30.277473853468887], [-95.6622843150619, 30.267050327352045], [-95.65665490967177, 30.254360601803707], [-95.64140709577481, 30.25209449616128]]]}}, {"type": "Feature", "properties": {"h3_index": "87446d510ffffff", "total_count": 7, "source": "inaturalist"}, "geometry": {"type": "Polygon", "coordinates": [[[-95.55397130216737, 30.215358715948096], [-95.54435071008571, 30.225774108710645], [-95.54996262886563, 30.2384649149101], [-95.56519831499486, 30.24074042948896], [-95.57481951623365, 30.23032378401517], [-95.56920442280001, 30.217632876859604], [-95.55397130216737, 30.215358715948096]]]}}, {"type": "Feature", "properties": {"h3_index": "87446d511ffffff", "total_count": 4, "source": "inaturalist"}, "geometry": {"type": "Polygon", "coordinates": [[[-95.57481951623365, 30.23032378401517], [-95.56519831499486, 30.24074042948896], [-95.57081394697066, 30.25343081660926], [-95.58605395493902, 30.25570465785411], [-95.59567576254057, 30.245286760167218], [-95.59005695642598, 30.23259627363433], [-95.57481951623365, 30.23032378401517]]]}}, {"type": "Feature", "properties": {"h3_index": "87446d512ffffff", "total_count": 3, "source": "inaturalist"}, "geometry": {"type": "Polygon", "coordinates": [[[-95.52911934763003, 30.22349692487001], [-95.5194973406459, 30.23390919188668], [-95.52510608274689, 30.24659989478078], [-95.540340009124, 30.24887843414946], [-95.54996262886563, 30.2384649149101], [-95.54435071008571, 30.225774108710645], [-95.52911934763003, 30.22349692487001]]]}}, {"type": "Feature", "properties": {"h3_index": "87446d513ffffff", "total_count": 32, "source": "inaturalist"}, "geometry": {"type": "Polygon", "coordinates": [[[-95.54996262886563, 30.2384649149101], [-95.540340009124, 30.24887843414946], [-95.54595246493156, 30.261568719508176], [-95.56119071726313, 30.263845587574934], [-95.57081394697066, 30.25343081660926], [-95.56519831499486, 30.24074042948896], [-95.54996262886563, 30.2384649149101]]]}}, {"type": "Feature", "properties": {"h3_index": "87446d514ffffff", "total_count": 90, "source": "inaturalist"}, "geometry": {"type": "Polygon", "coordinates": [[[-95.55797848562852, 30.192250130107187], [-95.54835992045854, 30.202667392739492], [-95.55397130216737, 30.215358715948096], [-95.56920442280001, 30.217632876859604], [-95.57882359631914, 30.207214360530674], [-95.57320904147018, 30.19452293717273], [-95.55797848562852, 30.192250130107187]]]}}, {"type": "Feature", "properties": {"h3_index": "87446d515ffffff", "total_count": 2, "source": "inaturalist"}, "geometry": {"type": "Polygon", "coordinates": [[[-95.57882359631914, 30.207214360530674], [-95.56920442280001, 30.217632876859604], [-95.57481951623365, 30.23032378401517], [-95.59005695642598, 30.23259627363433], [-95.59967673550102, 30.22217650410791], [-95.59405846944257, 30.209485498345597], [-95.57882359631914, 30.207214360530674]]]}}, {"type": "Feature", "properties": {"h3_index": "87446d516ffffff", "total_count": 50, "source": "inaturalist"}, "geometry": {"type": "Polygon", "coordinates": [[[-95.53313112122, 30.200391564606416], [-95.523511141086, 30.21080570416033], [-95.52911934763003, 30.22349692487001], [-95.54435071008571, 30.225774108710645], [-95.55397130216737, 30.215358715948096], [-95.54835992045854, 30.202667392739492], [-95.53313112122, 30.200391564606416]]]}}, {"type": "Feature", "properties": {"h3_index": "87446d518ffffff", "total_count": 1, "source": "inaturalist"}, "geometry": {"type": "Polygon", "coordinates": [[[-95.591673301068, 30.268394621325186], [-95.5820494641901, 30.27881064352003], [-95.58766935029155, 30.291500080098707], [-95.60291624902248, 30.293773593340013], [-95.61254069027137, 30.283356320413837], [-95.6069176290346, 30.2706667851633], [-95.591673301068, 30.268394621325186]]]}}, {"type": "Feature", "properties": {"h3_index": "87446d51effffff", "total_count": 6, "source": "inaturalist"}, "geometry": {"type": "Polygon", "coordinates": [[[-95.57081394697066, 30.25343081660926], [-95.56119071726313, 30.263845587574934], [-95.56680688773841, 30.276535450828913], [-95.5820494641901, 30.27881064352003], [-95.591673301068, 30.268394621325186], [-95.58605395493902, 30.25570465785411], [-95.57081394697066, 30.25343081660926]]]}}, {"type": "Feature", "properties": {"h3_index": "87446d520ffffff", "total_count": 3, "source": "inaturalist"}, "geometry": {"type": "Polygon", "coordinates": [[[-95.65737122967528, 30.159622992747412], [-95.64775836092478, 30.17005272581968], [-95.6533824230093, 30.18274443552669], [-95.66862251946615, 30.18500650309655], [-95.67823598216347, 30.17457551439865], [-95.67260875507422, 30.16188371394207], [-95.65737122967528, 30.159622992747412]]]}}, {"type": "Feature", "properties": {"h3_index": "87446d521ffffff", "total_count": 2, "source": "inaturalist"}, "geometry": {"type": "Polygon", "coordinates": [[[-95.67823598216347, 30.17457551439865], [-95.66862251946615, 30.18500650309655], [-95.67425029118893, 30.197697790581458], [-95.6894946906998, 30.199958178761744], [-95.6991087445399, 30.18952593494426], [-95.69347780834453, 30.176834558251517], [-95.67823598216347, 30.17457551439865]]]}}, {"type": "Feature", "properties": {"h3_index": "87446d522ffffff", "total_count": 3, "source": "inaturalist"}, "geometry": {"type": "Polygon", "coordinates": [[[-95.6325225693825, 30.167788982927043], [-95.62290827104555, 30.178215601680538], [-95.628529166086, 30.190907218287812], [-95.64376752712373, 30.193172309426984], [-95.6533824230093, 30.18274443552669], [-95.64775836092478, 30.17005272581968], [-95.6325225693825, 30.167788982927043]]]}}, {"type": "Feature", "properties": {"h3_index": "87446d524ffffff", "total_count": 1, "source": "inaturalist"}, "geometry": {"type": "Polygon", "coordinates": [[[-95.66135855311737, 30.136499184519824], [-95.65174771075245, 30.146930773099104], [-95.65737122967528, 30.159622992747412], [-95.67260875507422, 30.16188371394207], [-95.6822201905863, 30.151450868753578], [-95.67659350816919, 30.138758559165222], [-95.66135855311737, 30.136499184519824]]]}}, {"type": "Feature", "properties": {"h3_index": "87446d525ffffff", "total_count": 19, "source": "inaturalist"}, "geometry": {"type": "Polygon", "coordinates": [[[-95.6822201905863, 30.151450868753578], [-95.67260875507422, 30.16188371394207], [-95.67823598216347, 30.17457551439865], [-95.69347780834453, 30.176834558251517], [-95.70308983420084, 30.16640045696088], [-95.69745944414984, 30.153708568105003], [-95.6822201905863, 30.151450868753578]]]}}, {"type": "Feature", "properties": {"h3_index": "87446d526ffffff", "total_count": 5, "source": "inaturalist"}, "geometry": {"type": "Polygon", "coordinates": [[[-95.63651448799614, 30.144668378627994], [-95.62690221599273, 30.155096855569315], [-95.6325225693825, 30.167788982927043], [-95.64775836092478, 30.17005272581968], [-95.65737122967528, 30.159622992747412], [-95.65174771075245, 30.146930773099104], [-95.63651448799614, 30.144668378627994]]]}}, {"type": "Feature", "properties": {"h3_index": "87446d528ffffff", "total_count": 6, "source": "inaturalist"}, "geometry": {"type": "Polygon", "coordinates": [[[-95.69512617300168, 30.21264903945195], [-95.68551009042676, 30.223079422132187], [-95.69114211879719, 30.2357697629822], [-95.70639339581072, 30.238029809809017], [-95.71601006751865, 30.227598173497128], [-95.71037487369951, 30.214907744175413], [-95.69512617300168, 30.21264903945195]]]}}, {"type": "Feature", "properties": {"h3_index": "87446d52affffff", "total_count": 1, "source": "inaturalist"}, "geometry": {"type": "Polygon", "coordinates": [[[-95.67026311687364, 30.220817689799343], [-95.6606455975546, 30.23124495452514], [-95.666274458428, 30.24393520455412], [-95.68152400673605, 30.246198280863748], [-95.69114211879719, 30.2357697629822], [-95.68551009042676, 30.223079422132187], [-95.67026311687364, 30.220817689799343]]]}}, {"type": "Feature", "properties": {"h3_index": "87446d52cffffff", "total_count": 3, "source": "inaturalist"}, "geometry": {"type": "Polygon", "coordinates": [[[-95.6991087445399, 30.18952593494426], [-95.6894946906998, 30.199958178761744], [-95.69512617300168, 30.21264903945195], [-95.71037487369951, 30.214907744175413], [-95.71998951587449, 30.204474245745136], [-95.71435486963601, 30.191783297389534], [-95.6991087445399, 30.18952593494426]]]}}, {"type": "Feature", "properties": {"h3_index": "87446d52dffffff", "total_count": 6, "source": "inaturalist"}, "geometry": {"type": "Polygon", "coordinates": [[[-95.71998951587449, 30.204474245745136], [-95.71037487369951, 30.214907744175413], [-95.71601006751865, 30.227598173497128], [-95.73126306752987, 30.229855190696043], [-95.740878295228, 30.2194204381605], [-95.73523993801209, 30.206729922716566], [-95.71998951587449, 30.204474245745136]]]}}, {"type": "Feature", "properties": {"h3_index": "87446d52effffff", "total_count": 15, "source": "inaturalist"}, "geometry": {"type": "Polygon", "coordinates": [[[-95.67425029118893, 30.197697790581458], [-95.66463480055609, 30.20812691912424], [-95.67026311687364, 30.220817689799343], [-95.68551009042676, 30.223079422132187], [-95.69512617300168, 30.21264903945195], [-95.6894946906998, 30.199958178761744], [-95.67425029118893, 30.197697790581458]]]}}, {"type": "Feature", "properties": {"h3_index": "87446d530ffffff", "total_count": 22, "source": "inaturalist"}, "geometry": {"type": "Polygon", "coordinates": [[[-95.58682729212194, 30.160988370849058], [-95.5772121717964, 30.171410617918667], [-95.58282618801833, 30.18410255364431], [-95.59805849477982, 30.186372339477302], [-95.60767421904981, 30.17594883724014], [-95.60205703322822, 30.163256804523343], [-95.58682729212194, 30.160988370849058]]]}}, {"type": "Feature", "properties": {"h3_index": "87446d531ffffff", "total_count": 1, "source": "inaturalist"}, "geometry": {"type": "Polygon", "coordinates": [[[-95.60767421904981, 30.17594883724014], [-95.59805849477982, 30.186372339477302], [-95.60367622074054, 30.19906386063487], [-95.61891284066638, 30.20133197519069], [-95.628529166086, 30.190907218287812], [-95.62290827104555, 30.178215601680538], [-95.60767421904981, 30.17594883724014]]]}}, {"type": "Feature", "properties": {"h3_index": "87446d532ffffff", "total_count": 119, "source": "inaturalist"}, "geometry": {"type": "Polygon", "coordinates": [[[-95.56198418004028, 30.16913916487681], [-95.55236764103405, 30.179558293722803], [-95.55797848562852, 30.192250130107187], [-95.57320904147018, 30.19452293717273], [-95.58282618801833, 30.18410255364431], [-95.5772121717964, 30.171410617918667], [-95.56198418004028, 30.16913916487681]]]}}, {"type": "Feature", "properties": {"h3_index": "87446d533ffffff", "total_count": 19, "source": "inaturalist"}, "geometry": {"type": "Polygon", "coordinates": [[[-95.58282618801833, 30.18410255364431], [-95.57320904147018, 30.19452293717273], [-95.57882359631914, 30.207214360530674], [-95.59405846944257, 30.209485498345597], [-95.60367622074054, 30.19906386063487], [-95.59805849477982, 30.186372339477302], [-95.58282618801833, 30.18410255364431]]]}}, {"type": "Feature", "properties": {"h3_index": "87446d534ffffff", "total_count": 10, "source": "inaturalist"}, "geometry": {"type": "Polygon", "coordinates": [[[-95.59082690942012, 30.13787181964238], [-95.58121381456921, 30.148295926592205], [-95.58682729212194, 30.160988370849058], [-95.60205703322822, 30.163256804523343], [-95.611670731219, 30.152831441420258], [-95.60605408557777, 30.140138900982002], [-95.59082690942012, 30.13787181964238]]]}}, {"type": "Feature", "properties": {"h3_index": "87446d536ffffff", "total_count": 53, "source": "inaturalist"}, "geometry": {"type": "Polygon", "coordinates": [[[-95.56598838619338, 30.146025827750883], [-95.55637387260329, 30.156446819151796], [-95.56198418004028, 30.16913916487681], [-95.5772121717964, 30.171410617918667], [-95.58682729212194, 30.160988370849058], [-95.58121381456921, 30.148295926592205], [-95.56598838619338, 30.146025827750883]]]}}, {"type": "Feature", "properties": {"h3_index": "87446d543ffffff", "total_count": 1, "source": "inaturalist"}, "geometry": {"type": "Polygon", "coordinates": [[[-95.76679076607195, 30.341797489092393], [-95.7571662435681, 30.352227266142783], [-95.76281478522952, 30.364914223044423], [-95.77809101783342, 30.367171487771092], [-95.78771612058091, 30.356740462048148], [-95.78206441110521, 30.34405342045596], [-95.76679076607195, 30.341797489092393]]]}}, {"type": "Feature", "properties": {"h3_index": "87446d544ffffff", "total_count": 5, "source": "inaturalist"}, "geometry": {"type": "Polygon", "coordinates": [[[-95.77473828160052, 30.295556770206566], [-95.76511782671116, 30.30599029565595], [-95.77076526459877, 30.318678335651644], [-95.78603632278201, 30.32093293347495], [-95.79565735632417, 30.310498157401092], [-95.79000675365421, 30.297810034313308], [-95.77473828160052, 30.295556770206566]]]}}, {"type": "Feature", "properties": {"h3_index": "87446d548ffffff", "total_count": 6, "source": "inaturalist"}, "geometry": {"type": "Polygon", "coordinates": [[[-95.80864949427954, 30.371681261682657], [-95.79902381412015, 30.382113535571715], [-95.80467979904117, 30.394799564286874], [-95.81996463145094, 30.397053400887824], [-95.82959088618671, 30.386619879339804], [-95.82393173456282, 30.373933769034462], [-95.80864949427954, 30.371681261682657]]]}}, {"type": "Feature", "properties": {"h3_index": "87446d551ffffff", "total_count": 5, "source": "inaturalist"}, "geometry": {"type": "Polygon", "coordinates": [[[-95.72098186709357, 30.335020202790435], [-95.71135648021294, 30.34544560325474], [-95.7169981312141, 30.358132928791616], [-95.73226834014523, 30.36039494263642], [-95.7418943137202, 30.34996829346622], [-95.73624949229217, 30.337280879342128], [-95.72098186709357, 30.335020202790435]]]}}, {"type": "Feature", "properties": {"h3_index": "87446d553ffffff", "total_count": 3, "source": "inaturalist"}, "geometry": {"type": "Polygon", "coordinates": [[[-95.69609058009735, 30.3431818875573], [-95.68646374943503, 30.353604158415905], [-95.6921022279503, 30.366291393018123], [-95.70737071023537, 30.368556447881495], [-95.7169981312141, 30.358132928791616], [-95.71135648021294, 30.34544560325474], [-95.69609058009735, 30.3431818875573]]]}}, {"type": "Feature", "properties": {"h3_index": "87446d556ffffff", "total_count": 10, "source": "inaturalist"}, "geometry": {"type": "Polygon", "coordinates": [[[-95.67918105228759, 30.305117572758206], [-95.66955684725576, 30.3155404743018], [-95.67519105951688, 30.328228697451], [-95.69045264893678, 30.330494110925677], [-95.70007744630175, 30.320069959670484], [-95.69444006253399, 30.307381644837474], [-95.67918105228759, 30.305117572758206]]]}}, {"type": "Feature", "properties": {"h3_index": "87446d55affffff", "total_count": 1, "source": "inaturalist"}, "geometry": {"type": "Polygon", "coordinates": [[[-95.71301291007111, 30.381243228360223], [-95.70338345423954, 30.391664862428566], [-95.7090262028724, 30.40435109402353], [-95.72430158142268, 30.40661578191672], [-95.73393162554858, 30.39619290109569], [-95.72828570345273, 30.38350657931917], [-95.71301291007111, 30.381243228360223]]]}}, {"type": "Feature", "properties": {"h3_index": "87446d55bffffff", "total_count": 1, "source": "inaturalist"}, "geometry": {"type": "Polygon", "coordinates": [[[-95.73393162554858, 30.39619290109569], [-95.72430158142268, 30.40661578191672], [-95.72994805379746, 30.419301551780883], [-95.74522774384009, 30.42156452963921], [-95.75485837343282, 30.4111404025674], [-95.74920872814, 30.398454544072948], [-95.73393162554858, 30.39619290109569]]]}}, {"type": "Feature", "properties": {"h3_index": "87446d55dffffff", "total_count": 2, "source": "inaturalist"}, "geometry": {"type": "Polygon", "coordinates": [[[-95.76281478522952, 30.364914223044423], [-95.75318822778536, 30.375342120416597], [-95.75883732128035, 30.388028530027874], [-95.77411614217574, 30.390287127939587], [-95.78374328066008, 30.379857982870128], [-95.77809101783342, 30.367171487771092], [-95.76281478522952, 30.364914223044423]]]}}, {"type": "Feature", "properties": {"h3_index": "87446d560ffffff", "total_count": 2, "source": "inaturalist"}, "geometry": {"type": "Polygon", "coordinates": [[[-95.80359267187059, 30.264246218662006], [-95.79397570451164, 30.27468473046079], [-95.79962575372717, 30.28737338854738], [-95.8148959321252, 30.289623614962412], [-95.82451347372206, 30.27918385109587], [-95.81886026330757, 30.266495113066895], [-95.80359267187059, 30.264246218662006]]]}}, {"type": "Feature", "properties": {"h3_index": "87446d563ffffff", "total_count": 69, "source": "inaturalist"}, "geometry": {"type": "Polygon", "coordinates": [[[-95.79962575372717, 30.28737338854738], [-95.79000675365421, 30.297810034313308], [-95.79565735632417, 30.310498157401092], [-95.81093012240483, 30.312749715651712], [-95.8205496975081, 30.302311818794138], [-95.8148959321252, 30.289623614962412], [-95.79962575372717, 30.28737338854738]]]}}, {"type": "Feature", "properties": {"h3_index": "87446d564ffffff", "total_count": 5, "source": "inaturalist"}, "geometry": {"type": "Polygon", "coordinates": [[[-95.80755811154334, 30.241116655241935], [-95.79794317614363, 30.251557029411728], [-95.80359267187059, 30.264246218662006], [-95.81886026330757, 30.266495113066895], [-95.82847577215358, 30.25605348585277], [-95.82282311674068, 30.243364217462968], [-95.80755811154334, 30.241116655241935]]]}}, {"type": "Feature", "properties": {"h3_index": "87446d570ffffff", "total_count": 2, "source": "inaturalist"}, "geometry": {"type": "Polygon", "coordinates": [[[-95.73292417106492, 30.265667540987344], [-95.72330488195395, 30.276098563665315], [-95.7289448862281, 30.288787501404208], [-95.74420734611482, 30.29104550283605], [-95.75382721952583, 30.28061322851889], [-95.7481840493719, 30.26792420459417], [-95.73292417106492, 30.265667540987344]]]}}, {"type": "Feature", "properties": {"h3_index": "87446d572ffffff", "total_count": 1, "source": "inaturalist"}, "geometry": {"type": "Polygon", "coordinates": [[[-95.70804672404883, 30.273838866536632], [-95.69842599101814, 30.28426676763145], [-95.70406282735519, 30.29695561683599], [-95.71932356528102, 30.299216653665248], [-95.7289448862281, 30.288787501404208], [-95.72330488195395, 30.276098563665315], [-95.70804672404883, 30.273838866536632]]]}}, {"type": "Feature", "properties": {"h3_index": "87446d575ffffff", "total_count": 9, "source": "inaturalist"}, "geometry": {"type": "Polygon", "coordinates": [[[-95.75780189090345, 30.257490062539272], [-95.7481840493719, 30.26792420459417], [-95.75382721952583, 30.28061322851889], [-95.7690913956528, 30.282868194410888], [-95.77870981786724, 30.272432800246104], [-95.77306348389449, 30.259743692484236], [-95.75780189090345, 30.257490062539272]]]}}, {"type": "Feature", "properties": {"h3_index": "87446d581ffffff", "total_count": 11, "source": "inaturalist"}, "geometry": {"type": "Polygon", "coordinates": [[[-95.47137011354556, 30.285945486929496], [-95.46174123206067, 30.296347729271222], [-95.46734467965791, 30.309037168171745], [-95.4825801931034, 30.31132447452735], [-95.4922096961736, 30.30092098291967], [-95.48660306482473, 30.288231434408328], [-95.47137011354556, 30.285945486929496]]]}}, {"type": "Feature", "properties": {"h3_index": "87446d582ffffff", "total_count": 3, "source": "inaturalist"}, "geometry": {"type": "Polygon", "coordinates": [[[-95.4256834977352, 30.279078264133595], [-95.41605384044362, 30.289476119652086], [-95.42165038509684, 30.302165860972917], [-95.43687977391181, 30.30445786046578], [-95.44651005917218, 30.29405875568935], [-95.44091032825861, 30.281368900864152], [-95.4256834977352, 30.279078264133595]]]}}, {"type": "Feature", "properties": {"h3_index": "87446d583ffffff", "total_count": 18, "source": "inaturalist"}, "geometry": {"type": "Polygon", "coordinates": [[[-95.44651005917218, 30.29405875568935], [-95.43687977391181, 30.30445786046578], [-95.44248003574214, 30.317147187407457], [-95.4577137692106, 30.319437521717603], [-95.46734467965791, 30.309037168171745], [-95.46174123206067, 30.296347729271222], [-95.44651005917218, 30.29405875568935]]]}}, {"type": "Feature", "properties": {"h3_index": "87446d584ffffff", "total_count": 3, "source": "inaturalist"}, "geometry": {"type": "Polygon", "coordinates": [[[-95.4545656151407, 30.247874652641478], [-95.44493938542409, 30.258277529394366], [-95.45053858537356, 30.270967908278603], [-95.4657671983827, 30.27325552094816], [-95.4753940516529, 30.2628513934519], [-95.46979166897083, 30.25016090421557], [-95.4545656151407, 30.247874652641478]]]}}, {"type": "Feature", "properties": {"h3_index": "87446d585ffffff", "total_count": 8, "source": "inaturalist"}, "geometry": {"type": "Polygon", "coordinates": [[[-95.4753940516529, 30.2628513934519], [-95.4657671983827, 30.27325552094816], [-95.47137011354556, 30.285945486929496], [-95.48660306482473, 30.288231434408328], [-95.49623053886513, 30.277826056659933], [-95.49062444146772, 30.265135981870863], [-95.4753940516529, 30.2628513934519]]]}}, {"type": "Feature", "properties": {"h3_index": "87446d586ffffff", "total_count": 3, "source": "inaturalist"}, "geometry": {"type": "Polygon", "coordinates": [[[-95.42971511249321, 30.255988255610195], [-95.42008748252888, 30.266387997950055], [-95.4256834977352, 30.279078264133595], [-95.44091032825861, 30.281368900864152], [-95.45053858537356, 30.270967908278603], [-95.44493938542409, 30.258277529394366], [-95.42971511249321, 30.255988255610195]]]}}, {"type": "Feature", "properties": {"h3_index": "87446d588ffffff", "total_count": 12, "source": "inaturalist"}, "geometry": {"type": "Polygon", "coordinates": [[[-95.48818735835803, 30.324013492935645], [-95.47855582550947, 30.334415094761738], [-95.48416352462401, 30.347103579243498], [-95.49940594196873, 30.34939057095059], [-95.50903809442899, 30.338987721334203], [-95.50342721054585, 30.3262991279869], [-95.48818735835803, 30.324013492935645]]]}}, {"type": "Feature", "properties": {"h3_index": "87446d589ffffff", "total_count": 4, "source": "inaturalist"}, "geometry": {"type": "Polygon", "coordinates": [[[-95.50903809442899, 30.338987721334203], [-95.49940594196873, 30.34939057095059], [-95.5050173611851, 30.362078627349174], [-95.52026411773952, 30.364363941634913], [-95.52989688701804, 30.353959844718837], [-95.52428228353797, 30.34127168100251], [-95.50903809442899, 30.338987721334203]]]}}, {"type": "Feature", "properties": {"h3_index": "87446d58affffff", "total_count": 17, "source": "inaturalist"}, "geometry": {"type": "Polygon", "coordinates": [[[-95.46331774919558, 30.332126429713323], [-95.45368480903768, 30.34252489082468], [-95.4592893213636, 30.355213264093443], [-95.47452996124818, 30.35750328764979], [-95.48416352462401, 30.347103579243498], [-95.47855582550947, 30.334415094761738], [-95.46331774919558, 30.332126429713323]]]}}, {"type": "Feature", "properties": {"h3_index": "87446d58bffffff", "total_count": 4, "source": "inaturalist"}, "geometry": {"type": "Polygon", "coordinates": [[[-95.48416352462401, 30.347103579243498], [-95.47452996124818, 30.35750328764979], [-95.48013819417659, 30.370191234383366], [-95.49538317738201, 30.372479582561514], [-95.5050173611851, 30.362078627349174], [-95.49940594196873, 30.34939057095059], [-95.48416352462401, 30.347103579243498]]]}}, {"type": "Feature", "properties": {"h3_index": "87446d58dffffff", "total_count": 4, "source": "inaturalist"}, "geometry": {"type": "Polygon", "coordinates": [[[-95.51305733241297, 30.315894387604196], [-95.50342721054585, 30.3262991279869], [-95.50903809442899, 30.338987721334203], [-95.52428228353797, 30.34127168100251], [-95.53391302140969, 30.33086569233642], [-95.52829895478169, 30.318176992471223], [-95.51305733241297, 30.315894387604196]]]}}, {"type": "Feature", "properties": {"h3_index": "87446d58effffff", "total_count": 16, "source": "inaturalist"}, "geometry": {"type": "Polygon", "coordinates": [[[-95.46734467965791, 30.309037168171745], [-95.4577137692106, 30.319437521717603], [-95.46331774919558, 30.332126429713323], [-95.47855582550947, 30.334415094761738], [-95.48818735835803, 30.324013492935645], [-95.4825801931034, 30.31132447452735], [-95.46734467965791, 30.309037168171745]]]}}, {"type": "Feature", "properties": {"h3_index": "87446d590ffffff", "total_count": 5, "source": "inaturalist"}, "geometry": {"type": "Polygon", "coordinates": [[[-95.38001527551748, 30.27219699029745], [-95.3703848560607, 30.282590457354118], [-95.37597449576396, 30.29528049109116], [-95.39119774428495, 30.297577175355237], [-95.40082879808368, 30.28718245905505], [-95.39523596962732, 30.27449230792064], [-95.38001527551748, 30.27219699029745]]]}}, {"type": "Feature", "properties": {"h3_index": "87446d591ffffff", "total_count": 26, "source": "inaturalist"}, "geometry": {"type": "Polygon", "coordinates": [[[-95.40082879808368, 30.28718245905505], [-95.39119774428495, 30.297577175355237], [-95.39679110067048, 30.310266800823626], [-95.41201869973136, 30.312561826030503], [-95.42165038509684, 30.302165860972917], [-95.41605384044362, 30.289476119652086], [-95.40082879808368, 30.28718245905505]]]}}, {"type": "Feature", "properties": {"h3_index": "87446d592ffffff", "total_count": 1, "source": "inaturalist"}, "geometry": {"type": "Polygon", "coordinates": [[[-95.35516595986805, 30.280292118111817], [-95.34553415116939, 30.290682444308512], [-95.3511206001201, 30.303372358300095], [-95.36634204912902, 30.30567206602684], [-95.37597449576396, 30.29528049109116], [-95.3703848560607, 30.282590457354118], [-95.35516595986805, 30.280292118111817]]]}}, {"type": "Feature", "properties": {"h3_index": "87446d596ffffff", "total_count": 3, "source": "inaturalist"}, "geometry": {"type": "Polygon", "coordinates": [[[-95.3592098182039, 30.25720946334189], [-95.34958003586038, 30.267601680669678], [-95.35516595986805, 30.280292118111817], [-95.3703848560607, 30.282590457354118], [-95.38001527551748, 30.27219699029745], [-95.37442616227513, 30.25950643391377], [-95.3592098182039, 30.25720946334189]]]}}, {"type": "Feature", "properties": {"h3_index": "87446d598ffffff", "total_count": 3, "source": "inaturalist"}, "geometry": {"type": "Polygon", "coordinates": [[[-95.4176157737832, 30.325251038665453], [-95.40798205959688, 30.3356451096253], [-95.41357966299879, 30.348333789753013], [-95.4288141704948, 30.350628514214762], [-95.4384485142885, 30.340233195971138], [-95.43284772158898, 30.327544400735672], [-95.4176157737832, 30.325251038665453]]]}}, {"type": "Feature", "properties": {"h3_index": "87446d599ffffff", "total_count": 13, "source": "inaturalist"}, "geometry": {"type": "Polygon", "coordinates": [[[-95.4384485142885, 30.340233195971138], [-95.4288141704948, 30.350628514214762], [-95.43441549401574, 30.363316773923188], [-95.44965435074661, 30.365609829134346], [-95.4592893213636, 30.355213264093443], [-95.45368480903768, 30.34252489082468], [-95.4384485142885, 30.340233195971138]]]}}, {"type": "Feature", "properties": {"h3_index": "87446d59bffffff", "total_count": 13, "source": "inaturalist"}, "geometry": {"type": "Polygon", "coordinates": [[[-95.41357966299879, 30.348333789753013], [-95.4039439192443, 30.358725962980966], [-95.40954205194762, 30.371414106781938], [-95.42477911983346, 30.373710193448506], [-95.43441549401574, 30.363316773923188], [-95.4288141704948, 30.350628514214762], [-95.41357966299879, 30.348333789753013]]]}}, {"type": "Feature", "properties": {"h3_index": "87446d59cffffff", "total_count": 1, "source": "inaturalist"}, "geometry": {"type": "Polygon", "coordinates": [[[-95.42165038509684, 30.302165860972917], [-95.41201869973136, 30.312561826030503], [-95.4176157737832, 30.325251038665453], [-95.43284772158898, 30.327544400735672], [-95.44248003574214, 30.317147187407457], [-95.43687977391181, 30.30445786046578], [-95.42165038509684, 30.302165860972917]]]}}, {"type": "Feature", "properties": {"h3_index": "87446d59dffffff", "total_count": 6, "source": "inaturalist"}, "geometry": {"type": "Polygon", "coordinates": [[[-95.44248003574214, 30.317147187407457], [-95.43284772158898, 30.327544400735672], [-95.4384485142885, 30.340233195971138], [-95.45368480903768, 30.34252489082468], [-95.46331774919558, 30.332126429713323], [-95.4577137692106, 30.319437521717603], [-95.44248003574214, 30.317147187407457]]]}}, {"type": "Feature", "properties": {"h3_index": "87446d59effffff", "total_count": 1, "source": "inaturalist"}, "geometry": {"type": "Polygon", "coordinates": [[[-95.39679110067048, 30.310266800823626], [-95.3871580188717, 30.320659624013928], [-95.39275190313714, 30.333348719994436], [-95.40798205959688, 30.3356451096253], [-95.4176157737832, 30.325251038665453], [-95.41201869973136, 30.312561826030503], [-95.39679110067048, 30.310266800823626]]]}}, {"type": "Feature", "properties": {"h3_index": "87446d5a0ffffff", "total_count": 359, "source": "inaturalist"}, "geometry": {"type": "Polygon", "coordinates": [[[-95.48343744370172, 30.216655999674558], [-95.47381464461884, 30.2270638865451], [-95.47941649477384, 30.2397548952088], [-95.49464432382604, 30.24203812438566], [-95.50426774205111, 30.23162898528928], [-95.4986627126929, 30.218937869427954], [-95.48343744370172, 30.216655999674558]]]}}, {"type": "Feature", "properties": {"h3_index": "87446d5a1ffffff", "total_count": 13, "source": "inaturalist"}, "geometry": {"type": "Polygon", "coordinates": [[[-95.50426774205111, 30.23162898528928], [-95.49464432382604, 30.24203812438566], [-95.50024988722652, 30.254728721625334], [-95.51548204816476, 30.25701028560903], [-95.52510608274689, 30.24659989478078], [-95.5194973406459, 30.23390919188668], [-95.50426774205111, 30.23162898528928]]]}}, {"type": "Feature", "properties": {"h3_index": "87446d5a2ffffff", "total_count": 2, "source": "inaturalist"}, "geometry": {"type": "Polygon", "coordinates": [[[-95.45859114926742, 30.22477899624876], [-95.44896694620255, 30.235183753524517], [-95.4545656151407, 30.247874652641478], [-95.46979166897083, 30.25016090421557], [-95.47941649477384, 30.2397548952088], [-95.47381464461884, 30.2270638865451], [-95.45859114926742, 30.22477899624876]]]}}, {"type": "Feature", "properties": {"h3_index": "87446d5a3ffffff", "total_count": 12, "source": "inaturalist"}, "geometry": {"type": "Polygon", "coordinates": [[[-95.47941649477384, 30.2397548952088], [-95.46979166897083, 30.25016090421557], [-95.4753940516529, 30.2628513934519], [-95.49062444146772, 30.265135981870863], [-95.50024988722652, 30.254728721625334], [-95.49464432382604, 30.24203812438566], [-95.47941649477384, 30.2397548952088]]]}}, {"type": "Feature", "properties": {"h3_index": "87446d5a4ffffff", "total_count": 143, "source": "inaturalist"}, "geometry": {"type": "Polygon", "coordinates": [[[-95.48745689922937, 30.193554714327963], [-95.47783612611987, 30.203964475412906], [-95.48343744370172, 30.216655999674558], [-95.4986627126929, 30.218937869427954], [-95.50828410413169, 30.20852685512966], [-95.50267960886093, 30.195835224477417], [-95.48745689922937, 30.193554714327963]]]}}, {"type": "Feature", "properties": {"h3_index": "87446d5a5ffffff", "total_count": 129, "source": "inaturalist"}, "geometry": {"type": "Polygon", "coordinates": [[[-95.50828410413169, 30.20852685512966], [-95.4986627126929, 30.218937869427954], [-95.50426774205111, 30.23162898528928], [-95.5194973406459, 30.23390919188668], [-95.52911934763003, 30.22349692487001], [-95.523511141086, 30.21080570416033], [-95.50828410413169, 30.20852685512966]]]}}, {"type": "Feature", "properties": {"h3_index": "87446d5a6ffffff", "total_count": 132, "source": "inaturalist"}, "geometry": {"type": "Polygon", "coordinates": [[[-95.46261518854712, 30.20168094657571], [-95.45299301138763, 30.212087580727186], [-95.45859114926742, 30.22477899624876], [-95.47381464461884, 30.2270638865451], [-95.48343744370172, 30.216655999674558], [-95.47783612611987, 30.203964475412906], [-95.46261518854712, 30.20168094657571]]]}}, {"type": "Feature", "properties": {"h3_index": "87446d5a8ffffff", "total_count": 1, "source": "inaturalist"}, "geometry": {"type": "Polygon", "coordinates": [[[-95.5210913257783, 30.269700466857284], [-95.5114652628499, 30.280108977848613], [-95.51707507593144, 30.29279863362257], [-95.53231413226489, 30.295079883505323], [-95.54194080957282, 30.284670122261858], [-95.53632781678127, 30.27198036157363], [-95.5210913257783, 30.269700466857284]]]}}, {"type": "Feature", "properties": {"h3_index": "87446d5a9ffffff", "total_count": 2, "source": "inaturalist"}, "geometry": {"type": "Polygon", "coordinates": [[[-95.54194080957282, 30.284670122261858], [-95.53231413226489, 30.295079883505323], [-95.53792766199666, 30.307769115695113], [-95.55317104885104, 30.310048690195767], [-95.56279833774462, 30.29963767919454], [-95.55718162881273, 30.286948343636173], [-95.54194080957282, 30.284670122261858]]]}}, {"type": "Feature", "properties": {"h3_index": "87446d5aaffffff", "total_count": 3, "source": "inaturalist"}, "geometry": {"type": "Polygon", "coordinates": [[[-95.49623053886513, 30.277826056659933], [-95.48660306482473, 30.288231434408328], [-95.4922096961736, 30.30092098291967], [-95.50744698390815, 30.303205261131158], [-95.51707507593144, 30.29279863362257], [-95.5114652628499, 30.280108977848613], [-95.49623053886513, 30.277826056659933]]]}}, {"type": "Feature", "properties": {"h3_index": "87446d5abffffff", "total_count": 2, "source": "inaturalist"}, "geometry": {"type": "Polygon", "coordinates": [[[-95.51707507593144, 30.29279863362257], [-95.50744698390815, 30.303205261131158], [-95.51305733241297, 30.315894387604196], [-95.52829895478169, 30.318176992471223], [-95.53792766199666, 30.307769115695113], [-95.53231413226489, 30.295079883505323], [-95.51707507593144, 30.29279863362257]]]}}, {"type": "Feature", "properties": {"h3_index": "87446d5acffffff", "total_count": 13, "source": "inaturalist"}, "geometry": {"type": "Polygon", "coordinates": [[[-95.52510608274689, 30.24659989478078], [-95.51548204816476, 30.25701028560903], [-95.5210913257783, 30.269700466857284], [-95.53632781678127, 30.27198036157363], [-95.54595246493156, 30.261568719508176], [-95.540340009124, 30.24887843414946], [-95.52510608274689, 30.24659989478078]]]}}, {"type": "Feature", "properties": {"h3_index": "87446d5aeffffff", "total_count": 2, "source": "inaturalist"}, "geometry": {"type": "Polygon", "coordinates": [[[-95.50024988722652, 30.254728721625334], [-95.49062444146772, 30.265135981870863], [-95.49623053886513, 30.277826056659933], [-95.5114652628499, 30.280108977848613], [-95.5210913257783, 30.269700466857284], [-95.51548204816476, 30.25701028560903], [-95.50024988722652, 30.254728721625334]]]}}, {"type": "Feature", "properties": {"h3_index": "87446d5b1ffffff", "total_count": 12, "source": "inaturalist"}, "geometry": {"type": "Polygon", "coordinates": [[[-95.43374523016529, 30.23289584286993], [-95.42411962678193, 30.24329746838893], [-95.42971511249321, 30.255988255610195], [-95.44493938542409, 30.258277529394366], [-95.4545656151407, 30.247874652641478], [-95.44896694620255, 30.235183753524517], [-95.43374523016529, 30.23289584286993]]]}}, {"type": "Feature", "properties": {"h3_index": "87446d5b3ffffff", "total_count": 5, "source": "inaturalist"}, "geometry": {"type": "Polygon", "coordinates": [[[-95.40889969573094, 30.24100653756575], [-95.39927269569407, 30.251405029171103], [-95.40486499617218, 30.26409570214788], [-95.42008748252888, 30.266387997950055], [-95.42971511249321, 30.255988255610195], [-95.42411962678193, 30.24329746838893], [-95.40889969573094, 30.24100653756575]]]}}, {"type": "Feature", "properties": {"h3_index": "87446d5b4ffffff", "total_count": 11, "source": "inaturalist"}, "geometry": {"type": "Polygon", "coordinates": [[[-95.41696460243621, 30.194821015253655], [-95.40734165317919, 30.205223267593546], [-95.41293289755433, 30.217914972776782], [-95.42815027399699, 30.220204538437752], [-95.43777385154526, 30.20980103338452], [-95.43217942496776, 30.197109215570016], [-95.41696460243621, 30.194821015253655]]]}}, {"type": "Feature", "properties": {"h3_index": "87446d5b5ffffff", "total_count": 25, "source": "inaturalist"}, "geometry": {"type": "Polygon", "coordinates": [[[-95.43777385154526, 30.20980103338452], [-95.42815027399699, 30.220204538437752], [-95.43374523016529, 30.23289584286993], [-95.44896694620255, 30.235183753524517], [-95.45859114926742, 30.22477899624876], [-95.45299301138763, 30.212087580727186], [-95.43777385154526, 30.20980103338452]]]}}, {"type": "Feature", "properties": {"h3_index": "87446d611ffffff", "total_count": 2, "source": "inaturalist"}, "geometry": {"type": "Polygon", "coordinates": [[[-95.81193841693532, 30.763039468462843], [-95.80228035797145, 30.77344683400036], [-95.80795590016376, 30.786122598737737], [-95.82329268984724, 30.78839108680392], [-95.83295132679731, 30.77798248963382], [-95.82727259671071, 30.765306636214184], [-95.81193841693532, 30.763039468462843]]]}}, {"type": "Feature", "properties": {"h3_index": "87446d631ffffff", "total_count": 2, "source": "inaturalist"}, "geometry": {"type": "Polygon", "coordinates": [[[-95.84488042918196, 30.708715693160464], [-95.83522794107895, 30.71913008842447], [-95.84090555047563, 30.731807168106236], [-95.85623883133937, 30.734069937500042], [-95.8658918921619, 30.72365430821008], [-95.86021110003458, 30.710977143736283], [-95.84488042918196, 30.708715693160464]]]}}, {"type": "Feature", "properties": {"h3_index": "87446d632ffffff", "total_count": 2, "source": "inaturalist"}, "geometry": {"type": "Polygon", "coordinates": [[[-95.79890047171489, 30.7019216814945], [-95.78924709039237, 30.71233168005796], [-95.79491777070018, 30.725009192113784], [-95.81024501835677, 30.727276794488617], [-95.81989897892612, 30.716865561869934], [-95.81422511322351, 30.704187961115842], [-95.79890047171489, 30.7019216814945]]]}}, {"type": "Feature", "properties": {"h3_index": "87446d692ffffff", "total_count": 6, "source": "inaturalist"}, "geometry": {"type": "Polygon", "coordinates": [[[-95.59105657828492, 30.81299218372638], [-95.58138748380951, 30.823372899584886], [-95.58703369605625, 30.836048383631738], [-95.60235220849928, 30.838343260975677], [-95.61202191312573, 30.827961316829946], [-95.60637249578306, 30.815285723812273], [-95.59105657828492, 30.81299218372638]]]}}, {"type": "Feature", "properties": {"h3_index": "87446d696ffffff", "total_count": 4, "source": "inaturalist"}, "geometry": {"type": "Polygon", "coordinates": [[[-95.59507795714477, 30.789933409404046], [-95.58541091105772, 30.800316080714243], [-95.59105657828492, 30.81299218372638], [-95.60637249578306, 30.815285723812273], [-95.6160401512032, 30.804901823246272], [-95.61039128041686, 30.79222561203499], [-95.59507795714477, 30.789933409404046]]]}}, {"type": "Feature", "properties": {"h3_index": "87446d6a8ffffff", "total_count": 1, "source": "inaturalist"}, "geometry": {"type": "Polygon", "coordinates": [[[-95.75796579694823, 30.80238405888258], [-95.74830275404635, 30.812783137782855], [-95.75397246985555, 30.825458096989326], [-95.76930842281745, 30.827734071614298], [-95.77897205184674, 30.817333762987474], [-95.77329914241821, 30.804658709646432], [-95.75796579694823, 30.80238405888258]]]}}, {"type": "Feature", "properties": {"h3_index": "87446d6b3ffffff", "total_count": 8, "source": "inaturalist"}, "geometry": {"type": "Polygon", "coordinates": [[[-95.6450361356051, 30.773739853561672], [-95.63537197145423, 30.784128886900007], [-95.6410240437336, 30.79680520397031], [-95.65634348021348, 30.799092591405692], [-95.66600824638115, 30.788702327838994], [-95.66035297467862, 30.77602590724994], [-95.6450361356051, 30.773739853561672]]]}}, {"type": "Feature", "properties": {"h3_index": "87446d6d6ffffff", "total_count": 1, "source": "inaturalist"}, "geometry": {"type": "Polygon", "coordinates": [[[-95.74198351313979, 30.894664745126807], [-95.73231226153416, 30.905056011110673], [-95.73798419974929, 30.91772844783535], [-95.75333058996999, 30.920009715968153], [-95.76300243093442, 30.909617224107325], [-95.7573272929517, 30.896944690174802], [-95.74198351313979, 30.894664745126807]]]}}, {"type": "Feature", "properties": {"h3_index": "87446d6e3ffffff", "total_count": 2, "source": "inaturalist"}, "geometry": {"type": "Polygon", "coordinates": [[[-95.86307790478195, 30.87710958376729], [-95.85341195992639, 30.88751480639527], [-95.85910043918048, 30.90018706951826], [-95.8744580547126, 30.902454196479205], [-95.88412457133431, 30.89204774658075], [-95.87843290129463, 30.879375397175547], [-95.86307790478195, 30.87710958376729]]]}}, {"type": "Feature", "properties": {"h3_index": "87446d6f2ffffff", "total_count": 1, "source": "inaturalist"}, "geometry": {"type": "Polygon", "coordinates": [[[-95.77099023235068, 30.863480661832096], [-95.7613224988855, 30.873877069264637], [-95.7669970797834, 30.886550238732355], [-95.78234259091288, 30.888827095054495], [-95.79201090925282, 30.878429460308904], [-95.78633313222153, 30.865756196738307], [-95.77099023235068, 30.863480661832096]]]}}, {"type": "Feature", "properties": {"h3_index": "87446d6f5ffffff", "total_count": 1, "source": "inaturalist"}, "geometry": {"type": "Polygon", "coordinates": [[[-95.8210088136386, 30.847226289892053], [-95.81134402095167, 30.85762905650188], [-95.81702499201697, 30.870302411836573], [-95.83237394833488, 30.87257309017053], [-95.84203931854418, 30.862169095305667], [-95.83635515554793, 30.84949565054579], [-95.8210088136386, 30.847226289892053]]]}}, {"type": "Feature", "properties": {"h3_index": "87446d703ffffff", "total_count": 4, "source": "inaturalist"}, "geometry": {"type": "Polygon", "coordinates": [[[-95.88572813722885, 30.608155486827084], [-95.87608531318278, 30.618580712078096], [-95.8817638574216, 30.63126028032108], [-95.89708840085537, 30.633514702830556], [-95.9067317907764, 30.623088239233862], [-95.90105007202209, 30.610408591657382], [-95.88572813722885, 30.608155486827084]]]}}, {"type": "Feature", "properties": {"h3_index": "87446d712ffffff", "total_count": 2, "source": "inaturalist"}, "geometry": {"type": "Polygon", "coordinates": [[[-95.79383858097837, 30.5946031624923], [-95.78419396298176, 30.605019609551388], [-95.78985867626716, 30.61770002231712], [-95.80517118802044, 30.619964075348978], [-95.81481638491853, 30.6095463898713], [-95.80914849179142, 30.59686588996474], [-95.79383858097837, 30.5946031624923]]]}}, {"type": "Feature", "properties": {"h3_index": "87446d733ffffff", "total_count": 4, "source": "inaturalist"}, "geometry": {"type": "Polygon", "coordinates": [[[-95.84771407832409, 30.555177384321702], [-95.8380744380879, 30.56560203775381], [-95.84374494990423, 30.578283207818714], [-95.8590582767237, 30.580539806305268], [-95.8686984877619, 30.57011391255378], [-95.86302480180966, 30.557432660819337], [-95.84771407832409, 30.555177384321702]]]}}, {"type": "Feature", "properties": {"h3_index": "87446d736ffffff", "total_count": 4, "source": "inaturalist"}, "geometry": {"type": "Polygon", "coordinates": [[[-95.83070851097307, 30.517131056282867], [-95.82107148631059, 30.527556370673345], [-95.8267377067216, 30.54023861757431], [-95.84204412560436, 30.542495632710192], [-95.85168172312741, 30.532069076528405], [-95.84601232953688, 30.519386747186402], [-95.83070851097307, 30.517131056282867]]]}}, {"type": "Feature", "properties": {"h3_index": "87446d78affffff", "total_count": 1, "source": "inaturalist"}, "geometry": {"type": "Polygon", "coordinates": [[[-95.72796750668023, 30.70324462753443], [-95.71831178827016, 30.713647061611777], [-95.72397234708599, 30.726324901035344], [-95.73929181506684, 30.728600401511862], [-95.74894812289888, 30.71819673383142], [-95.74328437395675, 30.70551879946201], [-95.72796750668023, 30.70324462753443]]]}}, {"type": "Feature", "properties": {"h3_index": "87446d79bffffff", "total_count": 3, "source": "inaturalist"}, "geometry": {"type": "Polygon", "coordinates": [[[-95.67802609055616, 30.719488769568255], [-95.66836746775877, 30.729884865047893], [-95.67402164008608, 30.742562507555576], [-95.68933763012005, 30.744844154396823], [-95.69899684965287, 30.734446826270577], [-95.69333948304325, 30.72176908413429], [-95.67802609055616, 30.719488769568255]]]}}, {"type": "Feature", "properties": {"h3_index": "87446d7a4ffffff", "total_count": 3, "source": "inaturalist"}, "geometry": {"type": "Polygon", "coordinates": [[[-95.75190712758506, 30.56471000710395], [-95.74226367593732, 30.575123975830806], [-95.74792091733488, 30.587805380466886], [-95.76322479196186, 30.590072906820435], [-95.77286882820708, 30.579657698678528], [-95.7672084058552, 30.5669762037827], [-95.75190712758506, 30.56471000710395]]]}}, {"type": "Feature", "properties": {"h3_index": "87446d7a5ffffff", "total_count": 3, "source": "inaturalist"}, "geometry": {"type": "Polygon", "coordinates": [[[-95.77286882820708, 30.579657698678528], [-95.76322479196186, 30.590072906820435], [-95.768885768835, 30.602753817814307], [-95.78419396298176, 30.605019609551388], [-95.79383858097837, 30.5946031624923], [-95.78817442370529, 30.581922162797788], [-95.77286882820708, 30.579657698678528]]]}}, {"type": "Feature", "properties": {"h3_index": "87446d7a6ffffff", "total_count": 8, "source": "inaturalist"}, "geometry": {"type": "Polygon", "coordinates": [[[-95.72696412273675, 30.572854718949177], [-95.71731921677258, 30.583265535343543], [-95.72297327513945, 30.595946847376144], [-95.73827542312769, 30.598217435802507], [-95.74792091733488, 30.587805380466886], [-95.74226367593732, 30.575123975830806], [-95.72696412273675, 30.572854718949177]]]}}, {"type": "Feature", "properties": {"h3_index": "87446d7b4ffffff", "total_count": 3, "source": "inaturalist"}, "geometry": {"type": "Polygon", "coordinates": [[[-95.68107757626407, 30.566037377566303], [-95.67143181439698, 30.576443800492143], [-95.6770789520362, 30.589125503517415], [-95.69237503781243, 30.5914008803077], [-95.70202139440404, 30.58099321842308], [-95.69637107111951, 30.56831141889178], [-95.68107757626407, 30.566037377566303]]]}}, {"type": "Feature", "properties": {"h3_index": "87446d7b5ffffff", "total_count": 7, "source": "inaturalist"}, "geometry": {"type": "Polygon", "coordinates": [[[-95.70202139440404, 30.58099321842308], [-95.69237503781243, 30.5914008803077], [-95.69802591107592, 30.604082097393196], [-95.71332632666005, 30.606355747725907], [-95.72297327513945, 30.595946847376144], [-95.71731921677258, 30.583265535343543], [-95.70202139440404, 30.58099321842308]]]}}, {"type": "Feature", "properties": {"h3_index": "87446dc01ffffff", "total_count": 1, "source": "inaturalist"}, "geometry": {"type": "Polygon", "coordinates": [[[-95.84713136557444, 30.009691029159132], [-95.8375367083325, 30.020149825052183], [-95.8431806673327, 30.03284411461162], [-95.85842242880447, 30.035079679502605], [-95.8680176516176, 30.024619620775315], [-95.86237054800996, 30.011925260176376], [-95.84713136557444, 30.009691029159132]]]}}, {"type": "Feature", "properties": {"h3_index": "87446dc02ffffff", "total_count": 8, "source": "inaturalist"}, "geometry": {"type": "Polygon", "coordinates": [[[-95.801425727849, 30.00297894995461], [-95.79183018732923, 30.013433394973948], [-95.79746730008492, 30.026128025889516], [-95.81270310120553, 30.02836828689873], [-95.82229921370777, 30.017912578985964], [-95.81665895372723, 30.005217873142694], [-95.801425727849, 30.00297894995461]]]}}, {"type": "Feature", "properties": {"h3_index": "87446dc04ffffff", "total_count": 6, "source": "inaturalist"}, "geometry": {"type": "Polygon", "coordinates": [[[-95.8302054009468, 29.971605795470825], [-95.82061333498602, 29.98206514894149], [-95.8262530425837, 29.9947603406053], [-95.84148796042732, 29.996996250740743], [-95.85108059398898, 29.986535632932053], [-95.84543774272706, 29.97384036951118], [-95.8302054009468, 29.971605795470825]]]}}, {"type": "Feature", "properties": {"h3_index": "87446dc06ffffff", "total_count": 1, "source": "inaturalist"}, "geometry": {"type": "Polygon", "coordinates": [[[-95.80538268363371, 29.97982756373977], [-95.79578916597323, 29.990283832400813], [-95.801425727849, 30.00297894995461], [-95.81665895372723, 30.005217873142694], [-95.8262530425837, 29.9947603406053], [-95.82061333498602, 29.98206514894149], [-95.80538268363371, 29.97982756373977]]]}}, {"type": "Feature", "properties": {"h3_index": "87446dc10ffffff", "total_count": 40, "source": "inaturalist"}, "geometry": {"type": "Polygon", "coordinates": [[[-95.75573799156315, 29.99625281054954], [-95.74614158139696, 30.006702902863054], [-95.7517718456703, 30.01939786513842], [-95.76700167055468, 30.021642814101334], [-95.77659865910476, 30.011191458841733], [-95.77096524500499, 29.998496417750786], [-95.75573799156315, 29.99625281054954]]]}}, {"type": "Feature", "properties": {"h3_index": "87446dc11ffffff", "total_count": 1, "source": "inaturalist"}, "geometry": {"type": "Polygon", "coordinates": [[[-95.77659865910476, 30.011191458841733], [-95.76700167055468, 30.021642814101334], [-95.7726356340309, 30.034337367736686], [-95.78786973595615, 30.03658064357801], [-95.79746730008492, 30.026128025889516], [-95.79183018732923, 30.013433394973948], [-95.77659865910476, 30.011191458841733]]]}}, {"type": "Feature", "properties": {"h3_index": "87446dc12ffffff", "total_count": 2, "source": "inaturalist"}, "geometry": {"type": "Polygon", "coordinates": [[[-95.73091603543347, 30.004456284833516], [-95.72131818446431, 30.014903285619205], [-95.72694529686439, 30.027598166726403], [-95.74217341272444, 30.029846128401644], [-95.7517718456703, 30.01939786513842], [-95.74614158139696, 30.006702902863054], [-95.73091603543347, 30.004456284833516]]]}}, {"type": "Feature", "properties": {"h3_index": "87446dc13ffffff", "total_count": 72, "source": "inaturalist"}, "geometry": {"type": "Polygon", "coordinates": [[[-95.7517718456703, 30.01939786513842], [-95.74217341272444, 30.029846128401644], [-95.74780422487014, 30.04254060240439], [-95.76303662191086, 30.04478689296197], [-95.7726356340309, 30.034337367736686], [-95.76700167055468, 30.021642814101334], [-95.7517718456703, 30.01939786513842]]]}}, {"type": "Feature", "properties": {"h3_index": "87446dc14ffffff", "total_count": 5, "source": "inaturalist"}, "geometry": {"type": "Polygon", "coordinates": [[[-95.75970266333293, 29.97310544617816], [-95.75010827519787, 29.983557363854608], [-95.75573799156315, 29.99625281054954], [-95.77096524500499, 29.998496417750786], [-95.78056021073444, 29.98804323614381], [-95.77492734604586, 29.975347711451615], [-95.75970266333293, 29.97310544617816]]]}}, {"type": "Feature", "properties": {"h3_index": "87446dc15ffffff", "total_count": 2, "source": "inaturalist"}, "geometry": {"type": "Polygon", "coordinates": [[[-95.78056021073444, 29.98804323614381], [-95.77096524500499, 29.998496417750786], [-95.77659865910476, 30.011191458841733], [-95.79183018732923, 30.013433394973948], [-95.801425727849, 30.00297894995461], [-95.79578916597323, 29.990283832400813], [-95.78056021073444, 29.98804323614381]]]}}, {"type": "Feature", "properties": {"h3_index": "87446dc16ffffff", "total_count": 12, "source": "inaturalist"}, "geometry": {"type": "Polygon", "coordinates": [[[-95.73488529841863, 29.98131208963781], [-95.72528946943775, 29.99176091848879], [-95.73091603543347, 30.004456284833516], [-95.74614158139696, 30.006702902863054], [-95.75573799156315, 29.99625281054954], [-95.75010827519787, 29.983557363854608], [-95.73488529841863, 29.98131208963781]]]}}, {"type": "Feature", "properties": {"h3_index": "87446dc1cffffff", "total_count": 1, "source": "inaturalist"}, "geometry": {"type": "Polygon", "coordinates": [[[-95.79746730008492, 30.026128025889516], [-95.78786973595615, 30.03658064357801], [-95.79350739955778, 30.04927478400143], [-95.80874577663742, 30.051516382665756], [-95.81834391353587, 30.041062503066293], [-95.81270310120553, 30.02836828689873], [-95.79746730008492, 30.026128025889516]]]}}, {"type": "Feature", "properties": {"h3_index": "87446dc1effffff", "total_count": 4, "source": "inaturalist"}, "geometry": {"type": "Polygon", "coordinates": [[[-95.7726356340309, 30.034337367736686], [-95.76303662191086, 30.04478689296197], [-95.76867113472859, 30.057480955289087], [-95.78390781106994, 30.05972557067257], [-95.79350739955778, 30.04927478400143], [-95.78786973595615, 30.03658064357801], [-95.7726356340309, 30.034337367736686]]]}}, {"type": "Feature", "properties": {"h3_index": "87446dc22ffffff", "total_count": 1, "source": "inaturalist"}, "geometry": {"type": "Polygon", "coordinates": [[[-95.8341562895797, 29.948448951133372], [-95.82456624576488, 29.95891012184342], [-95.8302054009468, 29.971605795470825], [-95.84543774272706, 29.97384036951118], [-95.85502835335893, 29.96337793348037], [-95.8493860560142, 29.950682188915227], [-95.8341562895797, 29.948448951133372]]]}}, {"type": "Feature", "properties": {"h3_index": "87446dc23ffffff", "total_count": 5, "source": "inaturalist"}, "geometry": {"type": "Polygon", "coordinates": [[[-95.85502835335893, 29.96337793348037], [-95.84543774272706, 29.97384036951118], [-95.85108059398898, 29.986535632932053], [-95.86631719810752, 29.988768529911287], [-95.87590837274446, 29.978304829083093], [-95.87026237987956, 29.965609496258196], [-95.85502835335893, 29.96337793348037]]]}}, {"type": "Feature", "properties": {"h3_index": "87446dc36ffffff", "total_count": 1, "source": "inaturalist"}, "geometry": {"type": "Polygon", "coordinates": [[[-95.76762758763786, 29.926803818271335], [-95.75803724132072, 29.937259375601165], [-95.76366586176344, 29.949955779569063], [-95.77888797446087, 29.95219670274946], [-95.78847889679558, 29.941739879518977], [-95.78284713103305, 29.929043399194303], [-95.76762758763786, 29.926803818271335]]]}}, {"type": "Feature", "properties": {"h3_index": "87446dc52ffffff", "total_count": 4, "source": "inaturalist"}, "geometry": {"type": "Polygon", "coordinates": [[[-95.877074213857, 30.10900341313034], [-95.86747234803762, 30.119459240407718], [-95.87312537801635, 30.132151175747087], [-95.88838342243285, 30.134387354398026], [-95.89798585053114, 30.12393026826717], [-95.892329672559, 30.111238262523678], [-95.877074213857, 30.10900341313034]]]}}, {"type": "Feature", "properties": {"h3_index": "87446dc80ffffff", "total_count": 11, "source": "inaturalist"}, "geometry": {"type": "Polygon", "coordinates": [[[-95.65246733139608, 30.052162422205015], [-95.64286315724245, 30.062598295217214], [-95.64848134362823, 30.07529242716812], [-95.66370686428132, 30.077550775333517], [-95.67331163198327, 30.067113642249517], [-95.66769028609906, 30.05441942125768], [-95.65246733139608, 30.052162422205015]]]}}, {"type": "Feature", "properties": {"h3_index": "87446dc82ffffff", "total_count": 3, "source": "inaturalist"}, "geometry": {"type": "Polygon", "coordinates": [[[-95.62764193427942, 30.060338283975007], [-95.61803633392515, 30.070771053883337], [-95.62365135877964, 30.08346509444155], [-95.6388751461341, 30.085726456669956], [-95.64848134362823, 30.07529242716812], [-95.64286315724245, 30.062598295217214], [-95.62764193427942, 30.060338283975007]]]}}, {"type": "Feature", "properties": {"h3_index": "87446dc84ffffff", "total_count": 1, "source": "inaturalist"}, "geometry": {"type": "Polygon", "coordinates": [[[-95.65645183842122, 30.029030085870215], [-95.6468496868607, 30.039467798716807], [-95.65246733139608, 30.052162422205015], [-95.66769028609906, 30.05441942125768], [-95.67729303041004, 30.043980447353018], [-95.6716722278826, 30.031285735639532], [-95.65645183842122, 30.029030085870215]]]}}, {"type": "Feature", "properties": {"h3_index": "87446dc85ffffff", "total_count": 2, "source": "inaturalist"}, "geometry": {"type": "Polygon", "coordinates": [[[-95.67729303041004, 30.043980447353018], [-95.66769028609906, 30.05441942125768], [-95.67331163198327, 30.067113642249517], [-95.68853888025643, 30.069368976211408], [-95.69814221452337, 30.058928741758937], [-95.69251771117729, 30.046234434078073], [-95.67729303041004, 30.043980447353018]]]}}, {"type": "Feature", "properties": {"h3_index": "87446dc86ffffff", "total_count": 2, "source": "inaturalist"}, "geometry": {"type": "Polygon", "coordinates": [[[-95.63163102758195, 30.03720913863231], [-95.6220274497685, 30.04764375106418], [-95.62764193427942, 30.060338283975007], [-95.64286315724245, 30.062598295217214], [-95.65246733139608, 30.052162422205015], [-95.6468496868607, 30.039467798716807], [-95.63163102758195, 30.03720913863231]]]}}, {"type": "Feature", "properties": {"h3_index": "87446dc88ffffff", "total_count": 42, "source": "inaturalist"}, "geometry": {"type": "Polygon", "coordinates": [[[-95.69018416293048, 30.105194499109462], [-95.68057677953941, 30.115631046274892], [-95.68620291724598, 30.128323861153348], [-95.70143959890409, 30.130580215830175], [-95.71104757104457, 30.120142410596127], [-95.70541827339508, 30.107449508939396], [-95.69018416293048, 30.105194499109462]]]}}, {"type": "Feature", "properties": {"h3_index": "87446dc89ffffff", "total_count": 10, "source": "inaturalist"}, "geometry": {"type": "Polygon", "coordinates": [[[-95.71104757104457, 30.120142410596127], [-95.70143959890409, 30.130580215830175], [-95.70706944277309, 30.14327261300796], [-95.722310418807, 30.145527290375814], [-95.73191897689243, 30.135088227582937], [-95.72628597361762, 30.12239574516648], [-95.71104757104457, 30.120142410596127]]]}}, {"type": "Feature", "properties": {"h3_index": "87446dc8affffff", "total_count": 5, "source": "inaturalist"}, "geometry": {"type": "Polygon", "coordinates": [[[-95.66534439412415, 30.113373018351968], [-95.6557355773956, 30.12380645877062], [-95.66135855311737, 30.136499184519824], [-95.67659350816919, 30.138758559165222], [-95.68620291724598, 30.128323861153348], [-95.68057677953941, 30.115631046274892], [-95.66534439412415, 30.113373018351968]]]}}, {"type": "Feature", "properties": {"h3_index": "87446dc8bffffff", "total_count": 9, "source": "inaturalist"}, "geometry": {"type": "Polygon", "coordinates": [[[-95.68620291724598, 30.128323861153348], [-95.67659350816919, 30.138758559165222], [-95.6822201905863, 30.151450868753578], [-95.69745944414984, 30.153708568105003], [-95.70706944277309, 30.14327261300796], [-95.70143959890409, 30.130580215830175], [-95.68620291724598, 30.128323861153348]]]}}, {"type": "Feature", "properties": {"h3_index": "87446dc8cffffff", "total_count": 5, "source": "inaturalist"}, "geometry": {"type": "Polygon", "coordinates": [[[-95.6941639284273, 30.082062790137883], [-95.68455856997272, 30.092501182784382], [-95.69018416293048, 30.105194499109462], [-95.70541827339508, 30.107449508939396], [-95.7150242198028, 30.097009857240415], [-95.70939546841011, 30.084316454949523], [-95.6941639284273, 30.082062790137883]]]}}, {"type": "Feature", "properties": {"h3_index": "87446dc8effffff", "total_count": 3, "source": "inaturalist"}, "geometry": {"type": "Polygon", "coordinates": [[[-95.66932875348361, 30.09024450175625], [-95.65972196164262, 30.100679790344035], [-95.66534439412415, 30.113373018351968], [-95.68057677953941, 30.115631046274892], [-95.69018416293048, 30.105194499109462], [-95.68455856997272, 30.092501182784382], [-95.66932875348361, 30.09024450175625]]]}}, {"type": "Feature", "properties": {"h3_index": "87446dc90ffffff", "total_count": 2, "source": "inaturalist"}, "geometry": {"type": "Polygon", "coordinates": [[[-95.58199034401436, 30.053548910324988], [-95.57238392462001, 30.063977315305124], [-95.5779920829996, 30.076671660005392], [-95.59320982546421, 30.078937695192742], [-95.60281684837565, 30.068508030594586], [-95.59720552591786, 30.055813590613123], [-95.58199034401436, 30.053548910324988]]]}}, {"type": "Feature", "properties": {"h3_index": "87446dc92ffffff", "total_count": 2, "source": "inaturalist"}, "geometry": {"type": "Polygon", "coordinates": [[[-95.55717048990479, 30.061709625138324], [-95.54756265518546, 30.0721349230916], [-95.5531676474654, 30.084829170158997], [-95.56838364117594, 30.08709821709209], [-95.5779920829996, 30.076671660005392], [-95.57238392462001, 30.063977315305124], [-95.55717048990479, 30.061709625138324]]]}}, {"type": "Feature", "properties": {"h3_index": "87446dc93ffffff", "total_count": 7, "source": "inaturalist"}, "geometry": {"type": "Polygon", "coordinates": [[[-95.5779920829996, 30.076671660005392], [-95.56838364117594, 30.08709821709209], [-95.57399233688368, 30.099792067810192], [-95.58921264061391, 30.102059457723378], [-95.59882168675813, 30.09163164200664], [-95.59320982546421, 30.078937695192742], [-95.5779920829996, 30.076671660005392]]]}}, {"type": "Feature", "properties": {"h3_index": "87446dc98ffffff", "total_count": 5, "source": "inaturalist"}, "geometry": {"type": "Polygon", "coordinates": [[[-95.6196593002951, 30.106589562513367], [-95.61004965261792, 30.11701863635603], [-95.61566575803774, 30.129711680676206], [-95.63089467629736, 30.131975744358908], [-95.64050492271603, 30.121545412895134], [-95.63488565274837, 30.10885227555555], [-95.6196593002951, 30.106589562513367]]]}}, {"type": "Feature", "properties": {"h3_index": "87446dc99ffffff", "total_count": 15, "source": "inaturalist"}, "geometry": {"type": "Polygon", "coordinates": [[[-95.64050492271603, 30.121545412895134], [-95.63089467629736, 30.131975744358908], [-95.63651448799614, 30.144668378627994], [-95.65174771075245, 30.146930773099104], [-95.66135855311737, 30.136499184519824], [-95.6557355773956, 30.12380645877062], [-95.64050492271603, 30.121545412895134]]]}}, {"type": "Feature", "properties": {"h3_index": "87446dc9affffff", "total_count": 1, "source": "inaturalist"}, "geometry": {"type": "Polygon", "coordinates": [[[-95.59482504070247, 30.114752907526135], [-95.58521397057855, 30.125178870692558], [-95.59082690942012, 30.13787181964238], [-95.60605408557777, 30.140138900982002], [-95.61566575803774, 30.129711680676206], [-95.61004965261792, 30.11701863635603], [-95.59482504070247, 30.114752907526135]]]}}, {"type": "Feature", "properties": {"h3_index": "87446dc9bffffff", "total_count": 6, "source": "inaturalist"}, "geometry": {"type": "Polygon", "coordinates": [[[-95.61566575803774, 30.129711680676206], [-95.60605408557777, 30.140138900982002], [-95.611670731219, 30.152831441420258], [-95.62690221599273, 30.155096855569315], [-95.63651448799614, 30.144668378627994], [-95.63089467629736, 30.131975744358908], [-95.61566575803774, 30.129711680676206]]]}}, {"type": "Feature", "properties": {"h3_index": "87446dc9cffffff", "total_count": 32, "source": "inaturalist"}, "geometry": {"type": "Polygon", "coordinates": [[[-95.62365135877964, 30.08346509444155], [-95.61404373513759, 30.09389601815262], [-95.6196593002951, 30.106589562513367], [-95.63488565274837, 30.10885227555555], [-95.64449387433072, 30.098420093237404], [-95.6388751461341, 30.085726456669956], [-95.62365135877964, 30.08346509444155]]]}}, {"type": "Feature", "properties": {"h3_index": "87446dc9dffffff", "total_count": 85, "source": "inaturalist"}, "geometry": {"type": "Polygon", "coordinates": [[[-95.64449387433072, 30.098420093237404], [-95.63488565274837, 30.10885227555555], [-95.64050492271603, 30.121545412895134], [-95.6557355773956, 30.12380645877062], [-95.66534439412415, 30.113373018351968], [-95.65972196164262, 30.100679790344035], [-95.64449387433072, 30.098420093237404]]]}}, {"type": "Feature", "properties": {"h3_index": "87446dc9effffff", "total_count": 6, "source": "inaturalist"}, "geometry": {"type": "Polygon", "coordinates": [[[-95.59882168675813, 30.09163164200664], [-95.58921264061391, 30.102059457723378], [-95.59482504070247, 30.114752907526135], [-95.61004965261792, 30.11701863635603], [-95.6196593002951, 30.106589562513367], [-95.61404373513759, 30.09389601815262], [-95.59882168675813, 30.09163164200664]]]}}, {"type": "Feature", "properties": {"h3_index": "87446dca0ffffff", "total_count": 2, "source": "inaturalist"}, "geometry": {"type": "Polygon", "coordinates": [[[-95.6852513901902, 29.997707081497506], [-95.6756526904182, 30.00814972600642], [-95.68127294955039, 30.02084492459235], [-95.69649506352155, 30.023097563910852], [-95.70609435165841, 30.012653656882286], [-95.70047093807494, 29.999958373240602], [-95.6852513901902, 29.997707081497506]]]}}, {"type": "Feature", "properties": {"h3_index": "87446dca2ffffff", "total_count": 1, "source": "inaturalist"}, "geometry": {"type": "Polygon", "coordinates": [[[-95.66043486549007, 30.005895425690184], [-95.6508347357757, 30.016334974692608], [-95.65645183842122, 30.029030085870215], [-95.6716722278826, 30.031285735639532], [-95.68127294955039, 30.02084492459235], [-95.6756526904182, 30.00814972600642], [-95.66043486549007, 30.005895425690184]]]}}, {"type": "Feature", "properties": {"h3_index": "87446dca3ffffff", "total_count": 1, "source": "inaturalist"}, "geometry": {"type": "Polygon", "coordinates": [[[-95.68127294955039, 30.02084492459235], [-95.6716722278826, 30.031285735639532], [-95.67729303041004, 30.043980447353018], [-95.69251771117729, 30.046234434078073], [-95.7021190220051, 30.03579236149737], [-95.69649506352155, 30.023097563910852], [-95.68127294955039, 30.02084492459235]]]}}, {"type": "Feature", "properties": {"h3_index": "87446dca4ffffff", "total_count": 6, "source": "inaturalist"}, "geometry": {"type": "Polygon", "coordinates": [[[-95.68922835311488, 29.97456692560279], [-95.6796316744916, 29.985011399890055], [-95.6852513901902, 29.997707081497506], [-95.70047093807494, 29.999958373240602], [-95.71006820426862, 29.989512635447145], [-95.70444533562264, 29.976816869602533], [-95.68922835311488, 29.97456692560279]]]}}, {"type": "Feature", "properties": {"h3_index": "87446dca5ffffff", "total_count": 15, "source": "inaturalist"}, "geometry": {"type": "Polygon", "coordinates": [[[-95.71006820426862, 29.989512635447145], [-95.70047093807494, 29.999958373240602], [-95.70609435165841, 30.012653656882286], [-95.72131818446431, 30.014903285619205], [-95.73091603543347, 30.004456284833516], [-95.72528946943775, 29.99176091848879], [-95.71006820426862, 29.989512635447145]]]}}, {"type": "Feature", "properties": {"h3_index": "87446dca6ffffff", "total_count": 16, "source": "inaturalist"}, "geometry": {"type": "Polygon", "coordinates": [[[-95.66441641338858, 29.9827584491958], [-95.65481830477368, 29.993199830672847], [-95.66043486549007, 30.005895425690184], [-95.6756526904182, 30.00814972600642], [-95.6852513901902, 29.997707081497506], [-95.6796316744916, 29.985011399890055], [-95.66441641338858, 29.9827584491958]]]}}, {"type": "Feature", "properties": {"h3_index": "87446dca8ffffff", "total_count": 113, "source": "inaturalist"}, "geometry": {"type": "Polygon", "coordinates": [[[-95.72297308192654, 30.05073772777951], [-95.71337118473592, 30.061181061381728], [-95.71899938983465, 30.07387496046026], [-95.73423264762548, 30.07612560892234], [-95.74383512837787, 30.06568101481135], [-95.73820376839566, 30.052987032932556], [-95.72297308192654, 30.05073772777951]]]}}, {"type": "Feature", "properties": {"h3_index": "87446dca9ffffff", "total_count": 73, "source": "inaturalist"}, "geometry": {"type": "Polygon", "coordinates": [[[-95.74383512837787, 30.06568101481135], [-95.73423264762548, 30.07612560892234], [-95.73986455540816, 30.08881909482759], [-95.75510209890373, 30.091068068070026], [-95.76470516041306, 30.080622213963753], [-95.75907009828892, 30.067928646795718], [-95.74383512837787, 30.06568101481135]]]}}, {"type": "Feature", "properties": {"h3_index": "87446dcaaffffff", "total_count": 4, "source": "inaturalist"}, "geometry": {"type": "Polygon", "coordinates": [[[-95.69814221452337, 30.058928741758937], [-95.68853888025643, 30.069368976211408], [-95.6941639284273, 30.082062790137883], [-95.70939546841011, 30.084316454949523], [-95.71899938983465, 30.07387496046026], [-95.71337118473592, 30.061181061381728], [-95.69814221452337, 30.058928741758937]]]}}, {"type": "Feature", "properties": {"h3_index": "87446dcabffffff", "total_count": 15, "source": "inaturalist"}, "geometry": {"type": "Polygon", "coordinates": [[[-95.71899938983465, 30.07387496046026], [-95.70939546841011, 30.084316454949523], [-95.7150242198028, 30.097009857240415], [-95.7302600496282, 30.099261848841874], [-95.73986455540816, 30.08881909482759], [-95.73423264762548, 30.07612560892234], [-95.71899938983465, 30.07387496046026]]]}}, {"type": "Feature", "properties": {"h3_index": "87446dcacffffff", "total_count": 1, "source": "inaturalist"}, "geometry": {"type": "Polygon", "coordinates": [[[-95.72694529686439, 30.027598166726403], [-95.71734542315875, 30.038043335761635], [-95.72297308192654, 30.05073772777951], [-95.73820376839566, 30.052987032932556], [-95.74780422487014, 30.04254060240439], [-95.74217341272444, 30.029846128401644], [-95.72694529686439, 30.027598166726403]]]}}, {"type": "Feature", "properties": {"h3_index": "87446dcadffffff", "total_count": 5, "source": "inaturalist"}, "geometry": {"type": "Polygon", "coordinates": [[[-95.74780422487014, 30.04254060240439], [-95.73820376839566, 30.052987032932556], [-95.74383512837787, 30.06568101481135], [-95.75907009828892, 30.067928646795718], [-95.76867113472859, 30.057480955289087], [-95.76303662191086, 30.04478689296197], [-95.74780422487014, 30.04254060240439]]]}}, {"type": "Feature", "properties": {"h3_index": "87446dcb0ffffff", "total_count": 12, "source": "inaturalist"}, "geometry": {"type": "Polygon", "coordinates": [[[-95.61479343447726, 29.99912319617614], [-95.60519247678612, 30.009558385378764], [-95.61080272144797, 30.022253800157667], [-95.62601708345494, 30.024514117215496], [-95.63561863947422, 30.01407766593649], [-95.63000523577129, 30.001382159862043], [-95.61479343447726, 29.99912319617614]]]}}, {"type": "Feature", "properties": {"h3_index": "87446dcb1ffffff", "total_count": 14, "source": "inaturalist"}, "geometry": {"type": "Polygon", "coordinates": [[[-95.63561863947422, 30.01407766593649], [-95.62601708345494, 30.024514117215496], [-95.63163102758195, 30.03720913863231], [-95.6468496868607, 30.039467798716807], [-95.65645183842122, 30.029030085870215], [-95.6508347357757, 30.016334974692608], [-95.63561863947422, 30.01407766593649]]]}}, {"type": "Feature", "properties": {"h3_index": "87446dcb2ffffff", "total_count": 1, "source": "inaturalist"}, "geometry": {"type": "Polygon", "coordinates": [[[-95.58998241389199, 30.00729641540558], [-95.58038003711917, 30.01772850515408], [-95.58598712071598, 30.03042382628492], [-95.60119974276272, 30.03268715150139], [-95.61080272144797, 30.022253800157667], [-95.60519247678612, 30.009558385378764], [-95.58998241389199, 30.00729641540558]]]}}, {"type": "Feature", "properties": {"h3_index": "87446dcb3ffffff", "total_count": 10, "source": "inaturalist"}, "geometry": {"type": "Polygon", "coordinates": [[[-95.61080272144797, 30.022253800157667], [-95.60119974276272, 30.03268715150139], [-95.60681052634308, 30.045382080805105], [-95.6220274497685, 30.04764375106418], [-95.63163102758195, 30.03720913863231], [-95.62601708345494, 30.024514117215496], [-95.61080272144797, 30.022253800157667]]]}}, {"type": "Feature", "properties": {"h3_index": "87446dcb4ffffff", "total_count": 13, "source": "inaturalist"}, "geometry": {"type": "Polygon", "coordinates": [[[-95.61878266621743, 29.975990276388735], [-95.6091837287749, 29.986427299770845], [-95.61479343447726, 29.99912319617614], [-95.63000523577129, 30.001382159862043], [-95.63960477074264, 29.990943873414896], [-95.63399190750384, 29.978247886532895], [-95.61878266621743, 29.975990276388735]]]}}, {"type": "Feature", "properties": {"h3_index": "87446dcb5ffffff", "total_count": 14, "source": "inaturalist"}, "geometry": {"type": "Polygon", "coordinates": [[[-95.63960477074264, 29.990943873414896], [-95.63000523577129, 30.001382159862043], [-95.63561863947422, 30.01407766593649], [-95.6508347357757, 30.016334974692608], [-95.66043486549007, 30.005895425690184], [-95.65481830477368, 29.993199830672847], [-95.63960477074264, 29.990943873414896]]]}}, {"type": "Feature", "properties": {"h3_index": "87446dcb6ffffff", "total_count": 3, "source": "inaturalist"}, "geometry": {"type": "Polygon", "coordinates": [[[-95.5939762243294, 29.984166685211655], [-95.58437586774949, 29.994600611829846], [-95.58998241389199, 30.00729641540558], [-95.60519247678612, 30.009558385378764], [-95.61479343447726, 29.99912319617614], [-95.6091837287749, 29.986427299770845], [-95.5939762243294, 29.984166685211655]]]}}, {"type": "Feature", "properties": {"h3_index": "87446dcc2ffffff", "total_count": 8, "source": "inaturalist"}, "geometry": {"type": "Polygon", "coordinates": [[[-95.77368577800962, 30.164973543515526], [-95.76407605646293, 30.175415119893763], [-95.76971702441678, 30.188106236530547], [-95.78497087231062, 30.190355857589743], [-95.79458117136593, 30.179913025186472], [-95.7889370456406, 30.167221827934142], [-95.77368577800962, 30.164973543515526]]]}}, {"type": "Feature", "properties": {"h3_index": "87446dcc3ffffff", "total_count": 6, "source": "inaturalist"}, "geometry": {"type": "Polygon", "coordinates": [[[-95.79458117136593, 30.179913025186472], [-95.78497087231062, 30.190355857589743], [-95.79061555014961, 30.203046538229227], [-95.80587368488584, 30.205294465723515], [-95.81548455863005, 30.19485037780796], [-95.80983672357202, 30.1821596180954], [-95.79458117136593, 30.179913025186472]]]}}, {"type": "Feature", "properties": {"h3_index": "87446dcc4ffffff", "total_count": 2, "source": "inaturalist"}, "geometry": {"type": "Polygon", "coordinates": [[[-95.802507984207, 30.133638905606617], [-95.79290174221198, 30.144085435118008], [-95.79854531578945, 30.156777145140342], [-95.81379828618468, 30.15902240329272], [-95.82340510128824, 30.148574616310807], [-95.81775837351047, 30.13588282883211], [-95.802507984207, 30.133638905606617]]]}}, {"type": "Feature", "properties": {"h3_index": "87446dcc6ffffff", "total_count": 5, "source": "inaturalist"}, "geometry": {"type": "Polygon", "coordinates": [[[-95.77765305412609, 30.141838487511208], [-95.76804536069416, 30.152281913300076], [-95.77368577800962, 30.164973543515526], [-95.7889370456406, 30.167221827934142], [-95.79854531578945, 30.156777145140342], [-95.79290174221198, 30.144085435118008], [-95.77765305412609, 30.141838487511208]]]}}, {"type": "Feature", "properties": {"h3_index": "87446dccbffffff", "total_count": 7, "source": "inaturalist"}, "geometry": {"type": "Polygon", "coordinates": [[[-95.83243659359105, 30.232920730565354], [-95.82282311674068, 30.243364217462968], [-95.82847577215358, 30.25605348585277], [-95.84374506265613, 30.258299344320317], [-95.8533591093334, 30.24785460391463], [-95.8477032963064, 30.235165258734273], [-95.83243659359105, 30.232920730565354]]]}}, {"type": "Feature", "properties": {"h3_index": "87446dcd0ffffff", "total_count": 5, "source": "inaturalist"}, "geometry": {"type": "Polygon", "coordinates": [[[-95.72794396977315, 30.158219265280568], [-95.71833338440906, 30.16865647695399], [-95.72396748302982, 30.181347940504523], [-95.73921532800912, 30.183602277074556], [-95.74882649730463, 30.173163809334277], [-95.74318923830931, 30.160472261276126], [-95.72794396977315, 30.158219265280568]]]}}, {"type": "Feature", "properties": {"h3_index": "87446dcd1ffffff", "total_count": 7, "source": "inaturalist"}, "geometry": {"type": "Polygon", "coordinates": [[[-95.74882649730463, 30.173163809334277], [-95.73921532800912, 30.183602277074556], [-95.7448531361328, 30.196293310745716], [-95.76010527400312, 30.198545959827413], [-95.76971702441678, 30.188106236530547], [-95.76407605646293, 30.175415119893763], [-95.74882649730463, 30.173163809334277]]]}}, {"type": "Feature", "properties": {"h3_index": "87446dcd2ffffff", "total_count": 3, "source": "inaturalist"}, "geometry": {"type": "Polygon", "coordinates": [[[-95.70308983420084, 30.16640045696088], [-95.69347780834453, 30.176834558251517], [-95.6991087445399, 30.18952593494426], [-95.71435486963601, 30.191783297389534], [-95.72396748302982, 30.181347940504523], [-95.71833338440906, 30.16865647695399], [-95.70308983420084, 30.16640045696088]]]}}, {"type": "Feature", "properties": {"h3_index": "87446dcd3ffffff", "total_count": 15, "source": "inaturalist"}, "geometry": {"type": "Polygon", "coordinates": [[[-95.72396748302982, 30.181347940504523], [-95.71435486963601, 30.191783297389534], [-95.71998951587449, 30.204474245745136], [-95.73523993801209, 30.206729922716566], [-95.7448531361328, 30.196293310745716], [-95.73921532800912, 30.183602277074556], [-95.72396748302982, 30.181347940504523]]]}}, {"type": "Feature", "properties": {"h3_index": "87446dcd4ffffff", "total_count": 3, "source": "inaturalist"}, "geometry": {"type": "Polygon", "coordinates": [[[-95.73191897689243, 30.135088227582937], [-95.722310418807, 30.145527290375814], [-95.72794396977315, 30.158219265280568], [-95.74318923830931, 30.160472261276126], [-95.75279837953141, 30.15003194143494], [-95.74716166970039, 30.13733988283183], [-95.73191897689243, 30.135088227582937]]]}}, {"type": "Feature", "properties": {"h3_index": "87446dcd5ffffff", "total_count": 41, "source": "inaturalist"}, "geometry": {"type": "Polygon", "coordinates": [[[-95.75279837953141, 30.15003194143494], [-95.74318923830931, 30.160472261276126], [-95.74882649730463, 30.173163809334277], [-95.76407605646293, 30.175415119893763], [-95.77368577800962, 30.164973543515526], [-95.76804536069416, 30.152281913300076], [-95.75279837953141, 30.15003194143494]]]}}, {"type": "Feature", "properties": {"h3_index": "87446dcd6ffffff", "total_count": 4, "source": "inaturalist"}, "geometry": {"type": "Polygon", "coordinates": [[[-95.70706944277309, 30.14327261300796], [-95.69745944414984, 30.153708568105003], [-95.70308983420084, 30.16640045696088], [-95.71833338440906, 30.16865647695399], [-95.72794396977315, 30.158219265280568], [-95.722310418807, 30.145527290375814], [-95.70706944277309, 30.14327261300796]]]}}, {"type": "Feature", "properties": {"h3_index": "87446dcdbffffff", "total_count": 8, "source": "inaturalist"}, "geometry": {"type": "Polygon", "coordinates": [[[-95.7617750816519, 30.23436450354801], [-95.75215927124616, 30.244800509680555], [-95.75780189090345, 30.257490062539272], [-95.77306348389449, 30.259743692484236], [-95.78267987418843, 30.249306433263694], [-95.77703409222558, 30.236616797371248], [-95.7617750816519, 30.23436450354801]]]}}, {"type": "Feature", "properties": {"h3_index": "87446dcdcffffff", "total_count": 20, "source": "inaturalist"}, "geometry": {"type": "Polygon", "coordinates": [[[-95.76971702441678, 30.188106236530547], [-95.76010527400312, 30.198545959827413], [-95.7657467925602, 30.211236559043964], [-95.78100322143487, 30.21348751657167], [-95.79061555014961, 30.203046538229227], [-95.78497087231062, 30.190355857589743], [-95.76971702441678, 30.188106236530547]]]}}, {"type": "Feature", "properties": {"h3_index": "87446dcdeffffff", "total_count": 19, "source": "inaturalist"}, "geometry": {"type": "Polygon", "coordinates": [[[-95.7448531361328, 30.196293310745716], [-95.73523993801209, 30.206729922716566], [-95.740878295228, 30.2194204381605], [-95.75613301252696, 30.221674425591395], [-95.7657467925602, 30.211236559043964], [-95.76010527400312, 30.198545959827413], [-95.7448531361328, 30.196293310745716]]]}}, {"type": "Feature", "properties": {"h3_index": "87446dce1ffffff", "total_count": 2, "source": "inaturalist"}, "geometry": {"type": "Polygon", "coordinates": [[[-95.85221857342401, 30.117221366293904], [-95.84261524523681, 30.127674096554603], [-95.84826512514955, 30.14036595913901], [-95.86352148393959, 30.142605164402582], [-95.87312537801635, 30.132151175747087], [-95.86747234803762, 30.119459240407718], [-95.85221857342401, 30.117221366293904]]]}}, {"type": "Feature", "properties": {"h3_index": "87446dce3ffffff", "total_count": 5, "source": "inaturalist"}, "geometry": {"type": "Polygon", "coordinates": [[[-95.8273631604234, 30.125433197828432], [-95.81775837351047, 30.13588282883211], [-95.82340510128824, 30.148574616310807], [-95.83865976873719, 30.150816848076506], [-95.84826512514955, 30.14036595913901], [-95.84261524523681, 30.127674096554603], [-95.8273631604234, 30.125433197828432]]]}}, {"type": "Feature", "properties": {"h3_index": "87446dce6ffffff", "total_count": 2, "source": "inaturalist"}, "geometry": {"type": "Polygon", "coordinates": [[[-95.8104288961689, 30.087355378161682], [-95.8008267082252, 30.097805590078814], [-95.80646917740488, 30.11049831410553], [-95.82171698633553, 30.112740902234663], [-95.83131974581043, 30.102289430887005], [-95.82567412544546, 30.089596631025852], [-95.8104288961689, 30.087355378161682]]]}}, {"type": "Feature", "properties": {"h3_index": "87446dce8ffffff", "total_count": 2, "source": "inaturalist"}, "geometry": {"type": "Polygon", "coordinates": [[[-95.86917507059117, 30.15529658940003], [-95.85956914750328, 30.165748735754114], [-95.86522329079624, 30.178439646562904], [-95.88048650881115, 30.180678483225346], [-95.89009299574684, 30.170225079972706], [-95.88443570144523, 30.157534097140953], [-95.86917507059117, 30.15529658940003]]]}}, {"type": "Feature", "properties": {"h3_index": "87446dce9ffffff", "total_count": 17, "source": "inaturalist"}, "geometry": {"type": "Polygon", "coordinates": [[[-95.89009299574684, 30.170225079972706], [-95.88048650881115, 30.180678483225346], [-95.8861443612316, 30.193368948830962], [-95.90141185165392, 30.195606081849117], [-95.91101889960588, 30.18515142221665], [-95.90535789674571, 30.172460886130516], [-95.89009299574684, 30.170225079972706]]]}}, {"type": "Feature", "properties": {"h3_index": "87446dceaffffff", "total_count": 5, "source": "inaturalist"}, "geometry": {"type": "Polygon", "coordinates": [[[-95.84431020381501, 30.163508199509277], [-95.83470281842413, 30.173957243446225], [-95.84035380863469, 30.18664807988193], [-95.85561533794312, 30.188889946938634], [-95.86522329079624, 30.178439646562904], [-95.85956914750328, 30.165748735754114], [-95.84431020381501, 30.163508199509277]]]}}, {"type": "Feature", "properties": {"h3_index": "87446dcf1ffffff", "total_count": 9, "source": "inaturalist"}, "geometry": {"type": "Polygon", "coordinates": [[[-95.78161885355306, 30.118701076034316], [-95.77201318748405, 30.129146347560408], [-95.77765305412609, 30.141838487511208], [-95.79290174221198, 30.144085435118008], [-95.802507984207, 30.133638905606617], [-95.79686496281147, 30.120946686658897], [-95.78161885355306, 30.118701076034316]]]}}, {"type": "Feature", "properties": {"h3_index": "87446dcf3ffffff", "total_count": 32, "source": "inaturalist"}, "geometry": {"type": "Polygon", "coordinates": [[[-95.75676878360056, 30.126897714560926], [-95.74716166970039, 30.13733988283183], [-95.75279837953141, 30.15003194143494], [-95.76804536069416, 30.152281913300076], [-95.77765305412609, 30.141838487511208], [-95.77201318748405, 30.129146347560408], [-95.75676878360056, 30.126897714560926]]]}}, {"type": "Feature", "properties": {"h3_index": "87446dcf4ffffff", "total_count": 1, "source": "inaturalist"}, "geometry": {"type": "Polygon", "coordinates": [[[-95.76470516041306, 30.080622213963753], [-95.75510209890373, 30.091068068070026], [-95.760737710299, 30.10376113622983], [-95.77597953761928, 30.106008430193267], [-95.78558317707687, 30.095561316605952], [-95.77994441188602, 30.082868168721546], [-95.76470516041306, 30.080622213963753]]]}}, {"type": "Feature", "properties": {"h3_index": "87446dcf5ffffff", "total_count": 13, "source": "inaturalist"}, "geometry": {"type": "Polygon", "coordinates": [[[-95.78558317707687, 30.095561316605952], [-95.77597953761928, 30.106008430193267], [-95.78161885355306, 30.118701076034316], [-95.79686496281147, 30.120946686658897], [-95.80646917740488, 30.11049831410553], [-95.8008267082252, 30.097805590078814], [-95.78558317707687, 30.095561316605952]]]}}, {"type": "Feature", "properties": {"h3_index": "87446dcf6ffffff", "total_count": 3, "source": "inaturalist"}, "geometry": {"type": "Polygon", "coordinates": [[[-95.73986455540816, 30.08881909482759], [-95.7302600496282, 30.099261848841874], [-95.73589250517514, 30.11195483492577], [-95.7511326229696, 30.114205149256666], [-95.760737710299, 30.10376113622983], [-95.75510209890373, 30.091068068070026], [-95.73986455540816, 30.08881909482759]]]}}, {"type": "Feature", "properties": {"h3_index": "87446dd18ffffff", "total_count": 7, "source": "inaturalist"}, "geometry": {"type": "Polygon", "coordinates": [[[-95.82119580263465, 29.887199067093373], [-95.8116103689215, 29.897662593377966], [-95.81724472694084, 29.91035961891099], [-95.83246765901212, 29.9125931891712], [-95.84205366078278, 29.902128395074516], [-95.83641616304388, 29.88943129871513], [-95.82119580263465, 29.887199067093373]]]}}, {"type": "Feature", "properties": {"h3_index": "87446dd1affffff", "total_count": 17, "source": "inaturalist"}, "geometry": {"type": "Polygon", "coordinates": [[[-95.79639169847785, 29.895427358265376], [-95.7868048165449, 29.90588780834041], [-95.79243603279293, 29.918584760692884], [-95.80765727336365, 29.920821336336378], [-95.81724472694084, 29.91035961891099], [-95.8116103689215, 29.897662593377966], [-95.79639169847785, 29.895427358265376]]]}}, {"type": "Feature", "properties": {"h3_index": "87446dd80ffffff", "total_count": 15, "source": "inaturalist"}, "geometry": {"type": "Polygon", "coordinates": [[[-95.6803278289791, 29.89018753084331], [-95.67073779730262, 29.90063620535483], [-95.67635218991335, 29.91333369719999], [-95.69155976378802, 29.915582598023864], [-95.70115038344383, 29.905132656527933], [-95.69553284185942, 29.892435081378487], [-95.6803278289791, 29.89018753084331]]]}}, {"type": "Feature", "properties": {"h3_index": "87446dd81ffffff", "total_count": 6, "source": "inaturalist"}, "geometry": {"type": "Polygon", "coordinates": [[[-95.70115038344383, 29.905132656527933], [-95.69155976378802, 29.915582598023864], [-95.69717784895764, 29.928279705572848], [-95.71238970283912, 29.930526953585467], [-95.72198090768651, 29.920075745621237], [-95.71635967407566, 29.907378556298536], [-95.70115038344383, 29.905132656527933]]]}}, {"type": "Feature", "properties": {"h3_index": "87446dd82ffffff", "total_count": 28, "source": "inaturalist"}, "geometry": {"type": "Polygon", "coordinates": [[[-95.6555345052888, 29.898385655769765], [-95.64594304705362, 29.908831246047377], [-95.65155428866164, 29.921528652234123], [-95.66676014012046, 29.923780553987687], [-95.67635218991335, 29.91333369719999], [-95.67073779730262, 29.90063620535483], [-95.6555345052888, 29.898385655769765]]]}}, {"type": "Feature", "properties": {"h3_index": "87446dd83ffffff", "total_count": 21, "source": "inaturalist"}, "geometry": {"type": "Polygon", "coordinates": [[[-95.67635218991335, 29.91333369719999], [-95.66676014012046, 29.923780553987687], [-95.67237507481562, 29.93647757740902], [-95.6875852103921, 29.938727828356217], [-95.69717784895764, 29.928279705572848], [-95.69155976378802, 29.915582598023864], [-95.67635218991335, 29.91333369719999]]]}}, {"type": "Feature", "properties": {"h3_index": "87446dd88ffffff", "total_count": 37, "source": "inaturalist"}, "geometry": {"type": "Polygon", "coordinates": [[[-95.71801148149862, 29.943223672272314], [-95.70841825694932, 29.953673060536193], [-95.71404058062059, 29.966369304729763], [-95.72925927886375, 29.968616241909075], [-95.73885308660418, 29.95816558868058], [-95.73322761352641, 29.945469263423092], [-95.71801148149862, 29.943223672272314]]]}}, {"type": "Feature", "properties": {"h3_index": "87446dd89ffffff", "total_count": 6, "source": "inaturalist"}, "geometry": {"type": "Polygon", "coordinates": [[[-95.73885308660418, 29.95816558868058], [-95.72925927886375, 29.968616241909075], [-95.73488529841863, 29.98131208963781], [-95.75010827519787, 29.983557363854608], [-95.75970266333293, 29.97310544617816], [-95.75407349491127, 29.96040951891848], [-95.73885308660418, 29.95816558868058]]]}}, {"type": "Feature", "properties": {"h3_index": "87446dd8affffff", "total_count": 7, "source": "inaturalist"}, "geometry": {"type": "Polygon", "coordinates": [[[-95.69320383910924, 29.951424464446912], [-95.683609180888, 29.96187076482653], [-95.68922835311488, 29.97456692560279], [-95.70444533562264, 29.976816869602533], [-95.71404058062059, 29.966369304729763], [-95.70841825694932, 29.953673060536193], [-95.69320383910924, 29.951424464446912]]]}}, {"type": "Feature", "properties": {"h3_index": "87446dd8cffffff", "total_count": 7, "source": "inaturalist"}, "geometry": {"type": "Polygon", "coordinates": [[[-95.72198090768651, 29.920075745621237], [-95.71238970283912, 29.930526953585467], [-95.71801148149862, 29.943223672272314], [-95.73322761352641, 29.945469263423092], [-95.74281940077385, 29.935016789507454], [-95.73719447420935, 29.92231999057819], [-95.72198090768651, 29.920075745621237]]]}}, {"type": "Feature", "properties": {"h3_index": "87446dd8dffffff", "total_count": 28, "source": "inaturalist"}, "geometry": {"type": "Polygon", "coordinates": [[[-95.74281940077385, 29.935016789507454], [-95.73322761352641, 29.945469263423092], [-95.73885308660418, 29.95816558868058], [-95.75407349491127, 29.96040951891848], [-95.76366586176344, 29.949955779569063], [-95.75803724132072, 29.937259375601165], [-95.74281940077385, 29.935016789507454]]]}}, {"type": "Feature", "properties": {"h3_index": "87446dd90ffffff", "total_count": 1, "source": "inaturalist"}, "geometry": {"type": "Polygon", "coordinates": [[[-95.60993665441448, 29.891624721936665], [-95.60034437116212, 29.90206595920935], [-95.60594876707205, 29.914763654054862], [-95.62114860039377, 29.91702020135658], [-95.63074148156004, 29.90657769753851], [-95.6251339321017, 29.89387991315032], [-95.60993665441448, 29.891624721936665]]]}}, {"type": "Feature", "properties": {"h3_index": "87446dd92ffffff", "total_count": 14, "source": "inaturalist"}, "geometry": {"type": "Polygon", "coordinates": [[[-95.58514882973974, 29.89980777121218], [-95.57555513075944, 29.910245920285316], [-95.58115637110333, 29.922943523234093], [-95.59635446660373, 29.92520306919276], [-95.60594876707205, 29.914763654054862], [-95.60034437116212, 29.90206595920935], [-95.58514882973974, 29.89980777121218]]]}}, {"type": "Feature", "properties": {"h3_index": "87446dd93ffffff", "total_count": 5, "source": "inaturalist"}, "geometry": {"type": "Polygon", "coordinates": [[[-95.60594876707205, 29.914763654054862], [-95.59635446660373, 29.92520306919276], [-95.60195940013375, 29.937900297000738], [-95.61716178979322, 29.940158200223312], [-95.62675668897367, 29.929717519530875], [-95.62114860039377, 29.91702020135658], [-95.60594876707205, 29.914763654054862]]]}}, {"type": "Feature", "properties": {"h3_index": "87446dd95ffffff", "total_count": 15, "source": "inaturalist"}, "geometry": {"type": "Polygon", "coordinates": [[[-95.63472479599788, 29.883435589896425], [-95.6251339321017, 29.89387991315032], [-95.63074148156004, 29.90657769753851], [-95.64594304705362, 29.908831246047377], [-95.6555345052888, 29.898385655769765], [-95.64992380430328, 29.885687784193113], [-95.63472479599788, 29.883435589896425]]]}}, {"type": "Feature", "properties": {"h3_index": "87446dd98ffffff", "total_count": 18, "source": "inaturalist"}, "geometry": {"type": "Polygon", "coordinates": [[[-95.6475725945512, 29.9446693590255], [-95.63797709943834, 29.955111304761505], [-95.64358942217316, 29.96780776859922], [-95.65880039464042, 29.970062374190103], [-95.66839648290215, 29.959619163922234], [-95.66278100616111, 29.946922612781307], [-95.6475725945512, 29.9446693590255]]]}}, {"type": "Feature", "properties": {"h3_index": "87446dd99ffffff", "total_count": 35, "source": "inaturalist"}, "geometry": {"type": "Polygon", "coordinates": [[[-95.66839648290215, 29.959619163922234], [-95.65880039464042, 29.970062374190103], [-95.66441641338858, 29.9827584491958], [-95.6796316744916, 29.985011399890055], [-95.68922835311488, 29.97456692560279], [-95.683609180888, 29.96187076482653], [-95.66839648290215, 29.959619163922234]]]}}, {"type": "Feature", "properties": {"h3_index": "87446dd9affffff", "total_count": 38, "source": "inaturalist"}, "geometry": {"type": "Polygon", "coordinates": [[[-95.62277041745443, 29.95285504832802], [-95.61317349951534, 29.96329390220761], [-95.61878266621743, 29.975990276388735], [-95.63399190750384, 29.978247886532895], [-95.64358942217316, 29.96780776859922], [-95.63797709943834, 29.955111304761505], [-95.62277041745443, 29.95285504832802]]]}}, {"type": "Feature", "properties": {"h3_index": "87446dd9bffffff", "total_count": 44, "source": "inaturalist"}, "geometry": {"type": "Polygon", "coordinates": [[[-95.64358942217316, 29.96780776859922], [-95.63399190750384, 29.978247886532895], [-95.63960477074264, 29.990943873414896], [-95.65481830477368, 29.993199830672847], [-95.66441641338858, 29.9827584491958], [-95.65880039464042, 29.970062374190103], [-95.64358942217316, 29.96780776859922]]]}}, {"type": "Feature", "properties": {"h3_index": "87446dd9cffffff", "total_count": 4, "source": "inaturalist"}, "geometry": {"type": "Polygon", "coordinates": [[[-95.65155428866164, 29.921528652234123], [-95.64196081236003, 29.931972422085643], [-95.6475725945512, 29.9446693590255], [-95.66278100616111, 29.946922612781307], [-95.67237507481562, 29.93647757740902], [-95.66676014012046, 29.923780553987687], [-95.65155428866164, 29.921528652234123]]]}}, {"type": "Feature", "properties": {"h3_index": "87446dd9effffff", "total_count": 30, "source": "inaturalist"}, "geometry": {"type": "Polygon", "coordinates": [[[-95.62675668897367, 29.929717519530875], [-95.61716178979322, 29.940158200223312], [-95.62277041745443, 29.95285504832802], [-95.63797709943834, 29.955111304761505], [-95.6475725945512, 29.9446693590255], [-95.64196081236003, 29.931972422085643], [-95.62675668897367, 29.929717519530875]]]}}, {"type": "Feature", "properties": {"h3_index": "87446dda8ffffff", "total_count": 5, "source": "inaturalist"}, "geometry": {"type": "Polygon", "coordinates": [[[-95.75074761019809, 29.888712326717577], [-95.7411598616956, 29.89916843092601], [-95.74678424171093, 29.911865699668372], [-95.76199951520928, 29.914106941453483], [-95.77158784173889, 29.903649569838386], [-95.76596031735951, 29.890952224030546], [-95.75074761019809, 29.888712326717577]]]}}, {"type": "Feature", "properties": {"h3_index": "87446dda9ffffff", "total_count": 9, "source": "inaturalist"}, "geometry": {"type": "Polygon", "coordinates": [[[-95.77158784173889, 29.903649569838386], [-95.76199951520928, 29.914106941453483], [-95.76762758763786, 29.926803818271335], [-95.78284713103305, 29.929043399194303], [-95.79243603279293, 29.918584760692884], [-95.7868048165449, 29.90588780834041], [-95.77158784173889, 29.903649569838386]]]}}, {"type": "Feature", "properties": {"h3_index": "87446ddaaffffff", "total_count": 1, "source": "inaturalist"}, "geometry": {"type": "Polygon", "coordinates": [[[-95.7259488599675, 29.896925532327344], [-95.71635967407566, 29.907378556298536], [-95.72198090768651, 29.920075745621237], [-95.73719447420935, 29.92231999057819], [-95.74678424171093, 29.911865699668372], [-95.7411598616956, 29.89916843092601], [-95.7259488599675, 29.896925532327344]]]}}, {"type": "Feature", "properties": {"h3_index": "87446ddabffffff", "total_count": 1, "source": "inaturalist"}, "geometry": {"type": "Polygon", "coordinates": [[[-95.74678424171093, 29.911865699668372], [-95.73719447420935, 29.92231999057819], [-95.74281940077385, 29.935016789507454], [-95.75803724132072, 29.937259375601165], [-95.76762758763786, 29.926803818271335], [-95.76199951520928, 29.914106941453483], [-95.74678424171093, 29.911865699668372]]]}}, {"type": "Feature", "properties": {"h3_index": "87446e040ffffff", "total_count": 2, "source": "inaturalist"}, "geometry": {"type": "Polygon", "coordinates": [[[-94.00594883503203, 30.128209805556452], [-93.99629583094584, 30.138465114322283], [-94.00167885140779, 30.151157892503395], [-94.0167181372101, 30.153595598356052], [-94.02637196462044, 30.143339046785183], [-94.02098568345386, 30.13064603235661], [-94.00594883503203, 30.128209805556452]]]}}, {"type": "Feature", "properties": {"h3_index": "87446e043ffffff", "total_count": 4, "source": "inaturalist"}, "geometry": {"type": "Polygon", "coordinates": [[[-94.00167885140779, 30.151157892503395], [-93.99202384811798, 30.16141125094331], [-93.99740730584824, 30.174103556815933], [-94.01244902964129, 30.176542741503216], [-94.02210485716367, 30.166288141293364], [-94.0167181372101, 30.153595598356052], [-94.00167885140779, 30.151157892503395]]]}}, {"type": "Feature", "properties": {"h3_index": "87446e04affffff", "total_count": 4, "source": "inaturalist"}, "geometry": {"type": "Polygon", "coordinates": [[[-94.01783618828257, 30.189234809159597], [-94.00817835993782, 30.199487454437975], [-94.01356595716739, 30.2121790430255], [-94.0286146467894, 30.214618222879373], [-94.03827329769994, 30.20436433727848], [-94.03288243697361, 30.191672512336], [-94.01783618828257, 30.189234809159597]]]}}, {"type": "Feature", "properties": {"h3_index": "87446e04effffff", "total_count": 20, "source": "inaturalist"}, "geometry": {"type": "Polygon", "coordinates": [[[-94.02210485716367, 30.166288141293364], [-94.01244902964129, 30.176542741503216], [-94.01783618828257, 30.189234809159597], [-94.03288243697361, 30.191672512336], [-94.04253908615343, 30.18141667076993], [-94.03714866553553, 30.168724367573493], [-94.02210485716367, 30.166288141293364]]]}}, {"type": "Feature", "properties": {"h3_index": "87446e142ffffff", "total_count": 1, "source": "inaturalist"}, "geometry": {"type": "Polygon", "coordinates": [[[-94.01113829537985, 29.97534603320634], [-94.00149809208749, 29.98561171934494], [-94.0068747970266, 29.998307464634202], [-94.02189495766449, 30.000737756807496], [-94.03153598141196, 29.99047082122523], [-94.02615602461405, 29.97777484310355], [-94.01113829537985, 29.97534603320634]]]}}, {"type": "Feature", "properties": {"h3_index": "87446e144ffffff", "total_count": 1, "source": "inaturalist"}, "geometry": {"type": "Polygon", "coordinates": [[[-94.04005257134332, 29.944538779706836], [-94.03041553537983, 29.954809562205593], [-94.03579505411601, 29.967505982266854], [-94.0508148579519, 29.969931849680602], [-94.06045271000085, 29.9596598160823], [-94.05506994267682, 29.946963166360014], [-94.04005257134332, 29.944538779706836]]]}}, {"type": "Feature", "properties": {"h3_index": "87446e148ffffff", "total_count": 5, "source": "inaturalist"}, "geometry": {"type": "Polygon", "coordinates": [[[-94.07235594510412, 30.020715359621992], [-94.0627132881447, 30.030984792830992], [-94.06810106605013, 30.0436798859154], [-94.08313475257245, 30.046105774260077], [-94.09277822228087, 30.035835092869196], [-94.08738719326877, 30.02313977150552], [-94.07235594510412, 30.020715359621992]]]}}, {"type": "Feature", "properties": {"h3_index": "87446e149ffffff", "total_count": 6, "source": "inaturalist"}, "geometry": {"type": "Polygon", "coordinates": [[[-94.09277822228087, 30.035835092869196], [-94.08313475257245, 30.046105774260077], [-94.08852622379541, 30.058800640954928], [-94.10356441612744, 30.061225053208382], [-94.1132086960083, 30.05095312405736], [-94.10781397393654, 30.038258030602975], [-94.09277822228087, 30.035835092869196]]]}}, {"type": "Feature", "properties": {"h3_index": "87446e14dffffff", "total_count": 3, "source": "inaturalist"}, "geometry": {"type": "Polygon", "coordinates": [[[-94.09702866602592, 30.01286716174985], [-94.08738719326877, 30.02313977150552], [-94.09277822228087, 30.035835092869196], [-94.10781397393654, 30.038258030602975], [-94.11745625596605, 30.027984172052328], [-94.1120619776192, 30.01528862475286], [-94.09702866602592, 30.01286716174985]]]}}, {"type": "Feature", "properties": {"h3_index": "87446e169ffffff", "total_count": 1, "source": "inaturalist"}, "geometry": {"type": "Polygon", "coordinates": [[[-94.12594671643842, 29.982039136476676], [-94.1163084279812, 29.992316843051267], [-94.12170226250761, 30.00501284039346], [-94.13673763208992, 30.007431354117625], [-94.14637672544406, 29.99715239710254], [-94.14097964487145, 29.984456176993774], [-94.12594671643842, 29.982039136476676]]]}}, {"type": "Feature", "properties": {"h3_index": "87446e16bffffff", "total_count": 4, "source": "inaturalist"}, "geometry": {"type": "Polygon", "coordinates": [[[-94.10127755583639, 29.989896854989183], [-94.09163807932107, 30.000171389518403], [-94.09702866602592, 30.01286716174985], [-94.1120619776192, 30.01528862475286], [-94.12170226250761, 30.00501284039346], [-94.1163084279812, 29.992316843051267], [-94.10127755583639, 29.989896854989183]]]}}, {"type": "Feature", "properties": {"h3_index": "87446e16cffffff", "total_count": 2, "source": "inaturalist"}, "geometry": {"type": "Polygon", "coordinates": [[[-94.10977067687428, 29.94394914413494], [-94.10013519071549, 29.954227517426773], [-94.10552489251758, 29.966924179983863], [-94.12055332582766, 29.96934269289584], [-94.13018961856336, 29.95906306770227], [-94.12479667196331, 29.946366181688585], [-94.10977067687428, 29.94394914413494]]]}}, {"type": "Feature", "properties": {"h3_index": "87446e171ffffff", "total_count": 6, "source": "inaturalist"}, "geometry": {"type": "Polygon", "coordinates": [[[-94.01966062251627, 29.929416076796976], [-94.01002440520122, 29.93968560777425], [-94.01540023694128, 29.95238223479553], [-94.03041553537983, 29.954809562205593], [-94.04005257134332, 29.944538779706836], [-94.03467349076712, 29.93184192150979], [-94.01966062251627, 29.929416076796976]]]}}, {"type": "Feature", "properties": {"h3_index": "87446e208ffffff", "total_count": 9, "source": "inaturalist"}, "geometry": {"type": "Polygon", "coordinates": [[[-94.15605752857377, 30.44789710643531], [-94.14638112871422, 30.458147808892754], [-94.151801084697, 30.470834209334456], [-94.16690071166582, 30.473270136435143], [-94.17657791876313, 30.463018203123035], [-94.17115469221426, 30.450331573753974], [-94.15605752857377, 30.44789710643531]]]}}, {"type": "Feature", "properties": {"h3_index": "87446e20affffff", "total_count": 7, "source": "inaturalist"}, "geometry": {"type": "Polygon", "coordinates": [[[-94.1312860315911, 30.45571035391813], [-94.12160842940061, 30.465957838066902], [-94.12702511301526, 30.47864400724339], [-94.14212267174803, 30.481082923725413], [-94.151801084697, 30.470834209334456], [-94.14638112871422, 30.458147808892754], [-94.1312860315911, 30.45571035391813]]]}}, {"type": "Feature", "properties": {"h3_index": "87446e20bffffff", "total_count": 26, "source": "inaturalist"}, "geometry": {"type": "Polygon", "coordinates": [[[-94.151801084697, 30.470834209334456], [-94.14212267174803, 30.481082923725413], [-94.14754307706302, 30.493768794859964], [-94.16264516798476, 30.496206181517344], [-94.17232438907803, 30.485956237294438], [-94.16690071166582, 30.473270136435143], [-94.151801084697, 30.470834209334456]]]}}, {"type": "Feature", "properties": {"h3_index": "87446e20dffffff", "total_count": 4, "source": "inaturalist"}, "geometry": {"type": "Polygon", "coordinates": [[[-94.1808298860354, 30.440077654900115], [-94.17115469221426, 30.450331573753974], [-94.17657791876313, 30.463018203123035], [-94.19167960845465, 30.465451140416402], [-94.20135560599154, 30.455195990097586], [-94.19592911068248, 30.442509134139396], [-94.1808298860354, 30.440077654900115]]]}}, {"type": "Feature", "properties": {"h3_index": "87446e219ffffff", "total_count": 5, "source": "inaturalist"}, "geometry": {"type": "Polygon", "coordinates": [[[-94.10651540430275, 30.46351739586449], [-94.09683660348973, 30.473761659797454], [-94.10225001293806, 30.48644759537123], [-94.1173454979243, 30.488889500803875], [-94.12702511301526, 30.47864400724339], [-94.12160842940061, 30.465957838066902], [-94.10651540430275, 30.46351739586449]]]}}, {"type": "Feature", "properties": {"h3_index": "87446e21cffffff", "total_count": 6, "source": "inaturalist"}, "geometry": {"type": "Polygon", "coordinates": [[[-94.09028068032396, 30.425457195180417], [-94.08060470747711, 30.435702217616424], [-94.0860139511972, 30.448388969339497], [-94.10110244122055, 30.450830933158986], [-94.11077923004233, 30.440584679662052], [-94.10536671342317, 30.427897693595757], [-94.09028068032396, 30.425457195180417]]]}}, {"type": "Feature", "properties": {"h3_index": "87446e221ffffff", "total_count": 6, "source": "inaturalist"}, "geometry": {"type": "Polygon", "coordinates": [[[-94.17306768278733, 30.35612366756549], [-94.16339932809869, 30.36638228678236], [-94.16881748580143, 30.379070766716083], [-94.18390726320337, 30.3815008533462], [-94.1935764215117, 30.37124099917952], [-94.18815499935818, 30.35855229352174], [-94.17306768278733, 30.35612366756549]]]}}, {"type": "Feature", "properties": {"h3_index": "87446e224ffffff", "total_count": 4, "source": "inaturalist"}, "geometry": {"type": "Polygon", "coordinates": [[[-94.15681872154137, 30.31805590944284], [-94.1471531816761, 30.328315262568047], [-94.15256717647252, 30.341004533125844], [-94.16764997489132, 30.343434677202087], [-94.17731632008234, 30.333174087685858], [-94.17189906208736, 30.32048459067371], [-94.15681872154137, 30.31805590944284]]]}}, {"type": "Feature", "properties": {"h3_index": "87446e225ffffff", "total_count": 35, "source": "inaturalist"}, "geometry": {"type": "Polygon", "coordinates": [[[-94.17731632008234, 30.333174087685858], [-94.16764997489132, 30.343434677202087], [-94.17306768278733, 30.35612366756549], [-94.18815499935818, 30.35855229352174], [-94.19782214726641, 30.348290468030818], [-94.19240117644618, 30.335601252747594], [-94.17731632008234, 30.333174087685858]]]}}, {"type": "Feature", "properties": {"h3_index": "87446e229ffffff", "total_count": 19, "source": "inaturalist"}, "geometry": {"type": "Polygon", "coordinates": [[[-94.20984902327291, 30.409305508116464], [-94.20017705193732, 30.41956462091089], [-94.20560309475874, 30.43225200080649], [-94.22070437489879, 30.434680491547727], [-94.23037714552466, 30.424420145658246], [-94.2249478372823, 30.41173254231164], [-94.20984902327291, 30.409305508116464]]]}}, {"type": "Feature", "properties": {"h3_index": "87446e22bffffff", "total_count": 9, "source": "inaturalist"}, "geometry": {"type": "Polygon", "coordinates": [[[-94.18508029170877, 30.417134599949097], [-94.1754071104443, 30.42739050079449], [-94.1808298860354, 30.440077654900115], [-94.19592911068248, 30.442509134139396], [-94.20560309475874, 30.43225200080649], [-94.20017705193732, 30.41956462091089], [-94.18508029170877, 30.417134599949097]]]}}, {"type": "Feature", "properties": {"h3_index": "87446e22cffffff", "total_count": 1, "source": "inaturalist"}, "geometry": {"type": "Polygon", "coordinates": [[[-94.1935764215117, 30.37124099917952], [-94.18390726320337, 30.3815008533462], [-94.18932913659658, 30.39418904559802], [-94.20442343303237, 30.396617608059856], [-94.21409339234695, 30.386356519359246], [-94.20866825478038, 30.37366810291986], [-94.1935764215117, 30.37124099917952]]]}}, {"type": "Feature", "properties": {"h3_index": "87446e22dffffff", "total_count": 12, "source": "inaturalist"}, "geometry": {"type": "Polygon", "coordinates": [[[-94.21409339234695, 30.386356519359246], [-94.20442343303237, 30.396617608059856], [-94.20984902327291, 30.409305508116464], [-94.2249478372823, 30.41173254231164], [-94.23461859498576, 30.401470219493586], [-94.2291897408529, 30.388782096786887], [-94.21409339234695, 30.386356519359246]]]}}, {"type": "Feature", "properties": {"h3_index": "87446e230ffffff", "total_count": 4, "source": "inaturalist"}, "geometry": {"type": "Polygon", "coordinates": [[[-94.08258987704333, 30.341520448498745], [-94.07292074898847, 30.351770180710048], [-94.07832494342782, 30.364458757867645], [-94.09340153505325, 30.366897836475864], [-94.10307147895692, 30.356646869713444], [-94.09766401594217, 30.343958059083302], [-94.08258987704333, 30.341520448498745]]]}}, {"type": "Feature", "properties": {"h3_index": "87446e236ffffff", "total_count": 1, "source": "inaturalist"}, "geometry": {"type": "Polygon", "coordinates": [[[-94.0621165161741, 30.32639224903138], [-94.05244820656358, 30.336640746280573], [-94.05784868827662, 30.349329594522118], [-94.07292074898847, 30.351770180710048], [-94.08258987704333, 30.341520448498745], [-94.07718612649673, 30.32883136525107], [-94.0621165161741, 30.32639224903138]]]}}, {"type": "Feature", "properties": {"h3_index": "87446e241ffffff", "total_count": 4, "source": "inaturalist"}, "geometry": {"type": "Polygon", "coordinates": [[[-94.28354091391768, 30.515650896300993], [-94.27386172775995, 30.525910968339687], [-94.27930357163937, 30.538596046916], [-94.29442786957013, 30.541021272519696], [-94.30410784630266, 30.530759971088923], [-94.29866273509634, 30.51807467363525], [-94.28354091391768, 30.515650896300993]]]}}, {"type": "Feature", "properties": {"h3_index": "87446e243ffffff", "total_count": 3, "source": "inaturalist"}, "geometry": {"type": "Polygon", "coordinates": [[[-94.2587419485204, 30.52348419218664], [-94.24906153868407, 30.533741044793423], [-94.25450011340958, 30.54642590215431], [-94.26962236769114, 30.548854128312602], [-94.27930357163937, 30.538596046916], [-94.27386172775995, 30.525910968339687], [-94.2587419485204, 30.52348419218664]]]}}, {"type": "Feature", "properties": {"h3_index": "87446e244ffffff", "total_count": 12, "source": "inaturalist"}, "geometry": {"type": "Polygon", "coordinates": [[[-94.26722093874547, 30.477593189460972], [-94.25754456196553, 30.487854017767443], [-94.26298222336092, 30.500539952182276], [-94.27809952819055, 30.50296527810588], [-94.28777669728127, 30.492703218973123], [-94.28233576979709, 30.480017064931868], [-94.26722093874547, 30.477593189460972]]]}}, {"type": "Feature", "properties": {"h3_index": "87446e246ffffff", "total_count": 12, "source": "inaturalist"}, "geometry": {"type": "Polygon", "coordinates": [[[-94.24243177496994, 30.485427147359573], [-94.23275417786628, 30.49568475936746], [-94.23818857135049, 30.50837047181735], [-94.25330383041415, 30.510798794413144], [-94.26298222336092, 30.500539952182276], [-94.25754456196553, 30.487854017767443], [-94.24243177496994, 30.485427147359573]]]}}, {"type": "Feature", "properties": {"h3_index": "87446e248ffffff", "total_count": 2, "source": "inaturalist"}, "geometry": {"type": "Polygon", "coordinates": [[[-94.29987344037146, 30.553706027376606], [-94.29019144494842, 30.563965337148325], [-94.29563747525462, 30.576649545638183], [-94.31076877011522, 30.579074662668894], [-94.32045155437199, 30.568814124937326], [-94.31500225550239, 30.55612969832352], [-94.29987344037146, 30.553706027376606]]]}}, {"type": "Feature", "properties": {"h3_index": "87446e249ffffff", "total_count": 95, "source": "inaturalist"}, "geometry": {"type": "Polygon", "coordinates": [[[-94.32045155437199, 30.568814124937326], [-94.31076877011522, 30.579074662668894], [-94.31621852993439, 30.591758539937697], [-94.331354342842, 30.594182096240292], [-94.34103791328745, 30.583920330964713], [-94.33558488520565, 30.57123623711912], [-94.32045155437199, 30.568814124937326]]]}}, {"type": "Feature", "properties": {"h3_index": "87446e24affffff", "total_count": 4, "source": "inaturalist"}, "geometry": {"type": "Polygon", "coordinates": [[[-94.27506466963199, 30.56153866349933], [-94.26538144716939, 30.571794750708634], [-94.2708242070806, 30.584478738736866], [-94.28595346041644, 30.58690686020608], [-94.29563747525462, 30.576649545638183], [-94.29019144494842, 30.563965337148325], [-94.27506466963199, 30.56153866349933]]]}}, {"type": "Feature", "properties": {"h3_index": "87446e24bffffff", "total_count": 1, "source": "inaturalist"}, "geometry": {"type": "Polygon", "coordinates": [[[-94.29563747525462, 30.576649545638183], [-94.28595346041644, 30.58690686020608], [-94.29139995013713, 30.599590518560458], [-94.30653372536263, 30.60201708144996], [-94.31621852993439, 30.591758539937697], [-94.31076877011522, 30.579074662668894], [-94.29563747525462, 30.576649545638183]]]}}, {"type": "Feature", "properties": {"h3_index": "87446e24cffffff", "total_count": 1, "source": "inaturalist"}, "geometry": {"type": "Polygon", "coordinates": [[[-94.30410784630266, 30.530759971088923], [-94.29442786957013, 30.541021272519696], [-94.29987344037146, 30.553706027376606], [-94.31500225550239, 30.55612969832352], [-94.32468302016962, 30.545867167916942], [-94.31923418233902, 30.53318219572792], [-94.30410784630266, 30.530759971088923]]]}}, {"type": "Feature", "properties": {"h3_index": "87446e24dffffff", "total_count": 32, "source": "inaturalist"}, "geometry": {"type": "Polygon", "coordinates": [[[-94.32468302016962, 30.545867167916942], [-94.31500225550239, 30.55612969832352], [-94.32045155437199, 30.568814124937326], [-94.33558488520565, 30.57123623711912], [-94.3452664351635, 30.560972478153644], [-94.33981386956596, 30.54828783575387], [-94.32468302016962, 30.545867167916942]]]}}, {"type": "Feature", "properties": {"h3_index": "87446e24effffff", "total_count": 2, "source": "inaturalist"}, "geometry": {"type": "Polygon", "coordinates": [[[-94.27930357163937, 30.538596046916], [-94.26962236769114, 30.548854128312602], [-94.27506466963199, 30.56153866349933], [-94.29019144494842, 30.563965337148325], [-94.29987344037146, 30.553706027376606], [-94.29442786957013, 30.541021272519696], [-94.27930357163937, 30.538596046916]]]}}, {"type": "Feature", "properties": {"h3_index": "87446e251ffffff", "total_count": 4, "source": "inaturalist"}, "geometry": {"type": "Polygon", "coordinates": [[[-94.21339575049416, 30.51619477636682], [-94.20371492097082, 30.526447179020657], [-94.20914649837087, 30.539132128936906], [-94.22426217712061, 30.541564901485664], [-94.23394380692179, 30.53131127023396], [-94.22850895825918, 30.518626095220206], [-94.21339575049416, 30.51619477636682]]]}}, {"type": "Feature", "properties": {"h3_index": "87446e252ffffff", "total_count": 18, "source": "inaturalist"}, "geometry": {"type": "Polygon", "coordinates": [[[-94.1680692961657, 30.508891750095536], [-94.15838806035636, 30.519139701684587], [-94.16381263921119, 30.531824734212183], [-94.1789217277924, 30.53426204431798], [-94.18860377003423, 30.524012864329013], [-94.18317591782417, 30.511327602823087], [-94.1680692961657, 30.508891750095536]]]}}, {"type": "Feature", "properties": {"h3_index": "87446e254ffffff", "total_count": 10, "source": "inaturalist"}, "geometry": {"type": "Polygon", "coordinates": [[[-94.19710655615779, 30.478137468662606], [-94.18742854443997, 30.488390632417538], [-94.19285594444354, 30.501076429179026], [-94.20796462673967, 30.50350928822001], [-94.21764344045683, 30.493254894434624], [-94.21221277044108, 30.480568871827664], [-94.19710655615779, 30.478137468662606]]]}}, {"type": "Feature", "properties": {"h3_index": "87446e255ffffff", "total_count": 4, "source": "inaturalist"}, "geometry": {"type": "Polygon", "coordinates": [[[-94.21764344045683, 30.493254894434624], [-94.20796462673967, 30.50350928822001], [-94.21339575049416, 30.51619477636682], [-94.22850895825918, 30.518626095220206], [-94.23818857135049, 30.50837047181735], [-94.23275417786628, 30.49568475936746], [-94.21764344045683, 30.493254894434624]]]}}, {"type": "Feature", "properties": {"h3_index": "87446e258ffffff", "total_count": 3, "source": "inaturalist"}, "geometry": {"type": "Polygon", "coordinates": [[[-94.22969748086908, 30.55424953529338], [-94.2200138336355, 30.564501170850612], [-94.22544959237716, 30.577185259684256], [-94.2405722714288, 30.57961793749465], [-94.25025671721366, 30.56936507477021], [-94.24481768596067, 30.55668076159136], [-94.22969748086908, 30.55424953529338]]]}}, {"type": "Feature", "properties": {"h3_index": "87446e25bffffff", "total_count": 3, "source": "inaturalist"}, "geometry": {"type": "Polygon", "coordinates": [[[-94.22544959237716, 30.577185259684256], [-94.21576392698829, 30.5874348960065], [-94.22120014063023, 30.600118436099923], [-94.23632529427279, 30.60255256519571], [-94.24601175911731, 30.592301702723958], [-94.2405722714288, 30.57961793749465], [-94.22544959237716, 30.577185259684256]]]}}, {"type": "Feature", "properties": {"h3_index": "87446e25cffffff", "total_count": 7, "source": "inaturalist"}, "geometry": {"type": "Polygon", "coordinates": [[[-94.23394380692179, 30.53131127023396], [-94.22426217712061, 30.541564901485664], [-94.22969748086908, 30.55424953529338], [-94.24481768596067, 30.55668076159136], [-94.25450011340958, 30.54642590215431], [-94.24906153868407, 30.533741044793423], [-94.23394380692179, 30.53131127023396]]]}}, {"type": "Feature", "properties": {"h3_index": "87446e25dffffff", "total_count": 8, "source": "inaturalist"}, "geometry": {"type": "Polygon", "coordinates": [[[-94.25450011340958, 30.54642590215431], [-94.24481768596067, 30.55668076159136], [-94.25025671721366, 30.56936507477021], [-94.26538144716939, 30.571794750708634], [-94.27506466963199, 30.56153866349933], [-94.26962236769114, 30.548854128312602], [-94.25450011340958, 30.54642590215431]]]}}, {"type": "Feature", "properties": {"h3_index": "87446e25effffff", "total_count": 1, "source": "inaturalist"}, "geometry": {"type": "Polygon", "coordinates": [[[-94.20914649837087, 30.539132128936906], [-94.19946365231962, 30.54938253691546], [-94.2048956832718, 30.562066944832637], [-94.2200138336355, 30.564501170850612], [-94.22969748086908, 30.55424953529338], [-94.22426217712061, 30.541564901485664], [-94.20914649837087, 30.539132128936906]]]}}, {"type": "Feature", "properties": {"h3_index": "87446e260ffffff", "total_count": 3, "source": "inaturalist"}, "geometry": {"type": "Polygon", "coordinates": [[[-94.29624359051928, 30.446800313477265], [-94.28657045339325, 30.457066336142955], [-94.29201092254404, 30.469753022255844], [-94.3071277921188, 30.472173902382476], [-94.3168017171245, 30.461906647271075], [-94.31135798524203, 30.44921974466756], [-94.29624359051928, 30.446800313477265]]]}}, {"type": "Feature", "properties": {"h3_index": "87446e261ffffff", "total_count": 14, "source": "inaturalist"}, "geometry": {"type": "Polygon", "coordinates": [[[-94.3168017171245, 30.461906647271075], [-94.3071277921188, 30.472173902382476], [-94.3125719838655, 30.484860273711316], [-94.3276933636176, 30.48727960506585], [-94.33736807386575, 30.477011117928136], [-94.33192061968667, 30.464324531650934], [-94.3168017171245, 30.461906647271075]]]}}, {"type": "Feature", "properties": {"h3_index": "87446e262ffffff", "total_count": 7, "source": "inaturalist"}, "geometry": {"type": "Polygon", "coordinates": [[[-94.27145809548776, 30.4546439113471], [-94.26178373415226, 30.464906722177947], [-94.26722093874547, 30.477593189460972], [-94.28233576979709, 30.480017064931868], [-94.29201092254404, 30.469753022255844], [-94.28657045339325, 30.457066336142955], [-94.27145809548776, 30.4546439113471]]]}}, {"type": "Feature", "properties": {"h3_index": "87446e263ffffff", "total_count": 3, "source": "inaturalist"}, "geometry": {"type": "Polygon", "coordinates": [[[-94.29201092254404, 30.469753022255844], [-94.28233576979709, 30.480017064931868], [-94.28777669728127, 30.492703218973123], [-94.30289604234132, 30.495125547814716], [-94.3125719838655, 30.484860273711316], [-94.3071277921188, 30.472173902382476], [-94.29201092254404, 30.469753022255844]]]}}, {"type": "Feature", "properties": {"h3_index": "87446e265ffffff", "total_count": 2, "source": "inaturalist"}, "geometry": {"type": "Polygon", "coordinates": [[[-94.3210298944526, 30.438950512104103], [-94.31135798524203, 30.44921974466756], [-94.3168017171245, 30.461906647271075], [-94.33192061968667, 30.464324531650934], [-94.34159331324389, 30.45405406604343], [-94.33614632045946, 30.44136694928889], [-94.3210298944526, 30.438950512104103]]]}}, {"type": "Feature", "properties": {"h3_index": "87446e266ffffff", "total_count": 3, "source": "inaturalist"}, "geometry": {"type": "Polygon", "coordinates": [[[-94.27569369440106, 30.4316921251697], [-94.26602134778791, 30.441956914970877], [-94.27145809548776, 30.4546439113471], [-94.28657045339325, 30.457066336142955], [-94.29624359051928, 30.446800313477265], [-94.29080357979211, 30.434113099069112], [-94.27569369440106, 30.4316921251697]]]}}, {"type": "Feature", "properties": {"h3_index": "87446e268ffffff", "total_count": 61, "source": "inaturalist"}, "geometry": {"type": "Polygon", "coordinates": [[[-94.33314127910273, 30.49996565708844], [-94.32346455143949, 30.51023216220088], [-94.32891292814186, 30.522917676193455], [-94.34404129673737, 30.525336899462385], [-94.35371880789755, 30.51506916375987], [-94.34826716753383, 30.50238343556716], [-94.33314127910273, 30.49996565708844]]]}}, {"type": "Feature", "properties": {"h3_index": "87446e269ffffff", "total_count": 20, "source": "inaturalist"}, "geometry": {"type": "Polygon", "coordinates": [[[-94.35371880789755, 30.51506916375987], [-94.34404129673737, 30.525336899462385], [-94.34949339976217, 30.53802208664514], [-94.364626277872, 30.540439750969], [-94.37430456988298, 30.530170785095947], [-94.36884920350295, 30.517485385258187], [-94.35371880789755, 30.51506916375987]]]}}, {"type": "Feature", "properties": {"h3_index": "87446e26affffff", "total_count": 2, "source": "inaturalist"}, "geometry": {"type": "Polygon", "coordinates": [[[-94.30834069386269, 30.507811384092975], [-94.29866273509634, 30.51807467363525], [-94.30410784630266, 30.530759971088923], [-94.31923418233902, 30.53318219572792], [-94.32891292814186, 30.522917676193455], [-94.32346455143949, 30.51023216220088], [-94.30834069386269, 30.507811384092975]]]}}, {"type": "Feature", "properties": {"h3_index": "87446e26bffffff", "total_count": 50, "source": "inaturalist"}, "geometry": {"type": "Polygon", "coordinates": [[[-94.32891292814186, 30.522917676193455], [-94.31923418233902, 30.53318219572792], [-94.32468302016962, 30.545867167916942], [-94.33981386956596, 30.54828783575387], [-94.34949339976217, 30.53802208664514], [-94.34404129673737, 30.525336899462385], [-94.32891292814186, 30.522917676193455]]]}}, {"type": "Feature", "properties": {"h3_index": "87446e26cffffff", "total_count": 13, "source": "inaturalist"}, "geometry": {"type": "Polygon", "coordinates": [[[-94.33736807386575, 30.477011117928136], [-94.3276933636176, 30.48727960506585], [-94.33314127910273, 30.49996565708844], [-94.34826716753383, 30.50238343556716], [-94.35794266038326, 30.49211371682311], [-94.35249148276871, 30.479427451395363], [-94.33736807386575, 30.477011117928136]]]}}, {"type": "Feature", "properties": {"h3_index": "87446e26dffffff", "total_count": 1, "source": "inaturalist"}, "geometry": {"type": "Polygon", "coordinates": [[[-94.35794266038326, 30.49211371682311], [-94.34826716753383, 30.50238343556716], [-94.35371880789755, 30.51506916375987], [-94.36884920350295, 30.517485385258187], [-94.37852547630852, 30.507214435328372], [-94.37307057412202, 30.494528495274643], [-94.35794266038326, 30.49211371682311]]]}}, {"type": "Feature", "properties": {"h3_index": "87446e26effffff", "total_count": 3, "source": "inaturalist"}, "geometry": {"type": "Polygon", "coordinates": [[[-94.3125719838655, 30.484860273711316], [-94.30289604234132, 30.495125547814716], [-94.30834069386269, 30.507811384092975], [-94.32346455143949, 30.51023216220088], [-94.33314127910273, 30.49996565708844], [-94.3276933636176, 30.48727960506585], [-94.3125719838655, 30.484860273711316]]]}}, {"type": "Feature", "properties": {"h3_index": "87446e271ffffff", "total_count": 5, "source": "inaturalist"}, "geometry": {"type": "Polygon", "coordinates": [[[-94.24667341859433, 30.462481304181274], [-94.23699783675637, 30.47274090124529], [-94.24243177496994, 30.485427147359573], [-94.25754456196553, 30.487854017767443], [-94.26722093874547, 30.477593189460972], [-94.26178373415226, 30.464906722177947], [-94.24667341859433, 30.462481304181274]]]}}, {"type": "Feature", "properties": {"h3_index": "87446e275ffffff", "total_count": 2, "source": "inaturalist"}, "geometry": {"type": "Polygon", "coordinates": [[[-94.25091350303732, 30.439532949607788], [-94.24123993574351, 30.44979452817626], [-94.24667341859433, 30.462481304181274], [-94.26178373415226, 30.464906722177947], [-94.27145809548776, 30.4546439113471], [-94.26602134778791, 30.441956914970877], [-94.25091350303732, 30.439532949607788]]]}}, {"type": "Feature", "properties": {"h3_index": "87446e276ffffff", "total_count": 5, "source": "inaturalist"}, "geometry": {"type": "Polygon", "coordinates": [[[-94.20560309475874, 30.43225200080649], [-94.19592911068248, 30.442509134139396], [-94.20135560599154, 30.455195990097586], [-94.2164593528895, 30.457625937162415], [-94.22613413715824, 30.447367571756438], [-94.22070437489879, 30.434680491547727], [-94.20560309475874, 30.43225200080649]]]}}, {"type": "Feature", "properties": {"h3_index": "87446e28dffffff", "total_count": 12, "source": "inaturalist"}, "geometry": {"type": "Polygon", "coordinates": [[[-94.00744177633047, 30.494683478948527], [-93.99775821813039, 30.504914843049143], [-94.0031585130091, 30.517599820844747], [-94.01824564796306, 30.520053677677858], [-94.02793003450589, 30.50982108643011], [-94.02252645830688, 30.49713586568563], [-94.00744177633047, 30.494683478948527]]]}}, {"type": "Feature", "properties": {"h3_index": "87446e2a1ffffff", "total_count": 4, "source": "inaturalist"}, "geometry": {"type": "Polygon", "coordinates": [[[-93.99981082681246, 30.4107827441353], [-93.99013412827233, 30.42101886584849], [-93.99552938461707, 30.433705700231766], [-94.0106046170297, 30.436156655183176], [-94.02028214375865, 30.42591930283673], [-94.01488361043953, 30.413232226361526], [-93.99981082681246, 30.4107827441353]]]}}, {"type": "Feature", "properties": {"h3_index": "87446e2ccffffff", "total_count": 2, "source": "inaturalist"}, "geometry": {"type": "Polygon", "coordinates": [[[-94.13049539265006, 30.585481816994132], [-94.12080690345783, 30.595720537932138], [-94.12622955399665, 30.60840370601864], [-94.14134397405563, 30.610848387047003], [-94.15103327593697, 30.600608441383912], [-94.14560734563156, 30.58792503960641], [-94.13049539265006, 30.585481816994132]]]}}, {"type": "Feature", "properties": {"h3_index": "87446e2e0ffffff", "total_count": 1, "source": "inaturalist"}, "geometry": {"type": "Polygon", "coordinates": [[[-94.1227626293397, 30.501575139876206], [-94.11308100062946, 30.511818639305663], [-94.11849857974917, 30.52450374450525], [-94.1336010635709, 30.526945583322263], [-94.143283504857, 30.516700855696772], [-94.13786265030531, 30.504015517639342], [-94.1227626293397, 30.501575139876206]]]}}, {"type": "Feature", "properties": {"h3_index": "87446e2e4ffffff", "total_count": 10, "source": "inaturalist"}, "geometry": {"type": "Polygon", "coordinates": [[[-94.12702511301526, 30.47864400724339], [-94.1173454979243, 30.488889500803875], [-94.1227626293397, 30.501575139876206], [-94.13786265030531, 30.504015517639342], [-94.14754307706302, 30.493768794859964], [-94.14212267174803, 30.481082923725413], [-94.12702511301526, 30.47864400724339]]]}}, {"type": "Feature", "properties": {"h3_index": "87446e2e5ffffff", "total_count": 42, "source": "inaturalist"}, "geometry": {"type": "Polygon", "coordinates": [[[-94.14754307706302, 30.493768794859964], [-94.13786265030531, 30.504015517639342], [-94.143283504857, 30.516700855696772], [-94.15838806035636, 30.519139701684587], [-94.1680692961657, 30.508891750095536], [-94.16264516798476, 30.496206181517344], [-94.14754307706302, 30.493768794859964]]]}}, {"type": "Feature", "properties": {"h3_index": "87446e2e6ffffff", "total_count": 26, "source": "inaturalist"}, "geometry": {"type": "Polygon", "coordinates": [[[-94.10225001293806, 30.48644759537123], [-94.09256919941578, 30.496689866197055], [-94.09798305513306, 30.509375270870063], [-94.11308100062946, 30.511818639305663], [-94.1227626293397, 30.501575139876206], [-94.1173454979243, 30.488889500803875], [-94.10225001293806, 30.48644759537123]]]}}, {"type": "Feature", "properties": {"h3_index": "87446e300ffffff", "total_count": 15, "source": "inaturalist"}, "geometry": {"type": "Polygon", "coordinates": [[[-94.14908334280958, 30.23407819133761], [-94.13942462965052, 30.24434219100957], [-94.14483357110056, 30.257033227990096], [-94.1599044851652, 30.259460491049172], [-94.16956400354627, 30.249195251487297], [-94.16415180319771, 30.236503988945735], [-94.14908334280958, 30.23407819133761]]]}}, {"type": "Feature", "properties": {"h3_index": "87446e301ffffff", "total_count": 201, "source": "inaturalist"}, "geometry": {"type": "Polygon", "coordinates": [[[-94.16956400354627, 30.249195251487297], [-94.1599044851652, 30.259460491049172], [-94.16531713426745, 30.27215126127321], [-94.18039256093499, 30.27457701615522], [-94.19005288193632, 30.264310537122185], [-94.18463697420795, 30.25161954286771], [-94.16956400354627, 30.249195251487297]]]}}, {"type": "Feature", "properties": {"h3_index": "87446e305ffffff", "total_count": 85, "source": "inaturalist"}, "geometry": {"type": "Polygon", "coordinates": [[[-94.17380931584911, 30.226236794375367], [-94.16415180319771, 30.236503988945735], [-94.16956400354627, 30.249195251487297], [-94.18463697420795, 30.25161954286771], [-94.19429528857938, 30.241351107798653], [-94.18887983112705, 30.228659622037338], [-94.17380931584911, 30.226236794375367]]]}}, {"type": "Feature", "properties": {"h3_index": "87446e30bffffff", "total_count": 8, "source": "inaturalist"}, "geometry": {"type": "Polygon", "coordinates": [[[-94.18156339849816, 30.310222034419844], [-94.17189906208736, 30.32048459067371], [-94.17731632008234, 30.333174087685858], [-94.19240117644618, 30.335601252747594], [-94.20206631467248, 30.32533745949375], [-94.19664579527893, 30.312647738367417], [-94.18156339849816, 30.310222034419844]]]}}, {"type": "Feature", "properties": {"h3_index": "87446e30cffffff", "total_count": 1, "source": "inaturalist"}, "geometry": {"type": "Polygon", "coordinates": [[[-94.19005288193632, 30.264310537122185], [-94.18039256093499, 30.27457701615522], [-94.18580891884595, 30.287267515114692], [-94.20088885666746, 30.289691757729365], [-94.21054997768333, 30.27942403964454], [-94.2051303614223, 30.266733318186184], [-94.19005288193632, 30.264310537122185]]]}}, {"type": "Feature", "properties": {"h3_index": "87446e30dffffff", "total_count": 2, "source": "inaturalist"}, "geometry": {"type": "Polygon", "coordinates": [[[-94.21054997768333, 30.27942403964454], [-94.20088885666746, 30.289691757729365], [-94.20630892454123, 30.302381980914678], [-94.22139337206151, 30.304804707170774], [-94.23105529048225, 30.294535750454095], [-94.22563196453807, 30.281845306302447], [-94.21054997768333, 30.27942403964454]]]}}, {"type": "Feature", "properties": {"h3_index": "87446e30effffff", "total_count": 2, "source": "inaturalist"}, "geometry": {"type": "Polygon", "coordinates": [[[-94.16531713426745, 30.27215126127321], [-94.15565560944106, 30.28241454225623], [-94.16106870720266, 30.29510481637593], [-94.17614659049826, 30.297532034541742], [-94.18580891884595, 30.287267515114692], [-94.18039256093499, 30.27457701615522], [-94.16531713426745, 30.27215126127321]]]}}, {"type": "Feature", "properties": {"h3_index": "87446e312ffffff", "total_count": 9, "source": "inaturalist"}, "geometry": {"type": "Polygon", "coordinates": [[[-94.05445416838654, 30.24243835081314], [-94.0447926941398, 30.252691515758443], [-94.05018814088938, 30.265382119673024], [-94.06524832695493, 30.26781979294419], [-94.07491061951083, 30.25756538953485], [-94.06951190824523, 30.24487455150801], [-94.05445416838654, 30.24243835081314]]]}}, {"type": "Feature", "properties": {"h3_index": "87446e315ffffff", "total_count": 1, "source": "inaturalist"}, "geometry": {"type": "Polygon", "coordinates": [[[-94.1038911101375, 30.226791857485964], [-94.09423201147544, 30.23705142063264], [-94.09963398547801, 30.249742490431583], [-94.11469831965175, 30.252174226704973], [-94.1243582296314, 30.241913423862723], [-94.11895299467477, 30.229222124632223], [-94.1038911101375, 30.226791857485964]]]}}, {"type": "Feature", "properties": {"h3_index": "87446e321ffffff", "total_count": 16, "source": "inaturalist"}, "geometry": {"type": "Polygon", "coordinates": [[[-94.20277543576138, 30.195424924606396], [-94.19312113250164, 30.205697261026717], [-94.19853613958473, 30.21838923450495], [-94.21360870427037, 30.220809091818037], [-94.2232638048492, 30.210535513265086], [-94.21784554398201, 30.197843319721148], [-94.20277543576138, 30.195424924606396]]]}}, {"type": "Feature", "properties": {"h3_index": "87446e326ffffff", "total_count": 3, "source": "inaturalist"}, "geometry": {"type": "Polygon", "coordinates": [[[-94.16182331615894, 30.165198450911195], [-94.15217061534213, 30.175468301799793], [-94.15757821452965, 30.188160795433426], [-94.1726417694265, 30.19058366148999], [-94.18229527276425, 30.18031256762465], [-94.17688441924078, 30.16761985086907], [-94.16182331615894, 30.165198450911195]]]}}, {"type": "Feature", "properties": {"h3_index": "87446e329ffffff", "total_count": 1, "source": "inaturalist"}, "geometry": {"type": "Polygon", "coordinates": [[[-94.23952690400678, 30.248610580560698], [-94.22986900172332, 30.258883449881697], [-94.2352918745313, 30.271574391497673], [-94.25037590492374, 30.273992681797946], [-94.2600346002045, 30.263718572216145], [-94.2546084726565, 30.251027412784158], [-94.23952690400678, 30.248610580560698]]]}}, {"type": "Feature", "properties": {"h3_index": "87446e32affffff", "total_count": 25, "source": "inaturalist"}, "geometry": {"type": "Polygon", "coordinates": [[[-94.19429528857938, 30.241351107798653], [-94.18463697420795, 30.25161954286771], [-94.19005288193632, 30.264310537122185], [-94.2051303614223, 30.266733318186184], [-94.214789474909, 30.256463643038792], [-94.20937031035346, 30.24377242709514], [-94.19429528857938, 30.241351107798653]]]}}, {"type": "Feature", "properties": {"h3_index": "87446e32bffffff", "total_count": 30, "source": "inaturalist"}, "geometry": {"type": "Polygon", "coordinates": [[[-94.214789474909, 30.256463643038792], [-94.2051303614223, 30.266733318186184], [-94.21054997768333, 30.27942403964454], [-94.22563196453807, 30.281845306302447], [-94.2352918745313, 30.271574391497673], [-94.22986900172332, 30.258883449881697], [-94.214789474909, 30.256463643038792]]]}}, {"type": "Feature", "properties": {"h3_index": "87446e32cffffff", "total_count": 1, "source": "inaturalist"}, "geometry": {"type": "Polygon", "coordinates": [[[-94.2232638048492, 30.210535513265086], [-94.21360870427037, 30.220809091818037], [-94.2190274170279, 30.233500798457477], [-94.23410448442684, 30.23591914526949], [-94.24376037971794, 30.22564432500687], [-94.23833841345761, 30.21295239983129], [-94.2232638048492, 30.210535513265086]]]}}, {"type": "Feature", "properties": {"h3_index": "87446e32effffff", "total_count": 12, "source": "inaturalist"}, "geometry": {"type": "Polygon", "coordinates": [[[-94.19853613958473, 30.21838923450495], [-94.18887983112705, 30.228659622037338], [-94.19429528857938, 30.241351107798653], [-94.20937031035346, 30.24377242709514], [-94.2190274170279, 30.233500798457477], [-94.21360870427037, 30.220809091818037], [-94.19853613958473, 30.21838923450495]]]}}, {"type": "Feature", "properties": {"h3_index": "87446e335ffffff", "total_count": 3, "source": "inaturalist"}, "geometry": {"type": "Polygon", "coordinates": [[[-94.13711156750823, 30.173043937498875], [-94.12745766930813, 30.18331059918966], [-94.1328620123698, 30.196002867359333], [-94.14792351031306, 30.19842869949178], [-94.15757821452965, 30.188160795433426], [-94.15217061534213, 30.175468301799793], [-94.13711156750823, 30.173043937498875]]]}}, {"type": "Feature", "properties": {"h3_index": "87446e336ffffff", "total_count": 3, "source": "inaturalist"}, "geometry": {"type": "Polygon", "coordinates": [[[-94.09194756675136, 30.1657619307254], [-94.08229328694904, 30.176024159109172], [-94.08769066935388, 30.188716449739623], [-94.10274559028878, 30.19114674150828], [-94.11240068219084, 30.180883270950257], [-94.10700004161193, 30.168190750987534], [-94.09194756675136, 30.1657619307254]]]}}, {"type": "Feature", "properties": {"h3_index": "87446e340ffffff", "total_count": 8, "source": "inaturalist"}, "geometry": {"type": "Polygon", "coordinates": [[[-94.29262052801016, 30.33986004656682], [-94.28295623307218, 30.35013271665358], [-94.28839115229121, 30.362821791615822], [-94.30349362392819, 30.365238411506812], [-94.31315870579292, 30.354964504473838], [-94.30772052965845, 30.342275214685095], [-94.29262052801016, 30.33986004656682]]]}}, {"type": "Feature", "properties": {"h3_index": "87446e341ffffff", "total_count": 5, "source": "inaturalist"}, "geometry": {"type": "Polygon", "coordinates": [[[-94.31315870579292, 30.354964504473838], [-94.30349362392819, 30.365238411506812], [-94.30893225884515, 30.377927188124136], [-94.32403923281008, 30.38034227118657], [-94.3337050989722, 30.370067127630243], [-94.32826320743762, 30.35737813772379], [-94.31315870579292, 30.354964504473838]]]}}, {"type": "Feature", "properties": {"h3_index": "87446e344ffffff", "total_count": 1, "source": "inaturalist"}, "geometry": {"type": "Polygon", "coordinates": [[[-94.2968483499583, 30.316895830168534], [-94.28718606613715, 30.327170461413935], [-94.29262052801016, 30.33986004656682], [-94.30772052965845, 30.342275214685095], [-94.31738359951183, 30.33199934547198], [-94.31194588224905, 30.319309546297365], [-94.2968483499583, 30.316895830168534]]]}}, {"type": "Feature", "properties": {"h3_index": "87446e345ffffff", "total_count": 1, "source": "inaturalist"}, "geometry": {"type": "Polygon", "coordinates": [[[-94.31738359951183, 30.33199934547198], [-94.30772052965845, 30.342275214685095], [-94.31315870579292, 30.354964504473838], [-94.32826320743762, 30.35737813772379], [-94.33792706069482, 30.347101030966844], [-94.33248562946896, 30.334411528692748], [-94.31738359951183, 30.33199934547198]]]}}, {"type": "Feature", "properties": {"h3_index": "87446e348ffffff", "total_count": 11, "source": "inaturalist"}, "geometry": {"type": "Polygon", "coordinates": [[[-94.32948158456487, 30.393030744940326], [-94.31981370477577, 30.40330392172902], [-94.32525651666211, 30.415991875546837], [-94.34037046674818, 30.41840686531708], [-94.35003912909474, 30.40813245344756], [-94.3445930593646, 30.39544428707748], [-94.32948158456487, 30.393030744940326]]]}}, {"type": "Feature", "properties": {"h3_index": "87446e349ffffff", "total_count": 5, "source": "inaturalist"}, "geometry": {"type": "Polygon", "coordinates": [[[-94.35003912909474, 30.40813245344756], [-94.34037046674818, 30.41840686531708], [-94.34581699804957, 30.431094508769863], [-94.3609354498046, 30.43350795155395], [-94.37060489207033, 30.423232305026666], [-94.36515510322975, 30.410544450561854], [-94.35003912909474, 30.40813245344756]]]}}, {"type": "Feature", "properties": {"h3_index": "87446e34affffff", "total_count": 4, "source": "inaturalist"}, "geometry": {"type": "Polygon", "coordinates": [[[-94.30470425785785, 30.400887389071745], [-94.29503514980627, 30.4111573610449], [-94.3004747020198, 30.423845099970112], [-94.31558662252363, 30.42626308200364], [-94.32525651666211, 30.415991875546837], [-94.31981370477577, 30.40330392172902], [-94.30470425785785, 30.400887389071745]]]}}, {"type": "Feature", "properties": {"h3_index": "87446e34bffffff", "total_count": 2, "source": "inaturalist"}, "geometry": {"type": "Polygon", "coordinates": [[[-94.32525651666211, 30.415991875546837], [-94.31558662252363, 30.42626308200364], [-94.3210298944526, 30.438950512104103], [-94.33614632045946, 30.44136694928889], [-94.34581699804957, 30.431094508769863], [-94.34037046674818, 30.41840686531708], [-94.32525651666211, 30.415991875546837]]]}}, {"type": "Feature", "properties": {"h3_index": "87446e34dffffff", "total_count": 5, "source": "inaturalist"}, "geometry": {"type": "Polygon", "coordinates": [[[-94.35425970719076, 30.385167907421295], [-94.3445930593646, 30.39544428707748], [-94.35003912909474, 30.40813245344756], [-94.36515510322975, 30.410544450561854], [-94.37482253008265, 30.400266835229875], [-94.36937320434156, 30.387578458648214], [-94.35425970719076, 30.385167907421295]]]}}, {"type": "Feature", "properties": {"h3_index": "87446e350ffffff", "total_count": 81, "source": "inaturalist"}, "geometry": {"type": "Polygon", "coordinates": [[[-94.22257745542382, 30.340451082993187], [-94.21291151799355, 30.350716112829087], [-94.2183362027933, 30.36340504187117], [-94.23343008642286, 30.3658291623107], [-94.24309682044158, 30.355562896311266], [-94.23766887480393, 30.342873746224985], [-94.22257745542382, 30.340451082993187]]]}}, {"type": "Feature", "properties": {"h3_index": "87446e351ffffff", "total_count": 14, "source": "inaturalist"}, "geometry": {"type": "Polygon", "coordinates": [[[-94.24309682044158, 30.355562896311266], [-94.23343008642286, 30.3658291623107], [-94.23885848635408, 30.37851780059791], [-94.25395688141883, 30.3809403925825], [-94.26362440940657, 30.370672890838613], [-94.25819274892325, 30.357984033043675], [-94.24309682044158, 30.355562896311266]]]}}, {"type": "Feature", "properties": {"h3_index": "87446e353ffffff", "total_count": 12, "source": "inaturalist"}, "geometry": {"type": "Polygon", "coordinates": [[[-94.2183362027933, 30.36340504187117], [-94.20866825478038, 30.37366810291986], [-94.21409339234695, 30.386356519359246], [-94.2291897408529, 30.388782096786887], [-94.23885848635408, 30.37851780059791], [-94.23343008642286, 30.3658291623107], [-94.2183362027933, 30.36340504187117]]]}}, {"type": "Feature", "properties": {"h3_index": "87446e356ffffff", "total_count": 2, "source": "inaturalist"}, "geometry": {"type": "Polygon", "coordinates": [[[-94.20206631467248, 30.32533745949375], [-94.19240117644618, 30.335601252747594], [-94.19782214726641, 30.348290468030818], [-94.21291151799355, 30.350716112829087], [-94.22257745542382, 30.340451082993187], [-94.21715322348354, 30.327761645130288], [-94.20206631467248, 30.32533745949375]]]}}, {"type": "Feature", "properties": {"h3_index": "87446e358ffffff", "total_count": 5, "source": "inaturalist"}, "geometry": {"type": "Polygon", "coordinates": [[[-94.25938899763112, 30.393628735599602], [-94.24971945726209, 30.403894266510765], [-94.25515202911205, 30.41658209096904], [-94.27025740368552, 30.41900460347712], [-94.27992773629803, 30.408737838262404], [-94.27449190265753, 30.39604979503215], [-94.25938899763112, 30.393628735599602]]]}}, {"type": "Feature", "properties": {"h3_index": "87446e35affffff", "total_count": 10, "source": "inaturalist"}, "geometry": {"type": "Polygon", "coordinates": [[[-94.23461859498576, 30.401470219493586], [-94.2249478372823, 30.41173254231164], [-94.23037714552466, 30.424420145658246], [-94.24548047564109, 30.42684564748749], [-94.25515202911205, 30.41658209096904], [-94.24971945726209, 30.403894266510765], [-94.23461859498576, 30.401470219493586]]]}}, {"type": "Feature", "properties": {"h3_index": "87446e35cffffff", "total_count": 1, "source": "inaturalist"}, "geometry": {"type": "Polygon", "coordinates": [[[-94.26362440940657, 30.370672890838613], [-94.25395688141883, 30.3809403925825], [-94.25938899763112, 30.393628735599602], [-94.27449190265753, 30.39604979503215], [-94.28416022199089, 30.38578105796349], [-94.27872484551595, 30.373092496976078], [-94.26362440940657, 30.370672890838613]]]}}, {"type": "Feature", "properties": {"h3_index": "87446e35dffffff", "total_count": 4, "source": "inaturalist"}, "geometry": {"type": "Polygon", "coordinates": [[[-94.28416022199089, 30.38578105796349], [-94.27449190265753, 30.39604979503215], [-94.27992773629803, 30.408737838262404], [-94.29503514980627, 30.4111573610449], [-94.30470425785785, 30.400887389071745], [-94.2992651642478, 30.388199129409553], [-94.28416022199089, 30.38578105796349]]]}}, {"type": "Feature", "properties": {"h3_index": "87446e35effffff", "total_count": 2, "source": "inaturalist"}, "geometry": {"type": "Polygon", "coordinates": [[[-94.23885848635408, 30.37851780059791], [-94.2291897408529, 30.388782096786887], [-94.23461859498576, 30.401470219493586], [-94.24971945726209, 30.403894266510765], [-94.25938899763112, 30.393628735599602], [-94.25395688141883, 30.3809403925825], [-94.23885848635408, 30.37851780059791]]]}}, {"type": "Feature", "properties": {"h3_index": "87446e361ffffff", "total_count": 6, "source": "inaturalist"}, "geometry": {"type": "Polygon", "coordinates": [[[-94.34636632932643, 30.301161429003923], [-94.33670649971414, 30.311442451450105], [-94.342147470543, 30.324132462304938], [-94.3572515232889, 30.326541660240917], [-94.36691213188983, 30.31625939863518], [-94.36146790932243, 30.303569178441986], [-94.34636632932643, 30.301161429003923]]]}}, {"type": "Feature", "properties": {"h3_index": "87446e368ffffff", "total_count": 1, "source": "inaturalist"}, "geometry": {"type": "Polygon", "coordinates": [[[-94.36269620777824, 30.339231372658876], [-94.35303358682457, 30.349511677185937], [-94.3584787331485, 30.36220087804042], [-94.37358975395075, 30.36460998316333], [-94.38325315214871, 30.35432844092314], [-94.37780475286755, 30.341639031462062], [-94.36269620777824, 30.339231372658876]]]}}, {"type": "Feature", "properties": {"h3_index": "87446e36bffffff", "total_count": 4, "source": "inaturalist"}, "geometry": {"type": "Polygon", "coordinates": [[[-94.3584787331485, 30.36220087804042], [-94.34881409911983, 30.37247922191671], [-94.35425970719076, 30.385167907421295], [-94.36937320434156, 30.387578458648214], [-94.37903861650531, 30.377298878077685], [-94.37358975395075, 30.36460998316333], [-94.3584787331485, 30.36220087804042]]]}}, {"type": "Feature", "properties": {"h3_index": "87446e36cffffff", "total_count": 4, "source": "inaturalist"}, "geometry": {"type": "Polygon", "coordinates": [[[-94.36691213188983, 30.31625939863518], [-94.3572515232889, 30.326541660240917], [-94.36269620777824, 30.339231372658876], [-94.37780475286755, 30.341639031462062], [-94.38746613782273, 30.331355531123858], [-94.38201820190162, 30.318665610903857], [-94.36691213188983, 30.31625939863518]]]}}, {"type": "Feature", "properties": {"h3_index": "87446e36dffffff", "total_count": 1, "source": "inaturalist"}, "geometry": {"type": "Polygon", "coordinates": [[[-94.38746613782273, 30.331355531123858], [-94.37780475286755, 30.341639031462062], [-94.38325315214871, 30.35432844092314], [-94.3983661880747, 30.356734556499674], [-94.4080283467458, 30.34644981785673], [-94.40257669634333, 30.333760202130843], [-94.38746613782273, 30.331355531123858]]]}}, {"type": "Feature", "properties": {"h3_index": "87446e371ffffff", "total_count": 3, "source": "inaturalist"}, "geometry": {"type": "Polygon", "coordinates": [[[-94.27632131238425, 30.301790493666807], [-94.26665981721986, 30.31206388652117], [-94.27209056597239, 30.3247537625216], [-94.28718606613715, 30.327170461413935], [-94.2968483499583, 30.316895830168534], [-94.29141434552122, 30.30420573861095], [-94.27632131238425, 30.301790493666807]]]}}, {"type": "Feature", "properties": {"h3_index": "87446e372ffffff", "total_count": 1, "source": "inaturalist"}, "geometry": {"type": "Polygon", "coordinates": [[[-94.23105529048225, 30.294535750454095], [-94.22139337206151, 30.304804707170774], [-94.22681715104986, 30.31749465007081], [-94.24190610680739, 30.31991585587619], [-94.25156882001939, 30.309645660948174], [-94.24614178324393, 30.296955498615315], [-94.23105529048225, 30.294535750454095]]]}}, {"type": "Feature", "properties": {"h3_index": "87446e3a9ffffff", "total_count": 2, "source": "inaturalist"}, "geometry": {"type": "Polygon", "coordinates": [[[-94.06638278013757, 30.303452428143927], [-94.05671647692583, 30.313702897672385], [-94.0621165161741, 30.32639224903138], [-94.07718612649673, 30.32883136525107], [-94.08685324724404, 30.318579659731416], [-94.08144994068773, 30.305890074172762], [-94.06638278013757, 30.303452428143927]]]}}, {"type": "Feature", "properties": {"h3_index": "87446ea08ffffff", "total_count": 4, "source": "inaturalist"}, "geometry": {"type": "Polygon", "coordinates": [[[-94.38846978635868, 30.071317163146837], [-94.37883003175638, 30.0816175490885], [-94.38426639380468, 30.094312437077424], [-94.39934574755934, 30.09670714052278], [-94.40898627228412, 30.08640550519556], [-94.40354667369634, 30.073710415997876], [-94.38846978635868, 30.071317163146837]]]}}, {"type": "Feature", "properties": {"h3_index": "87446ea23ffffff", "total_count": 1, "source": "inaturalist"}, "geometry": {"type": "Polygon", "coordinates": [[[-94.38057116747824, 29.98722993090341], [-94.37093819146155, 29.997534802870177], [-94.3763694752695, 30.01023133496555], [-94.39143696796485, 30.012623195549974], [-94.40107071407756, 30.002317070682693], [-94.39563619796195, 29.989620338321007], [-94.38057116747824, 29.98722993090341]]]}}, {"type": "Feature", "properties": {"h3_index": "87446ea31ffffff", "total_count": 3, "source": "inaturalist"}, "geometry": {"type": "Polygon", "coordinates": [[[-94.33538901216535, 29.980049786687257], [-94.32575558471413, 29.990350245251474], [-94.33117994129421, 30.003046823813857], [-94.34624096031514, 30.00544314813627], [-94.35587516397007, 29.995141436823115], [-94.35044757296143, 29.982444654126112], [-94.33538901216535, 29.980049786687257]]]}}, {"type": "Feature", "properties": {"h3_index": "87446ea36ffffff", "total_count": 2, "source": "inaturalist"}, "geometry": {"type": "Polygon", "coordinates": [[[-94.29444118848323, 29.949861264744587], [-94.28480932125716, 29.96015921650182], [-94.29022629501381, 29.97285627970443], [-94.30527837157798, 29.97525559851464], [-94.31491102021828, 29.964956393135946], [-94.30949081143912, 29.952259122758267], [-94.29444118848323, 29.949861264744587]]]}}, {"type": "Feature", "properties": {"h3_index": "87446ea4bffffff", "total_count": 1, "source": "inaturalist"}, "geometry": {"type": "Polygon", "coordinates": [[[-94.52807384676518, 30.19989975157422], [-94.5184267461355, 30.21020694668077], [-94.52388949817023, 30.222899368178673], [-94.53900258720407, 30.22528478607463], [-94.54865044037723, 30.21497634567259], [-94.54318445254526, 30.202283732858852], [-94.52807384676518, 30.19989975157422]]]}}, {"type": "Feature", "properties": {"h3_index": "87446ea52ffffff", "total_count": 1, "source": "inaturalist"}, "geometry": {"type": "Polygon", "coordinates": [[[-94.40058380312966, 30.13239561984798], [-94.39093926738937, 30.142693409160174], [-94.39638025407412, 30.155387077558064], [-94.41146901632598, 30.15778315814998], [-94.42111432132896, 30.14748412193577], [-94.41567009538335, 30.134790252220853], [-94.40058380312966, 30.13239561984798]]]}}, {"type": "Feature", "properties": {"h3_index": "87446ea80ffffff", "total_count": 3, "source": "inaturalist"}, "geometry": {"type": "Polygon", "coordinates": [[[-94.17878817999268, 30.073324934407605], [-94.16914348563898, 30.083602536800775], [-94.17454929382221, 30.096296919534943], [-94.18960304518026, 30.098713919916555], [-94.19924853846464, 30.088435070425316], [-94.19383948201622, 30.07574046784027], [-94.17878817999268, 30.073324934407605]]]}}, {"type": "Feature", "properties": {"h3_index": "87446ea82ffffff", "total_count": 7, "source": "inaturalist"}, "geometry": {"type": "Polygon", "coordinates": [[[-94.15409423205479, 30.081184045966125], [-94.14444833957437, 30.091458469369734], [-94.14985089770383, 30.10415262990952], [-94.1649025989225, 30.10657258942983], [-94.17454929382221, 30.096296919534943], [-94.16914348563898, 30.083602536800775], [-94.15409423205479, 30.081184045966125]]]}}, {"type": "Feature", "properties": {"h3_index": "87446ea83ffffff", "total_count": 1, "source": "inaturalist"}, "geometry": {"type": "Polygon", "coordinates": [[[-94.17454929382221, 30.096296919534943], [-94.1649025989225, 30.10657258942983], [-94.17030885499769, 30.11926650558379], [-94.18536505631023, 30.12168497270324], [-94.19501255103701, 30.1114080567412], [-94.18960304518026, 30.098713919916555], [-94.17454929382221, 30.096296919534943]]]}}, {"type": "Feature", "properties": {"h3_index": "87446ea84ffffff", "total_count": 2, "source": "inaturalist"}, "geometry": {"type": "Polygon", "coordinates": [[[-94.18302551431533, 30.050350557591056], [-94.17338281979505, 30.06063008889277], [-94.17878817999268, 30.073324934407605], [-94.19383948201622, 30.07574046784027], [-94.20348297457164, 30.065459688409163], [-94.1980743676242, 30.052764623864554], [-94.18302551431533, 30.050350557591056]]]}}, {"type": "Feature", "properties": {"h3_index": "87446ea85ffffff", "total_count": 1, "source": "inaturalist"}, "geometry": {"type": "Polygon", "coordinates": [[[-94.20348297457164, 30.065459688409163], [-94.19383948201622, 30.07574046784027], [-94.19924853846464, 30.088435070425316], [-94.2143043344983, 30.09084911127603], [-94.22394862249458, 30.08056708414225], [-94.21853631957323, 30.06787226405014], [-94.20348297457164, 30.065459688409163]]]}}, {"type": "Feature", "properties": {"h3_index": "87446ea86ffffff", "total_count": 12, "source": "inaturalist"}, "geometry": {"type": "Polygon", "coordinates": [[[-94.15833601322683, 30.05821306695491], [-94.14869212039514, 30.0684894218249], [-94.15409423205479, 30.081184045966125], [-94.16914348563898, 30.083602536800775], [-94.17878817999268, 30.073324934407605], [-94.17338281979505, 30.06063008889277], [-94.15833601322683, 30.05821306695491]]]}}, {"type": "Feature", "properties": {"h3_index": "87446ea89ffffff", "total_count": 9, "source": "inaturalist"}, "geometry": {"type": "Polygon", "coordinates": [[[-94.23596365061111, 30.141625087734152], [-94.22631456402257, 30.15190449455572], [-94.23173192083297, 30.164597650527675], [-94.24680161373458, 30.16701161596129], [-94.25645149234998, 30.156730964348558], [-94.25103088659623, 30.144037592282878], [-94.23596365061111, 30.141625087734152]]]}}, {"type": "Feature", "properties": {"h3_index": "87446ea8dffffff", "total_count": 4, "source": "inaturalist"}, "geometry": {"type": "Polygon", "coordinates": [[[-94.24019382932298, 30.11865011383255], [-94.23054674596673, 30.128931456242192], [-94.23596365061111, 30.141625087734152], [-94.25103088659623, 30.144037592282878], [-94.26067876108579, 30.1337550040541], [-94.25525860901604, 30.12106115728526], [-94.24019382932298, 30.11865011383255]]]}}, {"type": "Feature", "properties": {"h3_index": "87446ea8effffff", "total_count": 4, "source": "inaturalist"}, "geometry": {"type": "Polygon", "coordinates": [[[-94.19501255103701, 30.1114080567412], [-94.18536505631023, 30.12168497270324], [-94.19077501148239, 30.13437863996833], [-94.20583571144424, 30.136795610607024], [-94.21548400340194, 30.12651744900257], [-94.21007079872403, 30.11382356259146], [-94.19501255103701, 30.1114080567412]]]}}, {"type": "Feature", "properties": {"h3_index": "87446ea90ffffff", "total_count": 10, "source": "inaturalist"}, "geometry": {"type": "Polygon", "coordinates": [[[-94.10895958182846, 30.073919689017007], [-94.09931330338569, 30.084189685180203], [-94.10470891262008, 30.09688385954414], [-94.11975405295321, 30.099308263994953], [-94.12940113988792, 30.089037021527464], [-94.12400227855062, 30.076342621103326], [-94.10895958182846, 30.073919689017007]]]}}, {"type": "Feature", "properties": {"h3_index": "87446ea91ffffff", "total_count": 2, "source": "inaturalist"}, "geometry": {"type": "Polygon", "coordinates": [[[-94.12940113988792, 30.089037021527464], [-94.11975405295321, 30.099308263994953], [-94.12515335924421, 30.112002199997228], [-94.1402030048625, 30.114425118259323], [-94.14985089770383, 30.10415262990952], [-94.14444833957437, 30.091458469369734], [-94.12940113988792, 30.089037021527464]]]}}, {"type": "Feature", "properties": {"h3_index": "87446ea95ffffff", "total_count": 11, "source": "inaturalist"}, "geometry": {"type": "Polygon", "coordinates": [[[-94.13364736602345, 30.066069444614538], [-94.12400227855062, 30.076342621103326], [-94.12940113988792, 30.089037021527464], [-94.14444833957437, 30.091458469369734], [-94.15409423205479, 30.081184045966125], [-94.14869212039514, 30.0684894218249], [-94.13364736602345, 30.066069444614538]]]}}, {"type": "Feature", "properties": {"h3_index": "87446ea96ffffff", "total_count": 5, "source": "inaturalist"}, "geometry": {"type": "Polygon", "coordinates": [[[-94.08852622379541, 30.058800640954928], [-94.07888075642595, 30.06906939039246], [-94.08427266976321, 30.081763798619175], [-94.09931330338569, 30.084189685180203], [-94.10895958182846, 30.073919689017007], [-94.10356441612744, 30.061225053208382], [-94.08852622379541, 30.058800640954928]]]}}, {"type": "Feature", "properties": {"h3_index": "87446ea98ffffff", "total_count": 2, "source": "inaturalist"}, "geometry": {"type": "Polygon", "coordinates": [[[-94.14560600936728, 30.127118811399484], [-94.1359561154526, 30.137389361110753], [-94.14135956623798, 30.150082583054846], [-94.15641616458139, 30.152505479309237], [-94.16606686271236, 30.142233685169334], [-94.16066015883897, 30.129540239393364], [-94.14560600936728, 30.127118811399484]]]}}, {"type": "Feature", "properties": {"h3_index": "87446ea99ffffff", "total_count": 9, "source": "inaturalist"}, "geometry": {"type": "Polygon", "coordinates": [[[-94.16606686271236, 30.142233685169334], [-94.15641616458139, 30.152505479309237], [-94.16182331615894, 30.165198450911195], [-94.17688441924078, 30.16761985086907], [-94.18653591899393, 30.157346812722682], [-94.18112551459947, 30.144653618814516], [-94.16606686271236, 30.142233685169334]]]}}, {"type": "Feature", "properties": {"h3_index": "87446ea9affffff", "total_count": 1, "source": "inaturalist"}, "geometry": {"type": "Polygon", "coordinates": [[[-94.12090402328529, 30.134964972641885], [-94.11125293529152, 30.145232336314074], [-94.11665313120353, 30.15792533208391], [-94.13170767053714, 30.160351190545526], [-94.14135956623798, 30.150082583054846], [-94.1359561154526, 30.137389361110753], [-94.12090402328529, 30.134964972641885]]]}}, {"type": "Feature", "properties": {"h3_index": "87446ea9cffffff", "total_count": 5, "source": "inaturalist"}, "geometry": {"type": "Polygon", "coordinates": [[[-94.14985089770383, 30.10415262990952], [-94.1402030048625, 30.114425118259323], [-94.14560600936728, 30.127118811399484], [-94.16066015883897, 30.129540239393364], [-94.17030885499769, 30.11926650558379], [-94.1649025989225, 30.10657258942983], [-94.14985089770383, 30.10415262990952]]]}}, {"type": "Feature", "properties": {"h3_index": "87446ea9dffffff", "total_count": 1, "source": "inaturalist"}, "geometry": {"type": "Polygon", "coordinates": [[[-94.17030885499769, 30.11926650558379], [-94.16066015883897, 30.129540239393364], [-94.16606686271236, 30.142233685169334], [-94.18112551459947, 30.144653618814516], [-94.19077501148239, 30.13437863996833], [-94.18536505631023, 30.12168497270324], [-94.17030885499769, 30.11926650558379]]]}}, {"type": "Feature", "properties": {"h3_index": "87446eab0ffffff", "total_count": 6, "source": "inaturalist"}, "geometry": {"type": "Polygon", "coordinates": [[[-94.14213515799575, 30.02012712500909], [-94.13249406731289, 30.030404158774367], [-94.1378920384574, 30.043099476644816], [-94.15293434813128, 30.045517983012136], [-94.16257624202609, 30.035239700265898], [-94.15717502358874, 30.022544160323196], [-94.14213515799575, 30.02012712500909]]]}}, {"type": "Feature", "properties": {"h3_index": "87446eab3ffffff", "total_count": 4, "source": "inaturalist"}, "geometry": {"type": "Polygon", "coordinates": [[[-94.1378920384574, 30.043099476644816], [-94.12824894973507, 30.053374583567102], [-94.13364736602345, 30.066069444614538], [-94.14869212039514, 30.0684894218249], [-94.15833601322683, 30.05821306695491], [-94.15293434813128, 30.045517983012136], [-94.1378920384574, 30.043099476644816]]]}}, {"type": "Feature", "properties": {"h3_index": "87446eab4ffffff", "total_count": 8, "source": "inaturalist"}, "geometry": {"type": "Polygon", "coordinates": [[[-94.14637672544406, 29.99715239710254], [-94.13673763208992, 30.007431354117625], [-94.14213515799575, 30.02012712500909], [-94.15717502358874, 30.022544160323196], [-94.16681491925817, 30.012263953293502], [-94.16141414757286, 29.999567961154234], [-94.14637672544406, 29.99715239710254]]]}}, {"type": "Feature", "properties": {"h3_index": "87446eacbffffff", "total_count": 4, "source": "inaturalist"}, "geometry": {"type": "Polygon", "coordinates": [[[-94.35479939693525, 30.25521199794489], [-94.34514358808347, 30.265496921779327], [-94.3505836378543, 30.278187938427752], [-94.3656827457342, 30.280594239154038], [-94.37533933179503, 30.270308074118116], [-94.36989603333278, 30.257616849746455], [-94.35479939693525, 30.25521199794489]]]}}, {"type": "Feature", "properties": {"h3_index": "87446eadcffffff", "total_count": 1, "source": "inaturalist"}, "geometry": {"type": "Polygon", "coordinates": [[[-94.29322877111765, 30.209912891998886], [-94.28357530964838, 30.22019408966016], [-94.28900423385359, 30.232885956620155], [-94.30408986968388, 30.235296838428667], [-94.31374411623595, 30.22501439828217], [-94.30831194243757, 30.21232231900164], [-94.29322877111765, 30.209912891998886]]]}}, {"type": "Feature", "properties": {"h3_index": "87446eaf0ffffff", "total_count": 3, "source": "inaturalist"}, "geometry": {"type": "Polygon", "coordinates": [[[-94.28539468912976, 30.12587877501316], [-94.27574803041567, 30.136164542688814], [-94.28117188330762, 30.14885812850474], [-94.29624564080399, 30.151266158240873], [-94.30589308454269, 30.140979144575304], [-94.30046598632153, 30.128285347352932], [-94.28539468912976, 30.12587877501316]]]}}, {"type": "Feature", "properties": {"h3_index": "87446eb43ffffff", "total_count": 1, "source": "inaturalist"}, "geometry": {"type": "Polygon", "coordinates": [[[-94.52041177486556, 29.985673131001832], [-94.51078223643898, 29.995993135603356], [-94.51623382493896, 30.00868992776304], [-94.53131817677291, 30.01106690334107], [-94.54094846603408, 30.00074564439816], [-94.53549365319546, 29.98804866440782], [-94.52041177486556, 29.985673131001832]]]}}, {"type": "Feature", "properties": {"h3_index": "87446eb53ffffff", "total_count": 4, "source": "inaturalist"}, "geometry": {"type": "Polygon", "coordinates": [[[-94.4504754757137, 29.986470183818998], [-94.44084420285724, 29.99678262517422], [-94.44628564275294, 30.009479297298835], [-94.46136158441182, 30.011863722307115], [-94.4709936177437, 30.001550027323027], [-94.46554894950718, 29.988853161148896], [-94.4504754757137, 29.986470183818998]]]}}, {"type": "Feature", "properties": {"h3_index": "87446eb68ffffff", "total_count": 2, "source": "inaturalist"}, "geometry": {"type": "Polygon", "coordinates": [[[-94.59454439100965, 29.96181192093065], [-94.58491862238422, 29.97214137479805], [-94.59037987835923, 29.9848387234049], [-94.6054701223213, 29.987206799118717], [-94.61509663125297, 29.976876089192825], [-94.60963215648775, 29.964178559800708], [-94.59454439100965, 29.96181192093065]]]}}, {"type": "Feature", "properties": {"h3_index": "87446eb80ffffff", "total_count": 1, "source": "inaturalist"}, "geometry": {"type": "Polygon", "coordinates": [[[-94.20841697653044, 29.912454485570805], [-94.19878626606261, 29.92274551478944], [-94.20418893639302, 29.935443057102074], [-94.21922555542244, 29.937849784460887], [-94.22885705856875, 29.92755750091706], [-94.22345115056203, 29.914859744529615], [-94.20841697653044, 29.912454485570805]]]}}, {"type": "Feature", "properties": {"h3_index": "87446eba8ffffff", "total_count": 2, "source": "inaturalist"}, "geometry": {"type": "Polygon", "coordinates": [[[-94.27819577265244, 29.911768069152373], [-94.26856668624839, 29.92206667004731], [-94.27397951730596, 29.934764410086075], [-94.28902466912955, 29.93716375728471], [-94.29865453866083, 29.926863901301573], [-94.29323847379904, 29.914165953397866], [-94.27819577265244, 29.911768069152373]]]}}, {"type": "Feature", "properties": {"h3_index": "87446ebaeffffff", "total_count": 1, "source": "inaturalist"}, "geometry": {"type": "Polygon", "coordinates": [[[-94.25774516381271, 29.896670524243753], [-94.24811686313045, 29.906967869614807], [-94.25352600702357, 29.919665837730726], [-94.26856668624839, 29.92206667004731], [-94.27819577265244, 29.911768069152373], [-94.27278339466659, 29.899069891654676], [-94.25774516381271, 29.896670524243753]]]}}]}
